除權息日期,代號,名稱,除權息前收盤價,除權息參考價,權值,息值,權值+息值,權/息,漲停價,跌停價,開始交易基準價,減除股利參考價,現金股利,每仟股無償配股,現金增資股數,現金增資認購價,公開承銷股數,員工認購股數,原股東認購股數,按持股比例仟股認購
113/06/04,6788,華景電             ,146.50,140.50,0.000000,6.000000,6.000000,除息,154.50,126.50,140.50,140.50,6.00000000,0.00000000,0,0.00,0,0,0,0.00000000
113/06/05,1259,安心              ,73.60,71.80,0.000000,1.800000,1.800000,除息,78.90,64.70,71.80,71.80,1.80000000,0.00000000,0,0.00,0,0,0,0.00000000
113/06/05,5878,台名              ,49.90,47.40,0.000000,2.500000,2.500000,除息,52.10,42.70,47.40,47.40,2.50000000,0.00000000,0,0.00,0,0,0,0.00000000
113/06/05,6185,幃翔              ,16.30,15.78,0.000000,0.520000,0.520000,除息,17.35,14.25,15.80,15.78,0.52000000,0.00000000,0,0.00,0,0,0,0.00000000
113/06/05,6785,昱展新藥            ,273.50,272.00,0.000000,1.500000,1.500000,除息,299.00,245.00,272.00,272.00,1.50000000,0.00000000,0,0.00,0,0,0,0.00000000
113/06/05,6894,衛司特             ,229.50,223.00,0.000000,6.500000,6.500000,除息,245.00,201.00,223.00,223.00,6.50000000,0.00000000,0,0.00,0,0,0,0.00000000
113/06/06,5523,豐謙              ,31.45,29.95,0.000000,1.500000,1.500000,除息,32.90,27.00,29.95,29.95,1.50000000,0.00000000,0,0.00,0,0,0,0.00000000
113/06/06,5609,中菲行             ,101.00,95.00,0.000000,6.000000,6.000000,除息,104.50,85.50,95.00,95.00,6.00000000,0.00000000,0,0.00,0,0,0,0.00000000
113/06/06,6690,安碁資訊            ,178.50,173.30,0.000000,5.201176,5.201176,除息,190.50,156.00,173.50,173.30,5.20117566,0.00000000,0,0.00,0,0,0,0.00000000
113/06/06,8924,大田              ,92.60,88.30,0.000000,4.300000,4.300000,除息,97.10,79.50,88.30,88.30,4.30000000,0.00000000,0,0.00,0,0,0,0.00000000
113/06/07,4995,晶達              ,61.50,58.30,0.000000,3.199696,3.199696,除息,64.10,52.50,58.30,58.30,3.19969628,0.00000000,0,0.00,0,0,0,0.00000000
113/06/07,6143,振曜              ,137.00,133.00,0.000000,4.000000,4.000000,除息,146.00,120.00,133.00,133.00,4.00000000,0.00000000,0,0.00,0,0,0,0.00000000
113/06/07,6841,長佳智能            ,92.00,91.00,0.000000,1.000000,1.000000,除息,100.00,81.90,91.00,91.00,1.00000000,0.00000000,0,0.00,0,0,0,0.00000000
113/06/11,4760,勤凱              ,143.50,140.80,0.000000,2.700000,2.700000,除息,154.50,127.00,141.00,140.80,2.70000000,0.00000000,0,0.00,0,0,0,0.00000000
113/06/11,4939,亞電              ,22.55,22.05,0.000000,0.500000,0.500000,除息,24.25,19.85,22.05,22.05,0.50000000,0.00000000,0,0.00,0,0,0,0.00000000
113/06/11,5309,系統電             ,34.95,34.25,0.000000,0.699989,0.699989,除息,37.65,30.85,34.25,34.25,0.69998896,0.00000000,0,0.00,0,0,0,0.00000000
113/06/12,4121,優盛              ,22.95,22.45,0.000000,0.500000,0.500000,除息,24.65,20.25,22.45,22.45,0.50000000,0.00000000,0,0.00,0,0,0,0.00000000
113/06/12,8424,惠普              ,73.80,69.80,0.000000,4.000000,4.000000,除息,76.70,62.90,69.80,69.80,4.00000000,0.00000000,0,0.00,0,0,0,0.00000000
113/06/13,4535,至興              ,34.50,32.90,0.000000,1.600000,1.600000,除息,36.15,29.65,32.90,32.90,1.60000000,0.00000000,0,0.00,0,0,0,0.00000000
113/06/13,4729,熒茂              ,17.55,17.05,0.000000,0.500000,0.500000,除息,18.75,15.35,17.05,17.05,0.50000000,0.00000000,0,0.00,0,0,0,0.00000000
113/06/13,6123,上奇              ,71.70,68.80,0.000000,2.900000,2.900000,除息,75.60,62.00,68.80,68.80,2.90000000,0.00000000,0,0.00,0,0,0,0.00000000
113/06/13,6146,耕興              ,241.00,230.50,0.000000,10.500000,10.500000,除息,253.50,207.50,230.50,230.50,10.50000000,0.00000000,0,0.00,0,0,0,0.00000000
113/06/13,6546,正基              ,162.00,158.50,0.000000,3.500000,3.500000,除息,174.00,143.00,158.50,158.50,3.50000000,0.00000000,0,0.00,0,0,0,0.00000000
113/06/14,1788,杏昌              ,146.50,139.50,0.000000,7.000000,7.000000,除息,153.00,126.00,139.50,139.50,7.00000000,0.00000000,0,0.00,0,0,0,0.00000000
113/06/14,6425,易發              ,74.10,73.60,0.000000,0.500000,0.500000,除息,80.90,66.30,73.60,73.60,0.50000000,0.00000000,0,0.00,0,0,0,0.00000000
113/06/17,1584,精剛              ,35.00,33.50,0.000000,1.500000,1.500000,除息,36.85,30.15,33.50,33.50,1.50000000,0.00000000,0,0.00,0,0,0,0.00000000
113/06/17,1593,祺驊              ,42.55,40.95,0.000000,1.600000,1.600000,除息,45.00,36.90,40.95,40.95,1.60000000,0.00000000,0,0.00,0,0,0,0.00000000
113/06/17,4945,陞達科技            ,99.60,97.60,0.000000,2.000000,2.000000,除息,107.00,87.90,97.60,97.60,2.00000000,0.00000000,0,0.00,0,0,0,0.00000000
113/06/17,5403,中菲              ,125.00,119.00,0.000000,6.000787,6.000787,除息,130.50,107.50,119.00,119.00,6.00078664,0.00000000,0,0.00,0,0,0,0.00000000
113/06/17,5902,德記              ,35.60,34.10,0.000000,1.500000,1.500000,除息,37.50,30.70,34.10,34.10,1.50000000,0.00000000,0,0.00,0,0,0,0.00000000
113/06/17,6291,沛亨              ,161.50,153.50,0.000000,8.000000,8.000000,除息,168.50,138.50,153.50,153.50,8.00000000,0.00000000,0,0.00,0,0,0,0.00000000
113/06/17,6538,倉和              ,183.50,176.49,0.000000,7.005508,7.005508,除息,194.00,159.00,176.50,176.49,7.00550790,0.00000000,0,0.00,0,0,0,0.00000000
113/06/17,8432,東生華             ,63.50,62.22,0.000000,1.280000,1.280000,除息,68.40,56.00,62.20,62.22,1.28000000,0.00000000,0,0.00,0,0,0,0.00000000
113/06/18,00942B,台新美A公司債20+      ,15.81,15.71,0.000000,0.100000,0.100000,除息,9999.95,0.01,15.71,15.71,0.10000000,0.00000000,0,0.00,0,0,0,0.00000000
113/06/18,3118,進階              ,36.10,34.40,0.000000,1.700000,1.700000,除息,37.80,31.00,34.40,34.40,1.70000000,0.00000000,0,0.00,0,0,0,0.00000000
113/06/18,4527,方土霖             ,46.95,44.55,0.000000,2.400000,2.400000,除息,49.00,40.10,44.55,44.55,2.40000000,0.00000000,0,0.00,0,0,0,0.00000000
113/06/18,4974,亞泰              ,73.60,69.40,0.000000,4.200000,4.200000,除息,76.30,62.50,69.40,69.40,4.20000000,0.00000000,0,0.00,0,0,0,0.00000000
113/06/18,6125,廣運              ,110.50,109.71,0.791472,0.000000,0.791472,除權,121.50,98.80,110.50,110.50,0.00000000,0.00000000,10000000,90.00,1000000,1000000,8000000,32.12707543
113/06/18,6154,順發              ,17.10,16.38,0.000000,0.720000,0.720000,除息,18.00,14.75,16.40,16.38,0.72000000,0.00000000,0,0.00,0,0,0,0.00000000
113/06/18,6494,九齊              ,72.00,70.38,0.000000,1.620000,1.620000,除息,77.40,63.40,70.40,70.38,1.62000000,0.00000000,0,0.00,0,0,0,0.00000000
113/06/18,6530,創威              ,48.70,47.50,0.000000,1.200000,1.200000,除息,52.20,42.75,47.50,47.50,1.20000000,0.00000000,0,0.00,0,0,0,0.00000000
113/06/18,6568,宏觀              ,147.00,145.18,0.000000,1.817287,1.817287,除息,159.50,131.00,145.00,145.18,1.81728749,0.00000000,0,0.00,0,0,0,0.00000000
113/06/18,8416,實威              ,185.00,177.00,0.000000,8.000000,8.000000,除息,194.50,159.50,177.00,177.00,8.00000000,0.00000000,0,0.00,0,0,0,0.00000000
113/06/19,4153,鈺緯              ,43.10,41.85,0.000000,1.250000,1.250000,除息,46.00,37.70,41.85,41.85,1.25000000,0.00000000,0,0.00,0,0,0,0.00000000
113/06/19,4433,興采              ,29.70,28.70,0.000000,1.000000,1.000000,除息,31.55,25.85,28.70,28.70,1.00000000,0.00000000,0,0.00,0,0,0,0.00000000
113/06/19,8066,來思達             ,30.05,29.05,0.000000,1.000000,1.000000,除息,31.95,26.15,29.05,29.05,1.00000000,0.00000000,0,0.00,0,0,0,0.00000000
113/06/20,00687B,國泰20年美債         ,31.90,31.56,0.000000,0.340000,0.340000,除息,9999.95,0.01,31.56,31.56,0.34000000,0.00000000,0,0.00,0,0,0,0.00000000
113/06/20,00697B,元大美債7-10        ,36.38,36.10,0.000000,0.280000,0.280000,除息,9999.95,0.01,36.10,36.10,0.28000000,0.00000000,0,0.00,0,0,0,0.00000000
113/06/20,00751B,元大AAA至A公司債      ,35.32,34.85,0.000000,0.470000,0.470000,除息,9999.95,0.01,34.85,34.85,0.47000000,0.00000000,0,0.00,0,0,0,0.00000000
113/06/20,00772B,中信高評級公司債        ,36.27,36.13,0.000000,0.137000,0.137000,除息,9999.95,0.01,36.13,36.13,0.13700000,0.00000000,0,0.00,0,0,0,0.00000000
113/06/20,00773B,中信優先金融債         ,37.56,37.42,0.000000,0.139000,0.139000,除息,9999.95,0.01,37.42,37.42,0.13900000,0.00000000,0,0.00,0,0,0,0.00000000
113/06/20,00777B,凱基AAA至A公司債      ,35.94,35.55,0.000000,0.395000,0.395000,除息,9999.95,0.01,35.55,35.55,0.39500000,0.00000000,0,0.00,0,0,0,0.00000000
113/06/20,00778B,凱基金融債20+        ,37.26,36.85,0.000000,0.415000,0.415000,除息,9999.95,0.01,36.85,36.85,0.41500000,0.00000000,0,0.00,0,0,0,0.00000000
113/06/20,00779B,凱基美債25+         ,32.09,31.81,0.000000,0.285000,0.285000,除息,9999.95,0.01,31.81,31.81,0.28500000,0.00000000,0,0.00,0,0,0,0.00000000
113/06/20,00781B,國泰A級科技債         ,33.34,32.92,0.000000,0.420000,0.420000,除息,9999.95,0.01,32.92,32.92,0.42000000,0.00000000,0,0.00,0,0,0,0.00000000
113/06/20,00787B,元大10年IG醫療債      ,35.59,35.04,0.000000,0.550000,0.550000,除息,9999.95,0.01,35.04,35.04,0.55000000,0.00000000,0,0.00,0,0,0,0.00000000
113/06/20,00862B,中信投資級公司債        ,33.94,33.51,0.000000,0.428000,0.428000,除息,9999.95,0.01,33.51,33.51,0.42800000,0.00000000,0,0.00,0,0,0,0.00000000
113/06/20,00863B,中信全球電信債         ,34.80,34.40,0.000000,0.400000,0.400000,除息,9999.95,0.01,34.40,34.40,0.40000000,0.00000000,0,0.00,0,0,0,0.00000000
113/06/20,00883B,中信ESG投資級債       ,33.15,32.77,0.000000,0.383000,0.383000,除息,9999.95,0.01,32.77,32.77,0.38300000,0.00000000,0,0.00,0,0,0,0.00000000
113/06/20,00933B,國泰10Y+金融債       ,17.05,16.98,0.000000,0.072000,0.072000,除息,9999.95,0.01,16.98,16.98,0.07200000,0.00000000,0,0.00,0,0,0,0.00000000
113/06/20,3680,家登              ,420.00,416.50,0.000000,3.500000,3.500000,除息,458.00,375.00,416.50,416.50,3.50000000,0.00000000,0,0.00,0,0,0,0.00000000
113/06/20,4413,飛寶企業            ,18.50,18.10,0.000000,0.400000,0.400000,除息,19.90,16.30,18.10,18.10,0.40000000,0.00000000,0,0.00,0,0,0,0.00000000
113/06/20,5443,均豪              ,64.00,62.80,0.000000,1.200000,1.200000,除息,69.00,56.60,62.80,62.80,1.20000000,0.00000000,0,0.00,0,0,0,0.00000000
113/06/20,6242,立康              ,52.00,49.50,0.000000,2.500000,2.500000,除息,54.40,44.55,49.50,49.50,2.50000000,0.00000000,0,0.00,0,0,0,0.00000000
113/06/20,6266,泰詠              ,35.80,32.73,1.603594,1.470000,3.073594,除權息,36.00,29.50,32.75,32.73,1.47000000,49.00000396,0,0.00,0,0,0,0.00000000
113/06/20,6292,迅德              ,80.90,76.70,0.000000,4.200000,4.200000,除息,84.30,69.10,76.70,76.70,4.20000000,0.00000000,0,0.00,0,0,0,0.00000000
113/06/20,6804,明係              ,48.60,46.00,0.000000,2.600000,2.600000,除息,50.60,41.40,46.00,46.00,2.60000000,0.00000000,0,0.00,0,0,0,0.00000000
113/06/21,00853B,統一美債10年Aa-A     ,29.95,29.62,0.000000,0.330000,0.330000,除息,9999.95,0.01,29.62,29.62,0.33000000,0.00000000,0,0.00,0,0,0,0.00000000
113/06/21,4747,強生              ,73.80,72.30,0.000000,1.498397,1.498397,除息,79.50,65.10,72.30,72.30,1.49839697,0.00000000,0,0.00,0,0,0,0.00000000
113/06/21,5904,寶雅              ,526.00,500.00,4.999997,21.000000,25.999997,除權息,550.00,450.00,500.00,500.00,21.00000000,9.99999314,0,0.00,0,0,0,0.00000000
113/06/21,6023,元大期             ,93.40,88.40,0.000000,5.000000,5.000000,除息,97.20,79.60,88.40,88.40,5.00000000,0.00000000,0,0.00,0,0,0,0.00000000
113/06/21,6167,久正              ,16.20,15.70,0.000000,0.500000,0.500000,除息,17.25,14.15,15.70,15.70,0.50000000,0.00000000,0,0.00,0,0,0,0.00000000
113/06/21,6207,雷科              ,76.00,74.50,0.000000,1.500000,1.500000,除息,81.90,67.10,74.50,74.50,1.50000000,0.00000000,0,0.00,0,0,0,0.00000000
113/06/24,00764B,群益25年美債         ,31.61,31.34,0.000000,0.266000,0.266000,除息,9999.95,0.01,31.34,31.34,0.26600000,0.00000000,0,0.00,0,0,0,0.00000000
113/06/24,00792B,群益A級公司債         ,34.42,33.97,0.000000,0.448000,0.448000,除息,9999.95,0.01,33.97,33.97,0.44800000,0.00000000,0,0.00,0,0,0,0.00000000
113/06/24,00793B,群益AAA-A醫療債      ,33.43,33.00,0.000000,0.427000,0.427000,除息,9999.95,0.01,33.00,33.00,0.42700000,0.00000000,0,0.00,0,0,0,0.00000000
113/06/24,00859B,群益0-1年美債        ,42.53,42.16,0.000000,0.375000,0.375000,除息,9999.95,0.01,42.16,42.16,0.37500000,0.00000000,0,0.00,0,0,0,0.00000000
113/06/24,00937B,群益ESG投等債20+     ,15.97,15.89,0.000000,0.084000,0.084000,除息,9999.95,0.01,15.89,15.89,0.08400000,0.00000000,0,0.00,0,0,0,0.00000000
113/06/24,2643,捷迅              ,87.60,82.60,0.000000,5.000000,5.000000,除息,90.80,74.40,82.60,82.60,5.00000000,0.00000000,0,0.00,0,0,0,0.00000000
113/06/24,3169,亞信              ,134.00,130.50,0.000000,3.500000,3.500000,除息,143.50,117.50,130.50,130.50,3.50000000,0.00000000,0,0.00,0,0,0,0.00000000
113/06/24,3374,精材              ,179.00,177.00,0.000000,2.000000,2.000000,除息,194.50,159.50,177.00,177.00,2.00000000,0.00000000,0,0.00,0,0,0,0.00000000
113/06/24,3709,鑫聯大投控           ,27.95,27.15,0.000000,0.800000,0.800000,除息,29.85,24.45,27.15,27.15,0.80000000,0.00000000,0,0.00,0,0,0,0.00000000
113/06/24,4183,福永生技            ,26.90,26.10,0.000000,0.800000,0.800000,除息,28.70,23.50,26.10,26.10,0.80000000,0.00000000,0,0.00,0,0,0,0.00000000
113/06/24,5601,台聯櫃             ,36.30,35.92,0.000000,0.385000,0.385000,除息,39.50,32.35,35.90,35.92,0.38500000,0.00000000,0,0.00,0,0,0,0.00000000
113/06/24,6548,長科*             ,40.00,39.59,0.000000,0.410000,0.410000,除息,43.50,35.65,39.60,39.59,0.41000000,0.00000000,0,0.00,0,0,0,0.00000000
113/06/24,6651,全宇昕             ,76.40,72.40,0.000000,4.000000,4.000000,除息,79.60,65.20,72.40,72.40,4.00000000,0.00000000,0,0.00,0,0,0,0.00000000
113/06/24,6870,騰雲              ,193.50,190.20,0.000000,3.300000,3.300000,除息,209.00,171.50,190.00,190.20,3.30000000,0.00000000,0,0.00,0,0,0,0.00000000
113/06/25,00836B,永豐10年A公司債       ,31.44,31.10,0.000000,0.340000,0.340000,除息,9999.95,0.01,31.10,31.10,0.34000000,0.00000000,0,0.00,0,0,0,0.00000000
113/06/25,00856B,永豐1-3年美公債       ,39.01,38.56,0.000000,0.450000,0.450000,除息,9999.95,0.01,38.56,38.56,0.45000000,0.00000000,0,0.00,0,0,0,0.00000000
113/06/25,00857B,永豐20年美公債        ,26.22,26.01,0.000000,0.210000,0.210000,除息,9999.95,0.01,26.01,26.01,0.21000000,0.00000000,0,0.00,0,0,0,0.00000000
113/06/25,2641,正德              ,21.70,21.22,0.000000,0.481559,0.481559,除息,23.30,19.10,21.20,21.22,0.48155935,0.00000000,0,0.00,0,0,0,0.00000000
113/06/25,3556,禾瑞亞             ,53.20,52.30,0.000000,0.900000,0.900000,除息,57.50,47.10,52.30,52.30,0.90000000,0.00000000,0,0.00,0,0,0,0.00000000
113/06/25,4538,大詠城             ,20.85,20.05,0.000000,0.798166,0.798166,除息,22.05,18.05,20.05,20.05,0.79816602,0.00000000,0,0.00,0,0,0,0.00000000
113/06/25,5864,致和證             ,23.30,20.73,2.072727,0.500000,2.572727,除權息,22.80,18.70,20.75,20.73,0.50000000,99.99999935,0,0.00,0,0,0,0.00000000
113/06/25,6111,大宇資             ,75.70,75.19,0.512948,0.000000,0.512948,除權,83.20,67.70,75.70,75.70,0.00000000,0.00000000,5200000,65.00,520000,520000,4160000,40.28234398
113/06/25,6640,均華              ,590.00,585.00,0.000000,5.000000,5.000000,除息,643.00,527.00,585.00,585.00,5.00000000,0.00000000,0,0.00,0,0,0,0.00000000
113/06/25,6643,M31             ,1245.00,1030.81,206.191133,8.001148,214.192281,除權息,1130.00,928.00,1030.00,1030.81,8.00114821,200.02870528,0,0.00,0,0,0,0.00000000
113/06/25,8087,華鎂鑫             ,52.80,52.31,0.000000,0.492568,0.492568,除息,57.50,47.10,52.30,52.31,0.49256808,0.00000000,0,0.00,0,0,0,0.00000000
113/06/26,4951,精拓科             ,83.70,81.20,0.000000,2.500000,2.500000,除息,89.30,73.10,81.20,81.20,2.50000000,0.00000000,0,0.00,0,0,0,0.00000000
113/06/26,5009,榮剛              ,52.40,49.90,0.000000,2.500000,2.500000,除息,54.80,44.95,49.90,49.90,2.50000000,0.00000000,0,0.00,0,0,0,0.00000000
113/06/26,5213,亞昕              ,42.15,40.53,0.000000,1.623855,1.623855,除息,44.55,36.50,40.55,40.53,1.62385532,0.00000000,0,0.00,0,0,0,0.00000000
113/06/26,5274,信驊              ,4770.00,4750.00,0.000000,20.000000,20.000000,除息,5225.00,4275.00,4750.00,4750.00,20.00000000,0.00000000,0,0.00,0,0,0,0.00000000
113/06/26,5312,寶島科             ,108.50,102.50,0.000000,6.000000,6.000000,除息,112.50,92.30,102.50,102.50,6.00000000,0.00000000,0,0.00,0,0,0,0.00000000
113/06/26,8227,巨有科技            ,250.00,247.70,0.000000,2.300000,2.300000,除息,272.00,223.00,247.50,247.70,2.30000000,0.00000000,0,0.00,0,0,0,0.00000000
113/06/27,2063,世鎧              ,51.50,50.00,0.000000,1.500000,1.500000,除息,55.00,45.00,50.00,50.00,1.50000000,0.00000000,0,0.00,0,0,0,0.00000000
113/06/27,3163,波若威             ,136.00,132.40,0.000000,3.600000,3.600000,除息,145.50,119.50,132.50,132.40,3.60000000,0.00000000,0,0.00,0,0,0,0.00000000
113/06/27,3260,威剛              ,108.50,105.50,0.000000,3.000000,3.000000,除息,116.00,95.00,105.50,105.50,3.00000000,0.00000000,0,0.00,0,0,0,0.00000000
113/06/27,3580,友威科             ,79.80,77.78,0.000000,2.020000,2.020000,除息,85.50,70.10,77.80,77.78,2.02000000,0.00000000,0,0.00,0,0,0,0.00000000
113/06/27,3684,榮昌              ,47.90,47.10,0.000000,0.800000,0.800000,除息,51.80,42.40,47.10,47.10,0.80000000,0.00000000,0,0.00,0,0,0,0.00000000
113/06/27,4116,明基醫             ,58.30,56.30,0.000000,2.000000,2.000000,除息,61.90,50.70,56.30,56.30,2.00000000,0.00000000,0,0.00,0,0,0,0.00000000
113/06/27,4175,杏一              ,73.50,71.90,0.000000,1.598700,1.598700,除息,79.00,64.80,71.90,71.90,1.59869966,0.00000000,0,0.00,0,0,0,0.00000000
113/06/27,4745,合富-KY           ,23.50,23.10,0.000000,0.400000,0.400000,除息,25.40,20.80,23.10,23.10,0.40000000,0.00000000,0,0.00,0,0,0,0.00000000
113/06/27,5209,新鼎              ,199.50,188.99,0.000000,10.511634,10.511634,除息,207.50,170.50,189.00,188.99,10.51163408,0.00000000,0,0.00,0,0,0,0.00000000
113/06/27,5438,東友              ,18.10,17.60,0.000000,0.500000,0.500000,除息,19.35,15.85,17.60,17.60,0.50000000,0.00000000,0,0.00,0,0,0,0.00000000
113/06/27,6195,詩肯              ,42.50,40.50,0.000000,2.000000,2.000000,除息,44.55,36.45,40.50,40.50,2.00000000,0.00000000,0,0.00,0,0,0,0.00000000
113/06/27,6523,達爾膚             ,173.50,171.50,0.000000,2.000000,2.000000,除息,188.50,154.50,171.50,171.50,2.00000000,0.00000000,0,0.00,0,0,0,0.00000000
113/06/27,6532,瑞耘              ,68.60,66.20,0.000000,2.400000,2.400000,除息,72.80,59.60,66.20,66.20,2.40000000,0.00000000,0,0.00,0,0,0,0.00000000
113/06/27,6613,朋億*             ,195.00,188.04,0.000000,6.961233,6.961233,除息,206.50,169.50,188.00,188.04,6.96123250,0.00000000,0,0.00,0,0,0,0.00000000
113/06/27,6667,信紘科             ,188.50,182.04,0.000000,6.460000,6.460000,除息,200.00,164.00,182.00,182.04,6.46000000,0.00000000,0,0.00,0,0,0,0.00000000
113/06/27,6856,鑫傳              ,65.80,61.98,0.000000,3.815086,3.815086,除息,68.10,55.80,62.00,61.98,3.81508603,0.00000000,0,0.00,0,0,0,0.00000000
113/06/27,8034,榮群              ,24.40,23.20,0.000000,1.200000,1.200000,除息,25.50,20.90,23.20,23.20,1.20000000,0.00000000,0,0.00,0,0,0,0.00000000
113/06/27,8042,金山電             ,36.90,35.70,0.000000,1.200000,1.200000,除息,39.25,32.15,35.70,35.70,1.20000000,0.00000000,0,0.00,0,0,0,0.00000000
113/06/27,8064,東捷              ,47.45,46.75,0.000000,0.700000,0.700000,除息,51.40,42.10,46.75,46.75,0.70000000,0.00000000,0,0.00,0,0,0,0.00000000
113/06/27,8240,華宏              ,37.20,35.70,0.000000,1.500000,1.500000,除息,39.25,32.15,35.70,35.70,1.50000000,0.00000000,0,0.00,0,0,0,0.00000000
113/06/27,8279,生展              ,160.00,155.00,0.000000,5.000000,5.000000,除息,170.50,139.50,155.00,155.00,5.00000000,0.00000000,0,0.00,0,0,0,0.00000000
113/06/27,8342,益張              ,84.80,81.00,0.000000,3.800000,3.800000,除息,89.10,72.90,81.00,81.00,3.80000000,0.00000000,0,0.00,0,0,0,0.00000000
113/06/27,8431,匯鑽科             ,56.10,55.80,0.000000,0.300000,0.300000,除息,61.30,50.30,55.80,55.80,0.30000000,0.00000000,0,0.00,0,0,0,0.00000000
113/06/27,8921,沈氏              ,18.75,18.42,0.000000,0.333000,0.333000,除息,20.25,16.60,18.40,18.42,0.33300000,0.00000000,0,0.00,0,0,0,0.00000000
113/06/28,3264,欣銓              ,73.10,69.80,0.000000,3.300000,3.300000,除息,76.70,62.90,69.80,69.80,3.30000000,0.00000000,0,0.00,0,0,0,0.00000000
113/06/28,3388,崇越電             ,77.40,74.30,0.000000,3.100000,3.100000,除息,81.70,66.90,74.30,74.30,3.10000000,0.00000000,0,0.00,0,0,0,0.00000000
113/06/28,3455,由田              ,107.00,102.00,0.000000,5.000000,5.000000,除息,112.00,91.80,102.00,102.00,5.00000000,0.00000000,0,0.00,0,0,0,0.00000000
113/06/28,3489,森寶              ,27.65,27.25,0.000000,0.400000,0.400000,除息,29.95,24.55,27.25,27.25,0.40000000,0.00000000,0,0.00,0,0,0,0.00000000
113/06/28,5236,凌陽創新            ,160.50,153.50,0.000000,7.000000,7.000000,除息,168.50,138.50,153.50,153.50,7.00000000,0.00000000,0,0.00,0,0,0,0.00000000
113/06/28,6212,理銘              ,77.20,73.70,0.000000,3.500000,3.500000,除息,81.00,66.40,73.70,73.70,3.50000000,0.00000000,0,0.00,0,0,0,0.00000000
113/06/28,8091,翔名              ,162.00,157.72,4.275957,0.000000,4.275957,除權,178.00,142.00,162.00,162.00,0.00000000,0.00000000,4800000,115.00,480000,480000,3840000,80.06653195
113/06/28,8942,森鉅              ,74.40,66.33,5.969724,2.100000,8.069724,除權息,72.90,59.70,66.30,66.33,2.10000000,89.99999496,0,0.00,0,0,0,0.00000000
113/07/01,3373,熱映              ,27.00,26.00,0.000000,1.000000,1.000000,除息,28.60,23.40,26.00,26.00,1.00000000,0.00000000,0,0.00,0,0,0,0.00000000
113/07/01,4188,安克              ,27.60,26.87,0.726487,0.000000,0.726487,除權,30.35,24.20,27.60,27.60,0.00000000,0.00000000,10000000,23.00,1000000,1000000,8000000,150.04201176
113/07/01,4550,長佳              ,39.40,37.30,0.000000,2.100000,2.100000,除息,41.00,33.60,37.30,37.30,2.10000000,0.00000000,0,0.00,0,0,0,0.00000000
113/07/01,5230,雷笛克光學           ,42.35,41.83,0.000000,0.516822,0.516822,除息,46.00,37.65,41.85,41.83,0.51682237,0.00000000,0,0.00,0,0,0,0.00000000
113/07/01,5315,光聯              ,19.05,18.25,0.000000,0.800000,0.800000,除息,20.05,16.45,18.25,18.25,0.80000000,0.00000000,0,0.00,0,0,0,0.00000000
113/07/01,5353,台林              ,35.75,34.33,0.000000,1.420000,1.420000,除息,37.75,30.90,34.35,34.33,1.42000000,0.00000000,0,0.00,0,0,0,0.00000000
113/07/01,6109,亞元              ,13.90,13.60,0.000000,0.300000,0.300000,除息,14.95,12.25,13.60,13.60,0.29999999,0.00000000,0,0.00,0,0,0,0.00000000
113/07/01,6561,是方              ,361.00,350.40,0.000000,10.600000,10.600000,除息,385.00,315.50,350.50,350.40,10.60000000,0.00000000,0,0.00,0,0,0,0.00000000
113/07/01,6903,巨漢              ,192.50,183.23,0.000000,9.270502,9.270502,除息,201.50,165.00,183.00,183.23,9.27050212,0.00000000,0,0.00,0,0,0,0.00000000
113/07/01,8155,博智              ,144.00,140.40,0.000000,3.600000,3.600000,除息,154.00,126.50,140.50,140.40,3.60000000,0.00000000,0,0.00,0,0,0,0.00000000
113/07/01,8440,綠電              ,57.00,49.57,7.434783,0.000000,7.434783,除權,54.50,44.65,49.55,49.57,0.00000000,150.00000658,0,0.00,0,0,0,0.00000000
113/07/02,2755,揚秦              ,98.40,94.80,0.000000,3.600000,3.600000,除息,104.00,85.40,94.80,94.80,3.60000000,0.00000000,0,0.00,0,0,0,0.00000000
113/07/02,3512,皇龍              ,43.65,40.44,0.000000,3.205691,3.205691,除息,44.45,36.40,40.45,40.44,3.20569069,0.00000000,0,0.00,0,0,0,0.00000000
113/07/02,4711,永純              ,17.15,16.65,0.000000,0.500000,0.500000,除息,18.30,15.00,16.65,16.65,0.50000000,0.00000000,0,0.00,0,0,0,0.00000000
113/07/02,5016,松和              ,28.40,27.70,0.000000,0.700000,0.700000,除息,30.45,24.95,27.70,27.70,0.70000000,0.00000000,0,0.00,0,0,0,0.00000000
113/07/02,6263,普萊德             ,178.50,171.10,0.000000,7.400000,7.400000,除息,188.00,154.00,171.00,171.10,7.40000000,0.00000000,0,0.00,0,0,0,0.00000000
113/07/02,6542,隆中              ,60.10,59.10,0.000000,1.000000,1.000000,除息,65.00,53.20,59.10,59.10,1.00000000,0.00000000,0,0.00,0,0,0,0.00000000
113/07/02,6593,台灣銘板            ,102.50,101.50,0.000000,1.000000,1.000000,除息,111.50,91.40,101.50,101.50,1.00000000,0.00000000,0,0.00,0,0,0,0.00000000
113/07/02,6693,廣閎科             ,75.40,74.40,0.000000,1.000000,1.000000,除息,81.80,67.00,74.40,74.40,1.00000000,0.00000000,0,0.00,0,0,0,0.00000000
113/07/02,7402,邑錡              ,107.50,106.01,0.000000,1.485198,1.485198,除息,116.50,95.50,106.00,106.01,1.48519767,0.00000000,0,0.00,0,0,0,0.00000000
113/07/02,8054,安國              ,154.50,154.00,0.000000,0.499707,0.499707,除息,169.00,139.00,154.00,154.00,0.49970721,0.00000000,0,0.00,0,0,0,0.00000000
113/07/02,8083,瑞穎              ,177.00,170.00,0.000000,7.000000,7.000000,除息,187.00,153.00,170.00,170.00,7.00000000,0.00000000,0,0.00,0,0,0,0.00000000
113/07/02,8111,立碁              ,23.70,22.90,0.000000,0.800000,0.800000,除息,25.15,20.65,22.90,22.90,0.80000000,0.00000000,0,0.00,0,0,0,0.00000000
113/07/03,2941,米斯特             ,90.00,86.82,0.000000,3.181611,3.181611,除息,95.50,78.20,86.80,86.82,3.18161143,0.00000000,0,0.00,0,0,0,0.00000000
113/07/03,3276,宇環              ,17.80,17.60,0.000000,0.200000,0.200000,除息,19.35,15.85,17.60,17.60,0.20000000,0.00000000,0,0.00,0,0,0,0.00000000
113/07/03,4126,太醫              ,93.20,88.40,0.000000,4.800000,4.800000,除息,97.20,79.60,88.40,88.40,4.80000000,0.00000000,0,0.00,0,0,0,0.00000000
113/07/03,4442,竣邦-KY           ,29.70,28.90,0.000000,0.800000,0.800000,除息,31.75,26.05,28.90,28.90,0.80000000,0.00000000,0,0.00,0,0,0,0.00000000
113/07/03,4510,高鋒              ,16.90,16.20,0.000000,0.700000,0.700000,除息,17.80,14.60,16.20,16.20,0.70000000,0.00000000,0,0.00,0,0,0,0.00000000
113/07/03,4542,科嶠              ,77.00,75.50,0.000000,1.500000,1.500000,除息,83.00,68.00,75.50,75.50,1.50000000,0.00000000,0,0.00,0,0,0,0.00000000
113/07/03,4706,大恭              ,30.00,29.80,0.000000,0.200000,0.200000,除息,32.75,26.85,29.80,29.80,0.20000000,0.00000000,0,0.00,0,0,0,0.00000000
113/07/03,6615,慧智              ,71.70,71.50,0.000000,0.200000,0.200000,除息,78.60,64.40,71.50,71.50,0.20000000,0.00000000,0,0.00,0,0,0,0.00000000
113/07/03,6624,萬年清             ,40.40,39.40,0.000000,1.000000,1.000000,除息,43.30,35.50,39.40,39.40,1.00000000,0.00000000,0,0.00,0,0,0,0.00000000
113/07/03,6716,應廣              ,123.50,121.50,0.000000,2.001315,2.001315,除息,133.50,109.50,121.50,121.50,2.00131495,0.00000000,0,0.00,0,0,0,0.00000000
113/07/03,8923,時報              ,20.80,20.00,0.000000,0.800000,0.800000,除息,22.00,18.00,20.00,20.00,0.80000000,0.00000000,0,0.00,0,0,0,0.00000000
113/07/04,1336,台翰              ,20.75,20.34,0.000000,0.410000,0.410000,除息,22.35,18.35,20.35,20.34,0.41000000,0.00000000,0,0.00,0,0,0,0.00000000
113/07/04,1570,力肯              ,31.85,30.85,0.000000,1.000000,1.000000,除息,33.90,27.80,30.85,30.85,1.00000000,0.00000000,0,0.00,0,0,0,0.00000000
113/07/04,1580,新麥              ,160.00,151.00,0.000000,9.000000,9.000000,除息,166.00,136.00,151.00,151.00,9.00000000,0.00000000,0,0.00,0,0,0,0.00000000
113/07/04,3093,港建*             ,31.85,30.05,0.000000,1.800000,1.800000,除息,33.05,27.05,30.05,30.05,1.80000000,0.00000000,0,0.00,0,0,0,0.00000000
113/07/04,3213,茂訊              ,111.00,105.60,0.000000,5.400000,5.400000,除息,116.00,95.10,105.50,105.60,5.40000000,0.00000000,0,0.00,0,0,0,0.00000000
113/07/04,3217,優群              ,171.00,164.60,0.000000,6.400000,6.400000,除息,181.00,148.50,164.50,164.60,6.40000000,0.00000000,0,0.00,0,0,0,0.00000000
113/07/04,3303,岱稜              ,46.30,44.55,0.000000,1.750000,1.750000,除息,49.00,40.10,44.55,44.55,1.75000000,0.00000000,0,0.00,0,0,0,0.00000000
113/07/04,3479,安勤              ,116.00,110.01,0.000000,5.988682,5.988682,除息,121.00,99.10,110.00,110.01,5.98868238,0.00000000,0,0.00,0,0,0,0.00000000
113/07/04,3529,力旺              ,2560.00,2542.50,0.000000,17.498990,17.498990,除息,2795.00,2290.00,2545.00,2542.50,17.49899000,0.00000000,0,0.00,0,0,0,0.00000000
113/07/04,3540,曜越              ,48.45,47.55,0.000000,0.896266,0.896266,除息,52.30,42.80,47.55,47.55,0.89626600,0.00000000,0,0.00,0,0,0,0.00000000
113/07/04,3570,大塚              ,169.50,161.50,0.000000,8.000000,8.000000,除息,177.50,145.50,161.50,161.50,8.00000000,0.00000000,0,0.00,0,0,0,0.00000000
113/07/04,4102,永日              ,37.10,36.30,0.000000,0.800000,0.800000,除息,39.90,32.70,36.30,36.30,0.80000000,0.00000000,0,0.00,0,0,0,0.00000000
113/07/04,5347,世界              ,131.00,126.50,0.000000,4.500000,4.500000,除息,139.00,114.00,126.50,126.50,4.50000000,0.00000000,0,0.00,0,0,0,0.00000000
113/07/04,5452,佶優              ,35.85,35.70,0.000000,0.150000,0.150000,除息,39.25,32.15,35.70,35.70,0.15000000,0.00000000,0,0.00,0,0,0,0.00000000
113/07/04,5474,聰泰              ,191.00,187.50,0.000000,3.500000,3.500000,除息,206.00,169.00,187.50,187.50,3.50000000,0.00000000,0,0.00,0,0,0,0.00000000
113/07/04,5536,聖暉*             ,258.50,252.50,0.000000,6.000000,6.000000,除息,277.50,227.50,252.50,252.50,6.00000000,0.00000000,0,0.00,0,0,0,0.00000000
113/07/04,6121,新普              ,414.00,402.30,0.000000,11.700000,11.700000,除息,442.50,362.50,402.50,402.30,11.70000000,0.00000000,0,0.00,0,0,0,0.00000000
113/07/04,6270,倍微              ,32.20,31.20,0.000000,1.000000,1.000000,除息,34.30,28.10,31.20,31.20,1.00000000,0.00000000,0,0.00,0,0,0,0.00000000
113/07/04,6470,宇智              ,58.40,55.60,0.000000,2.800000,2.800000,除息,61.10,50.10,55.60,55.60,2.80000000,0.00000000,0,0.00,0,0,0,0.00000000
113/07/04,6751,智聯服務            ,72.20,70.20,0.000000,2.000000,2.000000,除息,77.20,63.20,70.20,70.20,2.00000000,0.00000000,0,0.00,0,0,0,0.00000000
113/07/04,6803,崑鼎              ,314.00,299.51,0.000000,14.486197,14.486197,除息,329.00,270.00,299.50,299.51,14.48619711,0.00000000,0,0.00,0,0,0,0.00000000
113/07/04,6811,宏碁資訊            ,288.00,279.50,0.000000,8.500000,8.500000,除息,307.00,252.00,279.50,279.50,8.50000000,0.00000000,0,0.00,0,0,0,0.00000000
113/07/04,6844,諾貝兒             ,161.00,154.90,0.000000,6.096825,6.096825,除息,170.00,139.50,155.00,154.90,6.09682477,0.00000000,0,0.00,0,0,0,0.00000000
113/07/04,6922,宸曜              ,172.50,168.93,0.000000,3.570000,3.570000,除息,185.50,152.50,169.00,168.93,3.57000000,0.00000000,0,0.00,0,0,0,0.00000000
113/07/04,8917,欣泰              ,61.70,59.50,0.000000,2.200000,2.200000,除息,65.40,53.60,59.50,59.50,2.20000000,0.00000000,0,0.00,0,0,0,0.00000000
