股票代碼,公司簡稱,償債能力-流動比率(%),償債能力-速動比率(%),償債能力-利息保障倍數(%),經營能力-應收款項週轉率(次),經營能力-平均收現日數,經營能力-存貨週轉率(次),經營能力-平均售貨日數,經營能力-不動產、廠房及設備週轉率(次),經營能力-總資產週轉率(次),獲利能力-資產報酬率(%),獲利能力-權益報酬率(%),獲利能力-稅前純益佔實收資本比率(%),獲利能力-純益率(%),獲利能力-每股盈餘(元)
1101,台泥,210.95,194.22,5.29,3.70,98.64,6.44,56.67,0.92,0.24,2.73,4.07,18.52,9.15,1.06
1102,亞泥,147.60,136.93,8.86,5.96,61.24,8.57,42.59,2.03,0.24,3.78,5.89,39.30,13.82,3.28
1103,嘉泥,319.50,312.89,140.63,9.36,38.99,9.47,38.54,0.64,0.08,0.71,0.43,1.05,3.30,0.12
1104,環泥,167.60,157.53,47.39,3.72,98.11,16.00,22.81,1.02,0.27,8.56,10.61,38.36,30.08,3.13
1108,幸福,180.60,50.51,12.57,4.63,78.83,1.02,357.84,1.49,0.51,5.84,10.57,16.30,10.35,1.3
1109,信大,480.62,413.90,863.39,5.71,63.92,5.07,71.99,2.31,0.54,7.02,8.22,32.58,12.90,2.01
1110,東泥,142.80,65.17,698.97,4.64,78.66,1.88,194.14,1.78,0.19,1.53,1.76,3.28,6.86,0.26
1201,味全,94.91,65.36,330.26,8.22,44.40,9.52,38.34,2.44,1.21,2.26,3.71,7.54,1.25,0.53
1203,味王,242.34,153.95,42.02,12.85,28.40,2.44,149.59,2.12,0.63,6.71,9.86,38.32,10.27,1.8
1210,大成,101.20,56.19,9.15,13.10,27.86,7.82,46.67,5.21,1.75,8.38,15.82,66.71,4.32,4.81
1213,大飲,5.88,1.55,-6.98,2.41,151.45,7.06,51.69,0.20,0.13,-13.51,-46.77,-20.93,-114.90,-2.45
1215,卜蜂,99.31,65.46,12.36,9.31,39.20,9.55,38.21,2.00,1.08,9.01,22.9,95.49,7.74,7.7
1216,統一,97.09,69.20,"1,536.71",26.84,13.59,6.98,52.29,3.44,0.95,5.33,15.64,85.69,5.21,3.23
1217,愛之味,98.24,60.62,2.96,6.95,52.51,3.75,97.33,2.38,0.35,2.33,3.21,5.27,4.44,0.41
1218,泰山,403.69,253.11,6.86,7.77,46.97,6.50,56.15,5.69,0.74,-0.42,-0.66,2.46,-0.72,-0.17
1219,福壽,154.29,76.37,5.83,8.61,42.39,5.40,67.59,4.37,1.59,3.69,7.01,11.76,1.92,0.94
1220,台榮,423.61,278.56,39.12,4.16,87.74,4.27,85.48,2.78,1.03,5.06,6.35,10.92,4.79,0.76
1225,福懋油,155.43,88.59,7.56,7.48,48.79,6.41,56.94,4.50,1.60,5.16,10.51,21.34,2.81,1.6
1227,佳格,225.34,137.42,21.92,5.86,62.28,3.80,96.05,6.61,1.04,4.96,7.14,17.52,4.56,1.35
1229,聯華,112.06,97.74,24.93,5.09,71.70,4.23,86.28,2.54,0.16,6.40,8.04,31.15,35.12,2.64
1231,聯華食,148.00,100.82,27.43,4.92,74.18,5.55,65.76,2.01,0.92,8.55,17.71,48.73,8.93,3.93
1232,大統益,370.71,174.84,105.46,17.54,20.80,6.24,58.49,27.44,3.03,16.26,23.17,98.36,5.32,7.53
1233,天仁,124.69,71.32,18.14,9.45,38.62,3.02,120.86,2.41,0.89,4.29,6.44,13.13,4.54,1.06
1234,黑松,466.95,150.55,74.71,12.88,28.33,1.40,260.71,1.79,0.46,4.22,5.13,29.77,8.97,2.36
1235,興泰,41.31,40.50,3.64,0.50,730.00,7.61,47.96,0.44,0.02,3.11,5.27,6.19,125.75,1.1
1236,宏亞,113.68,71.49,4.56,4.71,77.49,5.37,67.97,1.06,0.49,0.59,0.59,4.06,0.81,0.16
1256,鮮活果汁-KY,491.75,395.38,427.15,12.73,28.67,6.69,54.55,2.51,0.97,10.04,11.45,191.91,10.36,12.41
1301,台塑,154.84,129.68,3.67,13.23,27.58,8.63,42.29,1.81,0.38,1.73,2.08,10.99,3.68,1.15
1303,南亞,169.12,125.66,3.05,5.79,63.03,4.65,78.49,1.21,0.40,1.83,2.1,11.51,3.12,0.8
1304,台聚,249.44,184.12,-605.39,7.70,47.40,6.61,55.21,2.01,0.69,-2.23,-3.87,-16.29,-3.65,-0.19
1305,華夏,203.59,127.04,7.71,10.63,34.33,4.73,77.16,1.55,0.80,2.61,3.88,8.03,2.87,0.59
1307,三芳,244.15,197.53,14.95,7.48,48.79,4.07,89.68,2.01,0.65,5.28,8.73,25.87,7.54,1.91
1308,亞聚,324.23,242.50,"1,758.60",9.10,40.10,9.48,38.50,1.97,0.43,0.79,0.84,2.55,1.73,0.2
1309,台達化,287.16,224.21,"-1,643.13",8.81,41.43,14.39,25.36,7.80,1.68,-2.84,-3.95,-8.70,-1.80,-0.69
1310,台苯,117.01,74.41,-31.09,10.62,34.36,15.31,23.84,2.68,1.02,-4.78,-6.63,-11.05,-4.83,-0.88
1312,國喬,187.03,133.22,-10.46,8.85,41.24,8.28,44.08,0.64,0.26,-2.18,-4.01,-15.58,-9.27,-1.59
1313,聯成,251.85,116.29,61.05,17.72,20.59,7.92,46.08,4.53,1.37,0.07,-1.0,-1.14,-0.38,-0.21
1314,中石化,220.27,57.06,17.85,11.14,32.76,0.54,675.92,0.97,0.18,-0.36,-1.37,-1.55,-4.09,-0.28
1315,達新,"1,633.92","1,401.57",167.09,5.53,66.00,2.61,139.84,1.09,0.19,3.08,3.3,37.11,16.25,3.66
1316,上曜,153.27,30.44,-0.32,5.33,68.48,0.10,"3,650.00",0.53,0.07,-0.31,-2.68,-5.15,-17.60,-0.68
1319,東陽,171.67,129.91,64.74,5.53,66.00,5.82,62.71,1.33,0.70,9.03,12.15,64.45,12.77,5.1
1321,大洋,191.45,139.99,10.78,7.96,45.85,7.67,47.58,1.49,0.41,1.79,3.19,10.07,3.93,0.88
1323,永裕,466.87,357.35,7.70,4.52,80.75,4.27,85.48,1.43,0.60,3.69,6.17,24.70,5.42,0.92
1324,地球,374.51,287.79,694.55,5.75,63.47,3.90,93.58,2.67,0.77,3.31,4.1,5.91,4.28,0.53
1325,恆大,"3,068.27","2,910.13","74,264.29",6.17,59.15,3.81,95.80,0.35,0.14,0.43,0.44,2.44,3.14,0.21
1326,台化,212.30,161.40,3.12,9.83,37.13,6.93,52.66,2.24,0.59,1.80,2.04,12.60,2.32,1.46
1337,再生-KY,"1,199.56","1,065.71",0.00,5.73,63.69,7.10,51.40,0.46,0.16,-8.53,-8.86,-9.35,-53.30,-1.53
1338,廣華-KY,178.76,152.45,0.20,2.63,138.78,4.30,84.88,1.48,0.51,-0.53,-2.59,-18.98,-2.96,-1.96
1339,昭輝,205.89,153.84,32.51,3.46,105.49,3.42,106.72,0.70,0.37,8.15,11.01,73.42,21.08,5.88
1340,勝悅-KY,756.46,610.81,"-2,947.98",5.49,66.48,33.87,10.77,0.27,0.14,-19.39,-20.59,-56.50,-153.31,-5.64
1341,富林-KY,189.42,113.23,12.65,4.75,76.84,2.81,129.89,4.01,1.11,11.00,18.33,56.80,9.15,4.48
1342,八貫,348.28,190.49,238.35,5.85,62.39,2.16,168.98,2.30,0.82,17.06,24.93,91.94,20.66,7.52
1402,遠東新,118.98,75.21,5.26,8.34,43.76,4.15,87.95,1.44,0.38,2.97,3.79,35.04,5.96,1.64
1409,新纖,102.03,96.59,1.87,1.26,289.68,4.61,79.17,1.51,0.17,1.36,2.52,9.27,3.49,0.47
1410,南染,"1,479.82","1,402.43",186.07,7.94,45.96,4.86,75.10,1.11,0.16,0.98,1.16,3.55,5.90,0.24
1413,宏洲,112.83,39.74,-7.34,16.62,21.96,4.80,76.04,1.87,0.85,-4.68,-11.43,-10.31,-6.65,-1.01
1414,東和,169.00,102.63,3.08,18.26,19.98,1.05,347.61,0.37,0.13,0.96,1.05,1.21,5.80,0.15
1416,廣豐,347.84,140.42,19.99,11.61,31.43,0.29,"1,258.62",11.39,0.06,2.55,3.1,8.01,37.17,0.51
1417,嘉裕,360.76,312.70,-254.38,4.73,77.16,1.36,268.38,2.14,0.37,-1.36,-2.62,-3.36,-4.64,-0.37
1418,東華,30.81,30.48,1.56,無,無,0.27,"1,351.85",0.03,0.00,2.30,3.19,7.06,194.17,0.74
1419,新紡,120.51,92.10,15.46,8.59,42.49,1.93,189.11,6.87,0.19,3.93,5.21,25.76,19.18,2.17
1423,利華,"1,705.18","1,302.93",975.87,31.91,11.43,0.66,553.03,0.36,0.03,2.18,2.38,9.29,56.79,0.57
1432,大魯閣,68.51,44.77,1.82,24.80,14.71,2.58,141.47,2.08,0.27,2.19,7.24,5.93,4.15,0.67
1434,福懋,290.34,143.85,2.59,10.82,33.73,2.99,122.07,2.54,0.39,0.97,0.81,3.27,1.56,0.26
1435,中福,"11,117.80","10,993.95",-239.78,5.63,64.83,0.00,無,0.11,0.01,-3.04,-3.54,-2.96,-491.99,-0.3
1436,華友聯,154.59,20.04,554.22,348.51,1.04,0.03,"12,166.66",66.22,0.12,7.22,26.06,104.51,57.73,9.69
1437,勤益控,55.39,54.14,8.36,51.32,7.11,5.43,67.21,348.95,0.06,5.05,7.78,31.95,66.47,2.82
1438,三地開發,150.40,27.87,37.95,2.68,136.19,0.05,"7,300.00",35.38,0.03,0.99,-3.55,-6.33,-20.55,-0.71
1439,雋揚,177.99,48.74,15.79,6.50,56.15,0.06,"6,083.33","1,289.26",0.04,4.06,6.58,21.66,97.96,2.12
1440,南紡,153.63,90.74,6.33,14.37,25.40,3.02,120.86,0.87,0.38,4.87,7.58,11.88,11.26,1.27
1441,大東,44.59,20.90,-6.07,13.61,26.81,2.97,122.89,1.35,0.52,-13.29,-64.17,-52.88,-28.75,-4.76
1442,名軒,223.01,13.96,25.05,9.36,38.99,0.19,"1,921.05",217.11,0.31,10.50,26.04,52.46,32.92,4.71
1443,立益物流,15.90,14.28,243.39,5.56,65.64,8.11,45.00,0.13,0.11,3.56,9.69,10.45,18.28,1.29
1444,力麗,111.69,48.51,-3.58,11.80,30.93,3.05,119.67,1.18,0.42,-1.32,-2.61,-3.59,-3.86,-0.28
1445,大宇,630.04,520.75,742.11,7.27,50.20,3.20,114.06,2.06,0.45,38.57,46.61,80.82,72.98,7.72
1446,宏和,132.21,10.13,6.60,58.64,6.22,12.12,30.11,550.19,0.12,2.77,7.42,9.62,19.18,0.8
1447,力鵬,128.85,90.25,-3.59,11.46,31.84,10.21,35.74,5.57,1.53,-1.78,-4.26,-5.51,-1.46,-0.51
1449,佳和,101.71,27.30,2.30,17.06,21.39,1.21,301.65,5.99,0.43,2.57,4.58,15.66,2.84,0.61
1451,年興,679.05,385.00,-63.93,4.19,87.11,2.64,138.25,4.80,0.73,-4.16,-5.0,-19.65,-5.75,-1.83
1452,宏益,"1,739.47","1,530.23","4,657.09",5.12,71.28,4.13,88.37,2.34,0.41,1.80,1.92,3.86,4.35,0.39
1453,大將,405.62,132.60,21.51,無,無,0.12,"3,041.66",2.09,0.10,3.23,4.29,6.13,29.81,0.57
1454,台富,295.59,169.76,852.66,11.57,31.54,1.99,183.41,1.97,0.74,1.05,1.22,1.26,1.29,0.16
1455,集盛,164.20,90.59,-7.65,7.10,51.40,3.97,91.93,1.66,0.79,-2.18,-3.72,-5.68,-3.10,-0.45
1456,怡華,123.27,6.62,105.11,51.88,7.03,0.13,"2,807.69",27.11,0.15,2.59,0.33,1.98,0.30,0.05
1457,宜進,156.20,137.73,7.05,6.11,59.73,4.69,77.82,1.01,0.15,6.19,11.6,42.66,34.63,2.55
1459,聯發,115.65,99.48,141.17,8.43,43.29,5.43,67.21,0.59,0.24,1.39,0.84,0.66,1.96,0.07
1460,宏遠,120.41,28.19,-5.09,7.92,46.08,1.35,270.37,1.48,0.57,-7.76,-18.76,-16.72,-15.46,-1.8
1463,強盛新,357.61,223.59,0.00,4.73,77.16,0.66,553.03,0.75,0.12,3.87,4.57,6.98,30.88,0.65
1464,得力,145.88,69.99,1.81,6.05,60.33,2.34,155.98,1.87,0.59,1.85,2.06,4.67,1.18,0.13
1465,偉全,314.68,223.52,"28,411.59",7.13,51.19,2.15,169.76,1.38,0.30,2.93,3.46,5.66,9.90,0.56
1466,聚隆,177.50,72.60,-3.32,6.47,56.41,2.96,123.31,1.37,0.71,-3.37,-9.96,-14.65,-6.17,-1.36
1467,南緯,137.80,103.31,0.44,6.30,57.93,3.48,104.88,2.39,0.54,-0.83,-5.4,-2.86,-3.63,-0.71
1468,昶和,136.81,47.67,3.35,13.46,27.11,0.96,380.20,1.48,0.38,2.96,4.68,4.38,5.32,0.17
1470,大統新創,440.16,338.17,65.00,10.63,34.33,3.14,116.24,1.63,0.57,4.37,5.04,6.67,7.53,0.58
1471,首利,"1,212.92","1,146.13",-95.01,4.11,88.80,2.46,148.37,5.83,0.15,-2.52,-2.8,-2.84,-16.82,-0.29
1472,三洋實業,180.25,168.08,9.46,53.65,6.80,無,無,19.45,0.72,5.76,12.91,35.74,7.29,4.27
1473,台南,217.80,134.32,22.62,5.45,66.97,4.69,77.82,6.33,1.22,6.11,8.6,24.64,4.78,2.13
1474,弘裕,189.17,97.27,-0.64,4.85,75.25,2.93,124.57,1.85,0.70,-0.61,-2.08,-3.18,-1.62,-0.34
1475,業旺,456.39,438.77,"15,860.78",3.10,117.74,15.98,22.84,"18,640.61",0.89,19.19,24.47,43.24,21.60,7.9
1476,儒鴻,286.11,211.23,"5,787.46",7.23,50.48,4.67,78.15,2.38,0.94,16.17,20.37,243.31,16.81,18.87
1477,聚陽,214.23,157.53,19.14,23.82,15.32,4.78,76.35,6.19,1.32,17.27,25.72,207.87,12.43,16.5
1503,士電,131.87,71.14,72.16,3.81,95.80,2.45,148.97,2.22,0.62,4.84,7.96,59.78,7.73,4.51
1504,東元,231.86,160.88,26.66,5.08,71.85,3.43,106.41,3.01,0.47,5.19,7.33,38.69,10.66,2.76
1506,正道,387.42,251.43,31.53,4.93,74.03,2.44,149.59,1.02,0.38,3.04,3.41,3.35,7.76,0.29
1512,瑞利,165.07,71.99,128.54,6.69,54.55,2.56,142.57,3.02,0.50,1.64,0.98,0.46,0.31,0.03
1513,中興電,126.04,61.66,9.96,10.03,36.39,1.98,184.34,1.54,0.52,4.19,10.82,47.64,7.16,3.25
1514,亞力,152.81,94.73,17.93,2.37,154.00,2.99,122.07,5.93,0.89,7.61,17.73,37.08,8.09,3.08
1515,力山,99.98,85.08,13.77,7.43,49.12,8.45,43.19,2.03,0.79,3.97,8.48,23.02,4.64,1.7
1516,川飛,"1,313.54","1,313.54",76.35,3.16,115.50,無,無,19.13,1.47,2.31,2.93,4.25,1.55,0.34
1517,利奇,675.73,456.49,-653.59,2.62,139.31,1.49,244.96,1.65,0.38,-3.18,-3.96,-7.65,-8.36,-0.74
1519,華城,143.17,71.29,63.33,6.00,60.83,1.74,209.77,6.68,0.91,19.31,49.28,117.68,18.43,9.87
1521,大億,165.86,87.31,14.13,5.90,61.86,3.97,91.93,4.91,1.44,1.42,2.38,10.33,0.88,0.56
1522,堤維西,130.59,66.04,5.84,5.57,65.52,2.51,145.41,2.38,0.74,5.42,12.38,43.87,6.00,3.31
1524,耿鼎,180.19,113.10,"1,410.56",5.69,64.14,2.77,131.76,0.89,0.51,6.98,13.46,26.36,13.03,2.13
1525,江申,429.00,391.82,326.00,6.08,60.03,5.26,69.39,2.90,0.28,7.13,8.59,75.23,25.26,5.5
1526,日馳,442.31,100.23,4.23,10.82,33.73,0.52,701.92,1.28,0.36,2.18,3.22,10.37,4.57,0.76
1527,鑽全,764.46,660.09,0.00,5.29,68.99,2.38,153.36,3.16,0.52,6.93,7.87,34.31,13.30,2.67
1528,恩德,156.08,97.23,0.99,3.75,97.33,1.99,183.41,3.92,0.70,0.18,-1.19,-0.02,-0.77,-0.08
1529,樂事綠能,233.73,187.15,781.00,11.84,30.82,3.20,114.06,0.24,0.24,1.18,7.93,10.25,19.27,0.91
1530,亞崴,155.93,94.79,8.18,3.30,110.60,1.31,278.62,1.33,0.37,3.40,5.81,24.34,8.06,2.18
1531,高林股,796.73,506.96,9.31,2.06,177.18,1.08,337.96,1.54,0.32,0.39,0.38,-2.28,0.99,0.08
1532,勤美,139.70,49.75,360.48,4.70,77.65,0.60,608.33,1.66,0.33,3.06,7.73,42.87,7.43,2.56
1533,車王電,188.44,112.73,-1.73,5.79,63.03,1.57,232.48,1.74,0.49,-1.95,-5.11,-21.19,-5.53,-1.31
1535,中宇,149.82,77.99,507.54,12.60,28.96,0.40,912.50,16.38,1.43,8.08,15.53,55.43,5.71,4.5
1536,和大,114.37,59.79,2.55,2.36,154.66,1.55,235.48,0.47,0.29,2.10,3.64,12.97,4.92,1.17
1537,廣隆,441.27,265.36,"4,069.29",8.07,45.22,2.53,144.26,9.07,1.11,10.62,14.35,105.59,9.49,7.43
1538,正峰,257.86,217.49,-15.71,5.44,67.09,3.03,120.46,5.44,0.62,-8.63,-20.25,-5.18,-14.53,-0.64
1539,巨庭,224.34,155.24,10.62,12.40,29.43,2.91,125.42,1.30,0.59,2.73,3.86,13.32,4.11,0.96
1540,喬福,494.49,407.82,0.00,14.05,25.97,0.88,414.77,1.90,0.35,6.70,7.83,16.91,19.08,1.3
1541,錩泰,175.02,97.48,8.74,3.01,121.26,2.18,167.43,5.34,0.89,3.43,6.08,18.55,3.40,1.46
1558,伸興,274.56,215.49,33.98,4.21,86.69,3.68,99.18,2.09,0.60,5.12,7.25,105.61,8.33,3.81
1560,中砂,179.59,92.72,"2,581.18",5.89,61.96,2.38,153.36,1.45,0.66,9.24,13.72,73.16,13.51,5.91
1563,巧新,233.16,63.88,5.09,8.32,43.87,0.87,419.54,0.91,0.45,4.28,8.1,35.56,7.82,2.88
1568,倉佑,277.91,206.84,23.13,3.73,97.85,1.74,209.77,0.97,0.43,10.16,15.78,24.22,22.94,2.67
1582,信錦,196.69,177.04,"1,895.83",3.69,98.91,7.16,50.97,4.18,0.73,5.73,9.87,71.78,7.27,5.12
1583,程泰,168.19,100.91,12.16,3.29,110.94,1.11,328.82,1.63,0.37,6.24,11.66,89.13,15.34,6.46
1587,吉茂,123.82,72.31,2.87,5.14,71.01,1.94,188.14,1.86,0.65,2.05,3.03,8.47,1.98,0.61
1589,永冠-KY,136.93,99.20,-0.08,2.40,152.08,3.38,107.98,0.81,0.37,-0.09,-3.27,-3.43,-3.19,-2.35
1590,亞德客-KY,181.02,136.00,"4,857.89",3.15,115.87,2.33,156.65,1.04,0.53,12.63,17.09,444.85,23.35,34.83
1597,直得,278.25,170.18,657.04,3.75,97.33,0.84,434.52,0.57,0.27,2.67,4.11,16.02,9.12,1.12
1598,岱宇,125.29,63.08,-0.73,7.18,50.83,1.87,195.18,2.09,0.67,-0.28,-2.5,-10.62,-1.42,-0.88
1603,華電,187.09,105.33,18.56,3.05,119.67,2.22,164.41,1.22,0.39,5.15,7.65,30.81,11.83,2.99
1604,聲寶,78.53,40.05,22.23,9.95,36.68,4.20,86.90,1.47,0.60,5.46,9.15,21.98,8.72,2.0
1605,華新,155.14,76.59,448.28,10.05,36.31,5.02,72.70,2.64,0.72,2.92,4.11,18.45,3.12,1.32
1608,華榮,189.10,78.60,"1,871.61",6.13,59.54,2.19,166.66,3.03,0.72,7.37,11.23,16.26,9.66,2.23
1609,大亞,143.88,96.18,637.74,6.86,53.20,3.92,93.11,1.89,0.61,8.53,21.64,48.58,11.84,3.91
1611,中電,253.08,201.82,14.17,5.14,71.01,2.04,178.92,2.06,0.25,2.93,3.5,4.76,10.98,0.46
1612,宏泰,652.47,423.68,550.05,6.22,58.68,2.97,122.89,4.71,0.74,7.54,8.58,23.94,10.15,1.99
1614,三洋電,304.60,159.75,210.01,16.32,22.36,3.31,110.27,1.41,0.80,4.73,5.79,14.46,5.88,1.24
1615,大山,184.37,126.57,49.41,4.95,73.73,6.20,58.87,4.06,1.20,12.99,19.05,39.31,10.62,3.21
1616,億泰,183.09,95.39,7.90,5.30,68.86,3.01,121.26,5.35,1.23,7.94,12.78,15.66,5.49,1.19
1617,榮星,222.47,184.69,2.00,4.24,86.08,7.87,46.37,2.55,0.87,0.53,0.1,0.64,0.08,0.09
1618,合機,265.62,153.72,110.41,6.20,58.87,3.50,104.28,3.48,0.82,7.11,8.27,24.92,8.63,2.01
1626,艾美特-KY,106.09,59.48,2.11,5.16,70.73,3.04,120.06,3.33,1.04,0.67,0.84,2.60,0.32,0.17
1702,南僑,182.17,141.86,9.44,10.28,35.50,4.64,78.66,1.90,0.74,4.57,9.96,60.39,5.47,4.2
1707,葡萄王,165.56,144.94,"1,049.31",37.68,9.68,2.93,124.57,1.43,0.70,14.03,18.81,179.60,20.14,9.81
1708,東鹼,97.78,81.83,1.04,7.80,46.79,5.46,66.84,0.63,0.45,1.12,-0.42,0.53,-1.48,-0.11
1709,和益,191.10,74.12,11.49,7.99,45.68,2.33,156.65,2.56,0.74,3.54,4.9,10.39,4.37,0.88
1710,東聯,65.58,42.33,0.46,18.68,19.53,15.39,23.71,1.42,0.61,0.22,-1.56,-2.22,-1.08,0.3
1711,永光,234.32,110.78,1.95,4.98,73.29,1.70,214.70,1.73,0.60,1.30,1.09,1.99,1.21,0.16
1712,興農,164.29,98.96,25.08,6.44,56.67,4.43,82.39,3.45,1.20,6.91,12.28,32.83,5.53,2.5
1713,國化,969.17,581.58,"3,028.92",5.01,72.85,1.86,196.23,1.47,0.17,12.16,12.9,23.07,73.55,2.32
1714,和桐,419.15,331.10,12.70,6.25,58.40,7.72,47.27,3.95,0.89,4.13,5.28,10.33,4.29,0.6
1717,長興,181.54,131.45,5.80,2.58,141.47,3.70,98.64,2.37,0.71,3.14,5.93,18.52,3.51,1.28
1718,中纖,無,無,無,無,無,無,無,0.38,0.01,1.36,4.68,29.95,34.38,-1.18
1720,生達,228.51,153.26,56.73,4.86,75.10,2.23,163.67,1.62,0.56,10.64,14.87,80.46,18.56,4.67
1721,三晃,244.56,123.77,-15.76,4.35,83.90,2.06,177.18,1.44,0.55,-6.62,-12.34,-16.02,-12.72,-1.5
1722,台肥,359.90,245.79,"156,606.54",16.07,22.71,3.77,96.81,1.14,0.18,4.83,7.27,44.41,26.10,4.0
1723,中碳,263.34,177.26,94.42,11.07,32.97,5.79,63.03,2.16,0.74,12.85,17.63,73.17,17.27,6.18
1725,元禎,234.94,226.51,712.07,7.44,49.05,57.66,6.33,8.73,1.04,3.20,4.57,12.60,2.67,1.1
1726,永記,469.41,323.99,903.77,3.63,100.55,2.78,131.29,2.75,0.78,7.24,8.58,64.36,8.88,5.13
1727,中華化,128.92,92.27,2.72,3.18,114.77,5.21,70.05,1.14,0.60,1.78,2.69,0.87,2.67,0.39
1730,花仙子,337.79,269.53,"25,359.93",4.83,75.56,2.83,128.97,5.15,1.02,10.13,13.38,51.93,9.93,3.65
1731,美吾華,306.82,233.59,"2,286.30",5.45,66.97,1.74,209.77,1.54,0.48,6.31,8.38,15.81,13.00,1.27
1732,毛寶,283.03,219.88,-12.60,5.99,60.93,3.46,105.49,2.56,0.85,-0.89,-1.26,-0.88,-1.09,-0.14
1733,五鼎,393.02,193.14,33.12,4.33,84.29,1.54,237.01,2.26,0.70,4.96,6.4,14.10,6.90,1.16
1734,杏輝,219.86,143.63,10.07,4.46,81.83,2.37,154.00,0.93,0.48,6.17,10.79,17.06,12.04,2.24
1735,日勝化,112.67,69.07,4.69,3.01,121.26,2.81,129.89,1.74,0.70,2.84,5.02,9.26,3.17,0.76
1736,喬山,130.27,73.92,4.54,3.73,97.85,1.88,194.14,8.39,1.01,2.69,7.42,43.95,1.86,2.34
1737,臺鹽,274.85,229.89,99.27,4.91,74.33,4.87,74.94,0.90,0.41,2.66,3.28,16.45,6.37,1.5
1752,南光,119.88,58.82,31.28,5.06,72.13,1.79,203.91,1.24,0.58,5.49,8.29,21.16,9.23,1.96
1760,寶齡富錦,140.51,83.89,15.85,5.36,68.09,1.67,218.56,1.22,0.59,2.72,3.94,19.67,4.10,0.9
1762,中化生,215.02,63.34,18.15,7.58,48.15,1.21,301.65,0.98,0.42,5.76,8.09,42.99,12.69,3.42
1773,勝一,122.04,59.55,104.99,7.28,50.13,3.94,92.63,1.18,0.70,11.38,18.86,77.01,16.02,6.31
1776,展宇,308.39,226.51,5.01,3.43,106.41,2.84,128.52,3.73,0.70,2.16,2.85,6.36,2.48,0.39
1783,和康生,471.61,403.16,無,6.13,59.54,2.32,157.32,1.45,0.42,11.28,12.48,21.72,26.66,1.86
1786,科妍,692.39,621.54,"2,654.71",7.71,47.34,2.19,166.66,0.63,0.33,8.66,11.34,31.01,24.95,2.66
1789,神隆,874.71,652.99,"3,913.71",4.47,81.65,1.10,331.81,0.77,0.25,2.49,2.76,4.41,9.01,0.36
1795,美時,279.66,191.71,10.15,3.18,114.77,2.13,171.36,5.37,0.54,14.56,26.31,192.59,24.21,15.72
1802,台玻,135.59,90.00,1.45,3.63,100.55,2.74,133.21,1.09,0.50,0.59,0.05,0.99,0.05,0.01
1805,寶徠,182.43,84.91,-4.26,40.51,9.01,0.24,"1,520.83",12.24,0.10,-6.37,-16.58,-10.39,-75.67,-1.55
1806,冠軍,187.89,134.05,3.91,4.07,89.68,2.11,172.98,1.12,0.38,0.39,0.01,1.58,0.01,0.0
1808,潤隆,161.84,60.15,14.09,29.43,12.40,0.63,579.36,132.91,0.67,18.11,78.85,207.52,25.09,17.08
1809,中釉,222.65,147.14,-147.39,3.42,106.72,2.39,152.71,1.26,0.51,-0.77,-1.65,-3.66,-2.36,-0.1
1810,和成,139.48,84.20,2.28,3.94,92.63,2.01,181.59,1.41,0.46,0.62,0.33,2.19,0.45,0.06
1817,凱撒衛,383.60,194.61,53.41,7.05,51.77,2.05,178.04,2.58,0.92,8.91,11.66,42.45,9.49,3.27
1903,士紙,97.43,95.10,2.80,3.23,113.00,3.53,103.39,0.10,0.02,1.42,1.82,3.32,50.47,0.33
1904,正隆,136.88,74.61,1.84,6.39,57.12,3.81,95.80,1.08,0.60,2.38,3.16,12.10,2.21,0.83
1905,華紙,113.16,69.55,-1.96,6.04,60.43,3.79,96.30,1.32,0.59,-1.03,-3.12,-6.34,-2.65,-0.53
1906,寶隆,18.26,16.63,2.28,40.51,9.01,63.31,5.76,111.35,0.50,0.82,0.65,2.95,0.89,0.19
1907,永豐餘,131.03,87.92,341.32,5.08,71.85,5.46,66.84,1.52,0.52,2.08,2.92,15.43,2.84,1.1
1909,榮成,71.98,48.64,0.56,5.68,64.26,10.95,33.33,0.97,0.67,0.49,-4.46,-6.31,-2.21,-0.77
2002,中鋼,117.67,33.57,2.27,25.31,14.42,2.16,168.98,0.90,0.49,0.94,1.01,2.91,1.05,0.11
2006,東和鋼鐵,139.40,32.97,14.73,14.95,24.41,2.69,135.68,3.12,1.08,9.19,15.85,82.20,7.81,6.48
2007,燁興,92.07,41.52,-5.52,36.02,10.13,4.89,74.64,1.01,0.42,-7.18,-15.56,-18.52,-19.57,-1.85
2008,高興昌,114.79,74.94,564.87,13.26,27.52,1.66,219.87,0.97,0.19,6.80,13.82,21.59,19.53,2.24
2009,第一銅,127.90,23.54,120.72,12.92,28.25,1.42,257.04,2.48,0.36,0.16,-0.18,0.16,-0.35,-0.03
2010,春源,187.61,131.28,13.33,4.47,81.65,3.32,109.93,3.85,1.04,4.69,7.54,17.31,4.20,1.35
2012,春雨,428.48,247.17,5.28,4.28,85.28,1.85,197.29,2.85,0.68,3.70,7.11,17.19,4.26,0.91
2013,中鋼構,126.32,18.05,9.52,17.86,20.43,2.39,152.71,10.63,1.35,4.28,10.05,31.69,2.84,2.68
2014,中鴻,150.96,43.85,1.80,73.05,4.99,4.02,90.79,3.93,1.08,0.92,0.96,1.13,0.42,0.11
2015,豐興,275.86,99.17,72.12,17.48,20.88,4.47,81.65,3.64,1.29,9.14,10.87,49.90,6.81,4.08
2017,官田鋼,71.50,41.50,-2.00,12.98,28.12,2.20,165.90,0.80,0.30,-1.10,-3.3,-6.80,-6.80,-0.68
2020,美亞,178.60,86.90,22.28,12.95,28.18,2.87,127.17,6.74,0.94,15.06,29.39,59.41,15.26,4.8
2022,聚亨,271.89,128.33,3.76,14.12,25.84,3.16,115.50,2.68,0.97,2.98,2.92,6.62,2.32,0.24
2023,燁輝,109.87,60.23,0.30,18.18,20.07,6.53,55.89,1.62,0.79,0.09,-4.6,-6.87,-1.98,-0.55
2024,志聯,233.30,104.72,-2.07,4.63,78.83,1.44,253.47,0.92,0.53,0.50,-4.78,-5.98,-5.98,-0.56
2025,千興,"1,353.46",512.18,無,無,無,1.87,195.18,1.94,0.44,13.74,14.39,8.66,30.89,0.81
2027,大成鋼,294.35,67.41,9.29,12.96,28.16,1.27,287.40,3.87,0.72,5.50,9.18,39.47,6.73,2.3
2028,威致,167.72,48.23,"1,274.98",7.92,46.08,3.47,105.18,2.98,1.24,5.30,9.43,15.32,3.96,1.28
2029,盛餘,968.37,730.85,241.26,16.71,21.84,5.72,63.81,5.53,1.15,5.88,6.37,24.60,5.09,1.95
2030,彰源,209.21,78.87,1.58,10.51,34.72,2.66,137.21,2.77,1.07,1.49,1.01,3.33,0.40,0.18
2031,新光鋼,156.86,95.20,5.85,3.16,115.50,2.38,153.36,4.06,0.61,7.72,15.64,57.84,10.77,5.15
2032,新鋼,"1,329.29","1,008.72",-46.63,4.50,81.11,10.50,34.76,5.37,1.50,-1.07,-1.24,-2.01,-0.73,-0.16
2033,佳大,246.80,114.62,-0.19,3.28,111.28,2.10,173.80,1.29,0.47,-0.05,-0.3,-0.46,-0.53,-0.04
2034,允強,106.02,33.05,2.22,15.94,22.89,2.83,128.97,2.35,0.80,-0.28,-1.75,-3.13,-1.11,-0.38
2038,海光,100.51,40.07,1.43,8.25,44.24,4.33,84.29,2.09,0.99,1.04,0.75,1.95,0.32,0.28
2049,上銀,241.56,145.76,14.04,7.11,51.33,1.85,197.29,0.88,0.48,3.84,5.23,71.79,7.44,5.75
2059,川湖,745.16,696.85,113.88,3.34,109.28,2.31,158.00,1.80,0.28,13.70,16.86,359.47,46.92,28.38
2062,橋椿,171.43,125.73,639.58,3.06,119.28,3.44,106.10,1.32,0.60,2.92,4.3,17.63,4.16,1.57
2069,運錩,104.23,38.10,-0.09,13.15,27.75,4.28,85.28,2.70,1.34,-0.01,-3.77,-12.10,-1.25,-0.9
2101,南港,160.19,32.73,2.12,5.78,63.14,0.31,"1,177.41",1.03,0.20,0.70,1.3,2.38,1.71,0.16
2102,泰豐,171.40,156.63,"-1,645.65",2.00,182.50,1.97,185.27,0.09,0.04,-13.86,-30.96,-36.52,-361.47,-3.76
2103,台橡,164.28,97.46,506.79,7.61,47.96,3.98,91.70,3.07,0.84,3.34,4.66,17.25,3.08,0.82
2104,國際中橡,183.12,159.15,0.83,4.63,78.83,5.49,66.48,0.93,0.31,4.68,-1.52,-1.16,-3.03,-0.51
2105,正新,289.73,199.87,983.00,7.22,50.55,3.80,96.05,1.35,0.67,5.67,8.45,32.41,7.48,2.22
2106,建大,235.17,137.58,3.41,8.40,43.45,2.52,144.84,2.20,0.79,2.91,4.52,13.67,2.56,0.92
2107,厚生,582.89,399.47,23.49,9.21,39.63,0.31,"1,177.41",1.76,0.10,3.85,4.28,19.51,38.16,1.61
2108,南帝,978.75,854.31,255.76,10.90,33.48,4.44,82.20,3.30,0.51,5.51,6.19,25.74,10.59,1.45
2109,華豐,276.82,212.05,16.04,6.84,53.36,3.50,104.28,1.54,0.58,7.16,10.83,28.05,11.37,1.51
2114,鑫永銓,648.90,586.42,350.71,8.34,43.76,3.85,94.80,1.20,0.42,12.76,15.4,74.79,30.11,6.02
2115,六暉-KY,245.71,187.50,8.68,3.74,97.59,3.73,97.85,1.21,0.54,4.12,5.77,32.77,6.75,1.76
2201,裕隆,105.31,100.20,18.93,0.32,"1,140.62",4.59,79.52,1.97,0.22,2.40,10.53,100.86,10.34,4.63
2204,中華,151.45,92.06,"102,336.43",13.83,26.39,7.43,49.12,5.53,0.78,12.00,15.68,123.08,15.39,10.36
2206,三陽工業,148.93,92.01,19.40,19.53,18.68,4.95,73.73,4.53,1.08,11.70,29.2,101.26,10.34,7.95
2207,和泰車,103.88,96.24,56.33,0.73,500.00,12.44,29.34,3.47,0.49,5.95,30.74,529.50,11.89,41.03
2208,台船,100.15,43.39,-9.94,13.75,26.54,4.17,87.52,1.61,0.49,-8.74,-49.14,-43.20,-18.86,-4.32
2211,長榮鋼,285.38,203.49,96.25,10.42,35.02,2.05,178.04,3.03,0.33,12.86,16.41,116.47,38.90,8.8
2227,裕日車,417.88,400.94,196.48,93.43,3.90,無,無,23.76,1.11,4.95,6.28,49.04,4.44,3.87
2228,劍麟,353.50,260.56,70.70,4.09,89.24,3.39,107.66,2.66,0.80,8.52,12.05,93.04,10.50,6.78
2231,為升,250.57,185.29,9.02,2.42,150.82,1.96,186.22,1.89,0.44,3.64,6.11,32.77,7.23,3.15
2233,宇隆,299.12,215.77,101.13,4.52,80.75,2.55,143.13,1.92,0.65,10.48,15.07,94.75,15.87,8.86
2236,百達-KY,383.61,281.15,11.36,3.42,106.72,2.30,158.69,8.04,0.80,6.15,9.33,36.23,6.97,2.99
2239,英利-KY,128.69,89.24,2.40,3.79,96.30,3.52,103.69,2.04,0.65,1.30,1.51,36.64,1.01,1.41
2241,艾姆勒,364.05,251.79,-10.43,2.92,125.00,2.29,159.38,0.58,0.30,-7.86,-15.52,-22.69,-27.35,-2.47
2243,宏旭-KY,108.65,40.73,-2.29,2.54,143.70,0.93,392.47,3.15,0.51,-3.39,-24.68,-18.26,-8.62,-2.21
2247,汎德永業,216.00,141.36,55.10,131.61,2.77,10.08,36.21,10.00,2.27,8.13,14.29,278.11,3.52,22.17
2250,IKKA-KY,177.53,148.26,16.38,3.77,96.81,6.60,55.30,4.74,1.02,3.61,7.2,69.11,3.27,4.07
2254,巨鎧精密-創,81.90,59.38,-1.24,16.20,22.53,3.37,108.30,0.34,0.24,-1.17,-5.43,9.26,-8.65,-0.78
2258,鴻華先進-創,763.06,694.49,無,8.23,44.34,2.02,180.69,0.96,0.06,-10.88,-11.9,-12.59,-184.60,-1.2
2301,光寶科,158.79,130.91,13.23,4.13,88.37,4.00,91.25,7.92,0.76,8.12,17.58,78.05,9.84,6.36
2302,麗正,171.76,142.44,213.19,5.75,63.47,3.31,110.27,1.50,0.32,3.89,4.79,6.40,12.12,0.52
2303,聯電,218.95,179.68,48.81,6.69,54.55,4.34,84.10,1.09,0.41,11.47,17.57,56.24,27.61,4.93
2305,全友,546.75,478.01,900.00,9.52,38.34,2.07,176.32,1.41,0.20,0.94,1.0,1.92,3.87,0.03
2308,台達電,206.18,143.34,"4,254.90",4.78,76.35,3.03,120.46,4.35,0.91,7.77,17.3,187.26,8.32,12.86
2312,金寶,133.47,97.46,1.46,4.36,83.71,6.16,59.25,5.96,1.32,2.35,2.64,7.75,0.52,0.51
2313,華通,175.20,139.56,"1,077.79",4.02,90.79,6.29,58.02,1.88,0.84,5.81,10.69,44.23,6.21,3.49
2314,台揚,125.63,60.98,-5.66,4.10,89.02,1.34,272.38,5.43,0.56,-8.96,-31.3,-21.98,-19.48,-2.6
2316,楠梓電,176.87,146.86,18.80,3.65,100.00,4.09,89.24,1.40,0.26,6.40,9.87,66.49,23.77,4.61
2317,鴻海,159.01,119.78,3.99,6.16,59.25,6.72,54.31,16.29,1.53,5.12,9.28,138.66,2.51,10.25
2321,東訊,102.92,85.68,34.96,4.57,79.86,2.76,132.24,8.44,0.49,0.66,-4.3,-4.76,-2.51,-2.6
2323,中環,440.57,352.75,19.52,5.16,70.73,1.62,225.30,1.79,0.30,7.51,9.86,16.56,23.82,1.61
2324,仁寶,133.06,98.18,3.35,4.92,74.18,8.75,41.71,32.73,2.13,2.92,7.02,26.98,0.96,1.76
2327,國巨,113.49,87.89,12.25,5.04,72.42,2.41,151.45,1.69,0.35,6.28,13.6,576.61,16.32,41.8
2328,廣宇,206.22,160.65,31.49,3.64,100.27,5.66,64.48,9.32,1.03,6.18,9.89,35.53,5.81,2.42
2329,華泰,185.05,155.47,62.07,4.46,81.83,7.82,46.67,3.24,0.94,10.79,17.9,30.16,11.27,2.66
2330,台積電,240.16,212.46,54.08,9.96,36.64,4.18,87.32,0.75,0.41,16.14,26.18,377.59,38.75,32.34
2331,精英,173.58,153.84,69.20,6.49,56.24,5.91,61.75,9.31,0.85,4.43,8.59,23.06,5.14,1.82
2332,友訊,307.11,216.43,27.39,4.77,76.51,2.65,137.73,9.45,1.00,4.52,5.37,14.28,3.56,0.95
2337,旺宏,310.05,163.64,-6.23,7.08,51.55,1.48,246.62,0.70,0.34,-1.84,-3.37,-10.15,-6.15,-0.92
2338,光罩,68.54,56.49,2.52,4.82,75.72,9.89,36.90,0.94,0.37,2.06,3.46,17.38,2.28,1.75
2340,台亞,241.73,167.78,16.39,3.95,92.40,2.34,155.98,0.99,0.34,2.77,3.57,6.85,7.65,0.7
2342,茂矽,380.97,330.54,-20.86,5.33,68.48,3.47,105.18,2.50,0.39,-4.47,-6.99,-11.23,-11.91,-1.12
2344,華邦電,184.56,113.11,0.29,7.63,47.83,2.32,157.32,0.76,0.40,0.44,0.03,-1.66,0.04,-0.29
2345,智邦,171.91,123.99,159.73,6.94,52.59,4.93,74.03,33.77,1.64,17.50,39.11,209.37,10.60,15.99
2347,聯強,163.08,108.54,618.69,4.97,73.44,6.74,54.15,39.21,1.82,4.09,10.1,63.05,1.84,4.37
2348,海悅,312.43,108.60,13.05,6.10,59.83,0.35,"1,042.85",171.39,0.27,6.65,27.75,148.94,22.53,13.86
2349,錸德,236.72,188.73,0.07,4.00,91.25,3.24,112.65,0.96,0.40,-1.31,-3.63,-2.11,-4.96,-0.44
2351,順德,211.17,92.69,15.04,5.37,67.97,2.42,150.82,2.09,0.87,6.64,11.07,54.95,7.19,4.08
2352,佳世達,126.67,80.63,4.49,5.21,70.05,4.17,87.52,5.30,1.07,3.12,6.84,32.13,2.22,1.51
2353,宏碁,146.97,96.14,28.51,4.66,78.32,5.02,72.70,55.33,1.21,2.95,7.47,25.59,2.33,1.64
2354,鴻準,267.45,255.72,21.57,5.18,70.46,16.04,22.75,21.00,0.52,3.16,4.13,37.81,5.78,3.01
2355,敬鵬,250.59,194.50,20.86,4.38,83.33,4.03,90.57,2.65,0.73,3.53,4.77,28.97,4.55,1.92
2356,英業達,113.53,77.95,2.58,5.66,64.48,8.50,42.94,17.38,2.15,4.09,10.11,20.17,1.17,1.71
2357,華碩,155.49,86.41,32.88,5.22,69.92,2.52,144.84,24.37,1.01,3.88,7.36,297.45,3.71,21.44
2359,所羅門,180.87,105.41,"3,908.22",4.49,81.29,1.94,188.14,9.71,0.49,6.57,10.15,37.24,13.22,3.11
2360,致茂,187.34,128.32,86.16,3.26,111.96,1.56,233.97,2.63,0.55,11.97,18.37,121.45,21.31,9.45
2362,藍天,101.88,83.94,2.32,8.58,42.54,5.30,68.86,7.62,0.26,1.83,2.56,17.43,4.35,1.81
2363,矽統,"2,983.78","2,930.23","2,200.30",11.59,31.49,0.60,608.33,0.25,0.01,3.22,3.24,8.24,298.55,0.76
2364,倫飛,86.23,52.27,9.69,15.07,24.22,2.65,137.73,4.02,0.88,9.22,27.42,35.51,9.57,3.51
2365,昆盈,624.47,554.47,12.36,10.71,34.08,2.47,147.77,1.21,0.22,2.23,2.44,4.16,9.42,0.33
2367,燿華,104.67,70.39,-53.00,3.57,102.24,5.37,67.97,1.23,0.67,-0.73,-3.35,-5.15,-2.30,-0.51
2368,金像電,237.82,174.30,44.50,2.78,131.29,3.85,94.80,4.54,0.95,11.48,22.65,106.09,11.74,7.25
2369,菱生,236.67,199.47,-3.97,5.21,70.05,10.15,35.96,1.36,0.71,-1.55,-2.75,-5.02,-2.83,-0.42
2371,大同,188.63,121.19,3.54,6.62,55.13,2.15,169.76,1.68,0.37,2.59,4.32,9.29,5.60,1.13
2373,震旦行,207.96,174.14,17.13,8.65,42.19,3.58,101.95,4.01,0.64,6.89,13.35,62.76,10.18,4.86
2374,佳能,210.90,173.83,32.84,6.87,53.12,2.97,122.89,1.58,0.55,2.80,3.63,10.50,4.92,0.96
2375,凱美,138.00,106.37,5.17,2.81,129.89,2.83,128.97,2.04,0.29,2.10,2.98,39.73,5.52,2.44
2376,技嘉,211.20,118.88,73.59,9.07,40.24,4.40,82.95,28.01,1.88,6.60,12.92,96.03,3.47,7.46
2377,微星,208.42,118.09,"33,280.34",9.26,39.41,4.95,73.73,34.01,2.06,8.52,15.28,108.62,4.12,8.92
2379,瑞昱,149.82,123.17,39.11,7.63,47.83,2.11,172.98,11.67,0.91,9.05,20.56,186.10,9.61,17.85
2380,虹光,119.26,66.66,-11.44,3.25,112.30,1.82,200.54,4.36,0.72,-14.14,-41.29,-18.75,-20.59,-1.88
2382,廣達,126.38,100.46,6.80,3.99,91.47,5.72,63.81,17.85,1.57,6.32,21.86,133.93,3.72,10.29
2383,台光電,145.95,119.36,26.68,2.85,128.07,5.78,63.14,2.64,0.85,11.34,22.45,216.20,13.29,16.35
2385,群光,149.17,108.13,90.53,4.14,88.16,4.06,89.90,6.19,1.11,10.23,20.33,148.32,9.15,10.35
2387,精元,161.01,129.34,9.92,3.06,119.28,5.55,65.76,4.71,1.04,6.70,11.92,91.66,5.68,6.5
2388,威盛,2.63,2.12,10.60,28.06,13.00,2.61,139.84,6.39,0.53,0.02,0.03,0.14,0.04,0.82
2390,云辰,429.28,298.34,-11.24,7.16,50.97,0.83,439.75,2.71,0.21,-2.44,-3.07,-3.11,-12.41,-0.42
2392,正崴,164.14,112.12,6.06,4.93,74.03,4.74,77.00,4.15,0.89,2.55,5.75,61.22,2.32,3.09
2393,億光,265.30,249.49,178.37,3.31,110.27,12.25,29.79,2.71,0.68,5.81,8.02,45.73,8.45,3.32
2395,研華,258.23,192.08,"29,223.02",6.34,57.57,3.23,113.00,5.77,0.95,15.99,23.18,154.54,16.71,12.65
2397,友通,188.01,108.08,9.58,3.74,97.59,2.10,173.80,3.44,0.82,3.53,6.49,44.31,3.82,3.16
2399,映泰,377.49,219.44,-758.89,16.45,22.18,2.21,165.15,18.01,0.84,-4.04,-5.16,-6.57,-4.84,-0.64
2401,凌陽,437.13,351.72,0.00,6.53,55.89,1.66,219.87,2.95,0.38,-1.30,-1.96,-1.45,-3.99,-0.84
2402,毅嘉,184.57,150.85,13.23,2.57,142.02,5.91,61.75,3.13,0.85,5.02,7.88,17.83,5.43,1.56
2404,漢唐,128.24,84.90,35.45,8.70,41.95,0.36,"1,013.88",49.66,1.48,12.50,42.08,339.97,7.04,24.82
2405,輔信,471.32,325.86,6.54,11.23,32.50,1.28,285.15,1.63,0.38,0.42,0.38,0.88,0.83,0.04
2406,國碩,194.43,145.43,-14.02,2.61,139.84,3.20,114.06,0.70,0.26,-7.74,-13.01,-34.09,-31.32,-0.99
2408,南亞科,479.73,335.42,-72.35,6.24,58.49,1.34,272.38,0.35,0.15,-3.71,-4.27,-34.55,-24.88,-2.4
2409,友達,152.50,119.00,0.00,11.30,32.30,8.20,44.51,1.40,0.60,-4.20,-10.2,-28.20,-7.30,-2.37
2412,中華電,156.93,135.10,"14,823.71",8.56,42.64,4.71,77.49,0.76,0.43,7.30,9.63,60.58,17.02,4.76
2413,環科,174.26,75.04,4.65,6.42,56.85,2.02,180.69,4.35,0.89,2.58,5.23,10.23,2.30,0.84
2414,精技,168.79,122.71,18.24,5.45,66.97,11.28,32.35,16.62,2.55,4.78,9.88,31.63,1.77,2.38
2415,錩新,137.29,130.49,1.10,6.31,57.84,3.91,93.35,3.12,0.27,2.17,-0.72,2.24,-0.87,-0.22
2417,圓剛,246.59,202.24,818.49,8.25,44.24,1.79,203.91,1.98,0.53,2.31,3.0,8.07,3.92,0.01
2419,仲琦,244.82,137.02,2.95,4.24,86.08,2.03,179.80,4.80,0.83,2.12,0.1,5.87,1.74,0.02
2420,新巨,339.49,229.75,29.99,6.19,58.96,1.52,240.13,6.97,0.40,10.16,14.57,44.52,25.32,3.55
2421,建準,202.85,157.62,38.27,3.98,91.70,3.95,92.40,5.81,1.04,11.04,21.48,64.06,10.33,5.16
2423,固緯,283.15,168.97,104.19,3.76,97.07,1.26,289.68,3.35,0.78,11.11,15.93,38.27,14.16,2.95
2424,隴華,128.09,111.24,"-1,401.56",4.27,85.48,9.53,38.30,0.49,0.18,-30.93,-67.87,-37.34,-186.50,-3.95
2425,承啟,287.04,198.07,27.79,6.68,54.64,10.95,33.33,350.70,1.86,7.06,9.66,31.45,3.42,1.68
2426,鼎元,311.78,228.01,-9.81,3.30,110.60,2.19,166.66,1.21,0.42,-2.30,-3.24,-5.36,-5.98,-0.44
2427,三商電,217.51,69.40,885.41,7.21,50.62,1.19,306.72,3.32,0.65,4.62,9.18,15.99,6.34,1.36
2428,興勤,487.47,401.75,103.30,3.06,119.28,2.98,122.48,2.04,0.51,9.66,14.25,134.45,18.52,10.21
2429,銘旺科,173.68,128.85,-1.24,13.94,26.18,7.90,46.20,2.28,0.83,-5.82,-18.21,-8.70,-9.63,-0.56
2430,燦坤,85.35,33.69,5.81,133.76,2.72,6.62,55.13,6.26,1.37,1.91,6.01,30.14,1.39,2.39
2431,聯昌,707.53,648.99,"-4,823.65",3.94,92.63,3.60,101.38,6.52,0.34,-5.41,-6.76,-7.41,-15.96,-0.85
2432,倚天酷碁-創,264.12,234.33,"1,631.58",5.60,65.17,15.19,24.02,"3,437.49",1.23,7.15,10.44,12.59,5.81,1.98
2433,互盛電,238.95,217.92,"1,858.98",8.03,45.45,2.78,131.29,1.16,0.37,6.97,11.13,42.31,17.64,3.39
2434,統懋,157.39,149.90,-570.40,3.45,105.79,3.56,102.52,0.16,0.09,-4.81,-7.53,-9.81,-57.56,-0.98
2436,偉詮電,781.92,629.18,9.95,3.35,108.95,1.77,206.21,9.05,0.49,3.84,6.24,12.72,7.18,1.18
2438,翔耀,84.62,54.76,-91.30,2.31,158.00,2.51,145.41,0.25,0.11,-6.35,-9.55,-9.94,-59.98,-1.0
2439,美律,130.69,106.54,21.22,4.03,90.57,6.87,53.12,8.98,1.11,4.52,10.69,85.97,3.86,6.16
2440,太空梭,206.02,183.58,546.31,3.41,107.03,12.49,29.22,12.99,1.36,-7.44,-10.46,-8.91,-4.65,-0.99
2441,超豐,358.18,319.73,無,5.41,67.46,8.84,41.28,0.98,0.55,8.16,9.41,44.14,14.71,3.51
2442,新美齊,136.47,37.21,27.87,68.55,5.32,0.18,"2,027.77",40.80,0.16,2.80,8.92,20.71,17.06,1.67
2444,兆勁,312.57,190.00,0.62,3.45,105.79,2.50,146.00,3.61,0.87,-0.09,-1.6,-0.64,-0.87,-0.16
2449,京元電子,284.47,264.15,11.85,4.65,78.49,17.29,21.11,0.73,0.45,8.86,15.63,61.21,18.22,4.78
2450,神腦,221.72,138.03,70.90,17.25,21.15,10.76,33.92,39.73,3.08,7.03,11.05,31.49,2.25,2.73
2451,創見,606.59,419.94,745.23,8.51,42.89,1.80,202.77,6.79,0.48,9.07,10.23,57.59,18.91,4.63
2453,凌群,153.74,119.73,20.29,4.36,83.71,10.13,36.03,17.60,1.32,6.26,13.26,32.95,4.33,2.78
2454,聯發科,125.38,104.51,"21,829.67",9.03,40.42,3.96,92.17,8.09,0.69,12.46,18.89,542.50,17.80,48.51
2455,全新,255.94,181.21,42.23,5.89,61.96,2.87,127.17,1.04,0.60,10.25,14.64,29.30,16.71,2.43
2457,飛宏,207.72,154.94,4.56,5.61,65.06,3.09,118.12,3.16,0.82,2.43,3.36,10.77,2.13,0.68
2458,義隆,259.42,194.75,148.06,12.79,28.53,1.95,187.17,9.61,0.88,14.60,21.06,81.37,16.46,7.53
2459,敦吉,210.59,190.02,16.39,3.41,107.03,8.75,41.71,5.00,0.72,6.35,10.69,88.12,8.12,5.46
2460,建通,127.85,87.26,-4.99,2.94,124.14,2.67,136.70,1.53,0.51,-2.69,-7.85,-16.24,-6.70,-1.05
2461,光群雷,180.16,125.27,0.14,3.81,95.80,3.13,116.61,3.36,0.70,-0.60,-2.0,-2.22,-1.47,0.66
2462,良得電,175.11,131.47,15.38,2.36,154.66,4.32,84.49,2.60,0.76,5.50,9.39,19.49,6.87,1.86
2464,盟立,126.26,99.80,5.80,18.26,19.98,5.70,64.03,3.22,0.70,1.78,4.26,12.48,2.07,0.89
2465,麗臺,149.04,51.86,-267.24,11.73,31.11,4.50,81.11,21.78,1.84,-5.65,-21.03,-15.82,-3.74,-2.53
2466,冠西電,145.90,84.29,1.66,4.76,76.68,1.53,238.56,1.43,0.24,2.26,1.59,3.28,2.86,0.18
2467,志聖,160.89,134.07,"1,832.47",1.54,237.01,1.85,197.29,4.67,0.45,6.42,14.11,37.26,13.41,3.12
2468,華經,195.19,161.67,29.03,8.55,42.69,9.93,36.75,9.93,1.12,3.89,6.45,14.17,3.35,1.12
2471,資通,293.29,271.31,289.61,3.82,95.54,0.00,無,52.37,0.59,12.11,19.39,41.41,20.55,3.66
2472,立隆電,208.01,168.52,"3,349.26",3.15,115.87,3.96,92.17,1.52,0.61,8.73,12.06,96.56,13.87,5.6
2474,可成,130.82,128.16,"1,131.97",2.70,135.18,4.65,78.49,1.33,0.07,4.02,5.65,180.68,50.63,13.33
2476,鉅祥,325.40,289.52,50.58,3.83,95.30,4.48,81.47,4.61,0.59,7.98,12.82,55.21,13.26,3.54
2477,美隆電,237.25,203.59,2.55,4.90,74.48,2.81,129.89,1.50,0.30,0.71,0.59,3.68,1.09,0.24
2478,大毅,229.97,139.23,23.76,3.65,100.00,1.68,217.26,1.27,0.49,4.21,5.67,36.76,8.14,2.56
2480,敦陽科,175.41,84.78,390.48,8.21,44.45,2.27,160.79,15.54,1.10,11.91,24.49,91.43,10.77,7.36
2481,強茂,201.58,155.72,6.74,3.24,112.65,2.80,130.35,1.43,0.44,4.06,6.86,30.49,7.97,2.15
2482,連宇,375.76,257.45,176.46,9.82,37.16,2.28,160.08,8.50,0.90,11.69,15.01,31.41,12.97,2.4
2483,百容,141.86,107.43,2.00,5.06,72.13,3.69,98.91,0.85,0.41,1.23,1.44,-2.89,2.33,0.32
2484,希華,345.74,221.60,"2,667.15",3.86,94.55,1.82,200.54,1.50,0.43,4.96,6.37,21.54,11.07,1.64
2485,兆赫,249.38,164.11,-26.86,3.25,112.30,2.09,174.64,2.26,0.65,-3.13,-4.5,-8.48,-4.94,-0.23
2486,一詮,194.82,143.47,508.69,2.51,145.41,3.51,103.98,2.76,0.65,3.17,4.62,11.01,3.92,0.92
2488,漢平,396.63,335.40,831.27,8.76,41.66,3.91,93.35,6.81,0.73,10.40,14.62,56.87,14.26,4.39
2489,瑞軒,245.54,207.09,44.28,5.21,70.05,6.34,57.57,5.64,0.81,2.33,3.37,7.69,2.76,0.58
2491,吉祥全,856.95,584.45,26.07,4.18,87.32,0.37,986.48,3.15,0.13,4.38,4.83,7.32,31.19,0.45
2492,華新科,149.23,121.40,9.87,3.42,106.72,3.63,100.55,1.25,0.35,3.19,4.36,71.73,8.10,4.09
2493,揚博,142.82,103.07,"7,465.17",4.08,89.46,1.86,196.23,4.67,0.70,14.37,23.95,76.31,20.58,6.03
2495,普安,249.94,225.38,8.98,8.59,42.49,1.16,314.65,2.42,0.22,4.18,5.78,10.51,17.36,0.88
2496,卓越,88.63,86.77,69.15,242.37,1.50,109.67,3.32,2.66,0.57,7.83,12.43,65.61,13.53,5.48
2497,怡利電,194.90,124.15,879.38,3.93,92.87,2.25,162.22,3.48,0.90,6.25,10.98,22.26,6.18,1.89
2498,宏達電,199.00,188.00,-13.00,6.28,58.12,1.58,231.01,0.64,0.10,-6.94,-14.04,-40.85,-76.86,-4.09
3002,歐格,"1,071.80",907.76,12.15,4.21,86.69,1.79,203.91,2.50,0.32,0.64,0.91,0.60,1.89,0.11
3003,健和興,546.32,413.17,"6,080.54",4.47,81.65,1.80,202.77,2.87,0.52,6.92,8.86,49.46,13.17,3.49
3004,豐達科,161.59,65.42,11.81,4.69,77.82,1.95,187.17,1.04,0.63,6.91,14.38,65.78,10.01,5.77
3005,神基,195.99,150.02,62.13,4.40,82.95,4.02,90.79,3.95,0.88,10.15,17.46,80.74,11.37,6.17
3006,晶豪科,219.23,101.33,"-1,385.40",10.97,33.27,1.39,262.58,5.93,0.63,-5.96,-11.32,-42.92,-10.17,-4.36
3008,大立光,455.06,433.16,"19,337.82",5.38,67.84,5.12,71.28,1.24,0.26,9.42,11.17,"1,655.97",36.65,134.13
3010,華立,151.41,122.43,7.79,3.74,97.59,10.20,35.78,10.83,1.34,5.35,11.89,130.32,3.47,8.96
3011,今皓,144.48,104.48,-34.09,2.98,122.48,3.49,104.58,4.08,0.69,-7.63,-13.84,-15.61,-11.42,-1.17
3013,晟銘電,156.68,121.29,42.28,2.77,131.76,6.52,55.98,2.89,0.99,3.80,8.07,14.91,3.92,1.29
3014,聯陽,340.45,285.41,"1,216.22",7.83,46.61,2.50,146.00,9.71,0.84,21.35,26.89,119.72,25.29,9.86
3015,全漢,205.02,157.44,33.41,3.80,96.05,3.85,94.80,8.88,0.65,3.24,4.51,41.79,4.85,3.2
3016,嘉晶,412.50,317.06,7.44,3.82,95.54,3.68,99.18,2.10,0.58,2.62,3.22,7.13,3.87,0.57
3017,奇鋐,149.03,100.71,218.92,10.51,34.72,2.71,134.68,5.63,0.90,8.55,28.27,209.36,8.96,14.11
3018,隆銘綠能,107.87,100.46,-5.48,2.00,182.50,0.00,無,4.42,0.53,-8.59,-78.93,-26.29,-18.98,-1.72
3019,亞光,297.80,247.78,"99,038.53",4.25,85.88,4.48,81.47,6.94,0.86,5.26,7.36,47.26,6.09,2.78
3021,鴻名,1.78,1.32,15.12,3.26,111.96,3.53,103.39,7.07,1.00,4.63,8.52,19.54,4.00,1.34
3022,威強電,316.51,269.63,121.84,7.62,47.90,3.08,118.50,5.89,0.55,10.06,14.3,98.80,18.24,7.83
3023,信邦,158.27,89.04,39.43,3.76,97.07,2.11,172.98,10.48,1.03,9.99,22.55,163.24,9.44,13.71
3024,憶聲,144.00,66.57,14.80,11.50,31.73,0.84,434.52,11.14,0.31,2.41,3.86,5.42,7.14,0.39
3025,星通,266.07,164.02,136.44,4.76,76.68,0.59,618.64,4.33,0.55,17.01,23.55,43.49,30.76,3.0
3026,禾伸堂,289.89,192.40,"1,366.00",4.62,79.00,3.24,112.65,2.79,0.88,4.56,6.55,50.20,4.97,5.13
3027,盛達,210.87,176.57,12.10,13.03,28.01,4.34,84.10,2.82,0.53,3.52,5.49,11.64,6.14,0.64
3028,增你強,130.77,66.90,228.19,4.02,90.79,2.66,137.21,78.45,1.52,3.89,8.07,25.99,1.39,2.03
3029,零壹,182.33,147.18,"2,625.40",4.51,80.93,7.56,48.28,31.91,1.74,8.77,16.95,55.93,5.04,4.5
3030,德律,344.42,256.32,457.95,1.66,219.87,1.16,314.65,1.19,0.50,11.10,13.86,53.14,22.58,4.24
3031,佰鴻,439.17,392.98,59.53,2.30,158.69,4.47,81.65,2.86,0.32,5.08,5.91,12.91,15.72,1.05
3032,偉訓,156.49,109.00,39.58,3.67,99.45,4.07,89.68,6.00,1.00,9.46,18.6,82.43,9.18,5.41
3033,威健,140.16,61.19,2.12,5.36,68.09,3.61,101.10,512.76,1.97,4.28,8.77,24.47,1.11,1.85
3034,聯詠,314.88,280.41,"4,454.54",6.46,56.50,5.06,72.13,15.85,1.07,22.75,35.12,463.93,21.12,38.32
3035,智原,274.22,232.35,156.58,8.21,44.45,3.17,115.14,22.43,0.89,11.67,16.59,83.30,13.05,6.39
3036,文曄,134.21,79.62,3.34,6.02,60.63,6.18,59.06,531.63,2.55,2.47,6.27,50.82,0.67,4.24
3037,欣興,195.67,163.63,"2,359.23",4.36,83.71,5.70,64.03,1.02,0.48,5.85,12.94,102.12,11.75,7.88
3038,全台,342.36,252.69,"4,089.43",6.63,55.05,3.40,107.35,8.89,1.03,10.15,16.89,32.08,9.54,2.81
3040,遠見,743.40,671.43,"19,899.60",20.94,17.43,2.32,157.32,2.16,0.10,4.00,4.31,15.79,40.47,1.02
3041,揚智,157.24,115.68,-845.33,6.60,55.30,2.04,178.92,2.49,0.46,-53.61,-69.45,-62.66,-116.99,-8.75
3042,晶技,226.75,172.66,"3,680.84",3.17,115.14,2.70,135.18,1.79,0.56,9.10,14.08,66.61,15.79,5.53
3043,科風,88.07,47.90,1.46,5.92,61.65,2.72,134.19,4.78,1.03,0.99,-0.17,12.91,-0.05,-0.12
3044,健鼎,174.76,142.98,44.55,3.34,109.28,4.11,88.80,2.82,0.77,8.12,14.14,153.67,10.29,11.53
3045,台灣大,58.31,46.13,"1,797.49",18.94,19.27,13.92,26.22,3.86,0.84,6.95,16.44,46.92,7.82,4.33
3046,建碁,181.89,172.69,644.66,8.53,42.79,33.70,10.83,943.53,2.49,10.05,20.36,26.99,4.04,3.14
3047,訊舟,227.92,103.81,-497.69,4.10,89.02,1.67,218.56,1.72,0.61,-3.60,-8.21,-10.72,-6.13,-0.15
3048,益登,116.97,62.99,102.69,9.94,36.72,6.80,53.67,153.58,3.48,4.10,0.12,1.56,0.01,0.02
3049,精金,358.10,339.88,-14.26,6.37,57.29,11.19,32.61,0.13,0.09,-5.85,-9.08,-11.81,-67.56,-1.12
3050,鈺德,209.20,196.04,2.90,8.77,41.61,9.52,38.34,0.46,0.22,2.13,2.67,5.70,6.38,0.5
3051,力特,352.29,194.19,5.69,3.22,113.35,1.44,253.47,1.27,0.46,4.81,7.06,11.62,8.60,1.03
3052,夆典,190.15,148.09,"1,316.01",41.84,8.72,3.21,113.70,29.44,0.41,2.65,6.31,11.85,5.95,1.04
3054,立萬利,941.26,800.27,911.17,3.61,101.10,0.67,544.77,107.87,0.05,0.68,0.66,0.57,13.12,0.06
3055,蔚華科,354.15,334.59,-3.32,2.96,123.31,5.02,72.70,2.22,0.35,-1.22,-2.03,-3.91,-4.11,-0.49
3056,富華新,161.06,40.00,21.86,"10,682.37",0.03,0.05,"7,300.00",7.42,0.07,1.49,4.23,12.05,20.15,0.9
3057,喬鼎,237.39,121.12,0.00,7.90,46.20,0.91,401.09,5.75,0.47,-11.25,-17.87,-15.24,-24.53,-1.55
3058,立德,126.31,83.27,1.82,3.25,112.30,3.93,92.87,2.90,0.85,2.08,2.8,2.81,1.11,0.28
3059,華晶科,199.86,158.37,11.33,4.58,79.69,3.07,118.89,2.28,0.57,2.88,4.47,21.65,4.50,1.27
3060,銘異,189.51,119.52,-14.61,4.21,86.69,2.31,158.00,3.71,0.62,-5.70,-8.68,-15.42,-8.80,-1.57
3062,建漢,233.52,185.94,-7.42,2.59,140.92,3.74,97.59,4.46,0.52,-3.99,-6.44,-8.13,-8.33,-0.97
3090,日電貿,270.74,205.68,12.74,3.22,113.35,4.03,90.57,16.48,1.13,8.35,11.15,43.38,6.75,3.39
3092,鴻碩,169.45,127.93,-3.77,2.26,161.50,2.05,178.04,0.99,0.42,-2.48,-7.87,-18.72,-7.65,-1.58
3094,聯傑,"1,962.08","1,876.52",85.74,10.63,34.33,1.41,258.86,1.69,0.21,4.37,4.84,6.78,20.92,0.61
3130,一零四,173.00,170.25,"36,139.19",31.50,11.58,0.00,無,9.98,0.68,13.23,27.28,165.70,19.39,13.61
3138,耀登,271.85,231.48,22.13,4.10,89.02,3.28,111.28,2.94,0.58,6.98,12.59,57.51,11.56,4.42
3149,正達,103.85,93.24,-1.33,4.14,88.16,10.56,34.56,1.40,0.43,-1.83,-8.3,-8.16,-6.35,-0.82
3150,鈺寶-創,993.98,850.44,"-8,712.40",12.38,29.48,1.06,344.33,73.92,0.37,-3.80,-4.43,-5.59,-10.25,-0.7
3164,景岳,317.99,251.60,29.94,6.82,53.51,1.45,251.72,0.31,0.19,1.39,1.52,3.26,7.05,0.38
3167,大量,182.55,118.14,1.76,1.02,357.84,0.96,380.20,0.85,0.28,0.66,0.53,2.17,0.90,0.16
3168,眾福科,234.30,166.54,73.57,5.54,65.88,3.85,94.80,4.91,1.09,8.89,13.37,57.36,8.03,4.02
3189,景碩,205.97,180.38,5.30,5.67,64.37,4.94,73.88,0.59,0.36,1.91,3.0,31.38,4.36,0.11
3209,全科,145.12,61.81,2.41,11.57,31.54,5.43,67.21,67.02,2.81,5.17,12.34,32.41,1.07,2.61
3229,晟鈦,218.22,144.82,-5.68,3.93,92.87,4.95,73.73,4.21,0.99,-2.40,-4.03,-3.60,-2.73,-0.39
3231,緯創,125.40,83.16,3.78,7.83,46.61,5.77,63.25,17.67,1.96,5.61,14.76,83.87,2.11,4.08
3257,虹冠電,701.40,531.98,"121,764.14",8.43,43.29,1.56,233.97,6.14,0.57,14.52,15.95,36.77,23.22,3.12
3266,昇陽,174.61,24.20,6.55,48.13,7.58,0.29,"1,258.62",30.64,0.31,4.89,11.95,20.58,15.19,1.94
3296,勝德,184.96,132.76,3.00,2.78,131.29,3.96,92.17,4.19,0.64,-2.99,-7.33,-9.35,-5.89,-0.91
3305,昇貿,231.20,170.55,7.91,2.97,122.89,3.68,99.18,3.80,0.76,3.41,4.89,27.98,3.76,1.74
3308,聯德,263.28,259.86,31.52,5.20,70.19,14.27,25.57,1.15,0.27,22.70,49.19,70.09,82.29,5.94
3311,閎暉,234.89,188.09,232.74,4.64,78.66,6.68,54.64,5.59,0.63,3.62,4.6,24.98,5.72,1.75
3312,弘憶股,157.06,130.28,6.23,4.55,80.21,8.60,42.44,46.19,2.03,4.96,11.65,24.12,2.05,1.98
3321,同泰,141.85,119.43,-8.91,2.36,154.66,4.99,73.14,3.13,0.83,-13.50,-43.52,-27.06,-17.58,-4.01
3338,泰碩,180.93,156.78,197.52,2.33,156.65,8.03,45.45,8.44,1.03,6.62,12.98,36.28,6.38,2.78
3346,麗清,143.81,96.85,496.03,2.92,125.00,2.80,130.35,5.46,0.94,4.15,10.33,27.65,3.67,2.83
3356,奇偶,626.11,474.34,69.98,7.63,47.83,0.85,429.41,959.83,0.51,12.58,15.08,36.74,23.16,3.2
3376,新日興,227.83,194.90,"5,081.46",2.37,154.00,4.81,75.88,1.81,0.47,3.84,5.14,61.95,8.02,4.3
3380,明泰,187.95,102.86,616.73,5.38,67.84,2.73,133.69,6.65,1.11,3.00,4.75,14.90,2.26,1.01
2501,國建,185.06,34.26,3.17,16.89,21.61,0.25,"1,460.00",3.33,0.19,3.18,8.03,21.35,14.34,1.87
2504,國產,144.50,131.29,"3,850.90",2.70,135.18,21.54,16.94,1.60,0.52,9.35,14.48,38.86,17.21,3.0
2505,國揚,193.90,39.23,17.89,5.42,67.34,0.04,"9,125.00",9.47,0.04,1.82,3.08,8.78,41.45,0.8
2506,太設,207.28,67.39,3.62,46.31,7.88,0.18,"2,027.77",0.72,0.11,1.36,1.35,5.52,8.16,0.12
2509,全坤建,168.64,24.21,-0.44,12.20,29.91,0.04,"9,125.00",1.06,0.02,-1.18,-5.34,-10.65,-107.14,-1.09
2511,太子,485.08,334.92,3.09,10.59,34.46,0.89,410.11,1.55,0.18,1.24,2.25,4.47,6.89,0.37
2514,龍邦,112.11,77.37,716.80,13.03,28.01,3.43,106.41,2.00,0.53,3.45,8.98,31.92,5.54,2.44
2515,中工,235.84,100.43,2.62,3.51,103.98,0.80,456.25,5.90,0.33,1.59,2.72,5.10,3.29,0.41
2516,新建,100.06,97.07,"1,024.04",38.28,9.53,無,無,13.64,1.33,2.96,12.05,9.33,2.02,0.77
2520,冠德,164.86,63.72,15.27,11.88,30.72,0.53,688.67,3.09,0.34,5.79,13.66,69.06,15.78,4.42
2524,京城,369.78,8.67,1.84,70.17,5.20,0.04,"9,125.00",3.58,0.07,1.93,2.53,13.39,17.31,1.2
2527,宏璟,125.91,16.98,4.87,79.28,4.60,0.14,無,2.22,0.08,3.08,5.45,24.47,24.35,2.15
2528,皇普,144.40,5.18,1.30,"1,637.15",0.22,0.07,"5,214.28",16.06,0.09,1.22,4.62,8.08,13.06,0.64
2530,華建,208.25,19.28,2.81,9.62,37.94,0.06,"6,083.33",16.68,0.09,2.36,4.75,7.74,25.81,0.61
2534,宏盛,128.20,17.22,4.33,209.23,1.74,0.10,"3,650.00","1,126.95",0.08,2.11,3.52,12.72,20.40,1.1
2535,達欣工,197.65,108.15,27.24,8.80,41.47,0.23,"1,586.95",20.12,0.62,5.17,12.44,53.14,8.01,3.77
2536,宏普,151.34,23.71,1.53,20.21,18.06,0.07,"5,214.28",41.86,0.07,1.43,1.78,7.30,6.80,0.69
2537,聯上發,153.45,20.23,0.44,287.06,1.27,0.03,"12,166.66",90.67,0.03,0.23,-1.46,-2.24,-11.02,-0.2
2538,基泰,135.41,32.14,7.50,30.10,12.12,0.01,"36,500.00",3.06,0.02,8.18,26.49,38.91,429.96,0.94
2539,櫻花建,243.56,32.90,11.63,128.69,2.83,0.19,"1,921.05",139.14,0.31,8.29,17.6,28.84,27.11,2.24
2540,愛山林,134.16,34.17,560.82,2.98,122.48,0.23,"1,586.95",9.69,0.25,5.90,19.98,50.59,18.60,3.91
2542,興富發,138.32,25.22,10.01,15.70,23.24,0.17,"2,147.05",6.62,0.19,4.33,16.6,57.06,20.04,1.33
2543,皇昌,86.83,69.89,10.13,3.92,93.11,6.23,58.58,3.33,0.82,4.68,19.0,29.59,5.19,2.15
2545,皇翔,126.93,11.59,1.95,20.34,17.94,0.09,"4,055.55",1.44,0.09,2.43,6.43,28.00,16.05,2.32
2546,根基,155.81,108.19,288.55,6.95,52.51,0.65,561.53,89.49,1.17,8.15,22.03,103.95,6.93,8.2
2547,日勝生,81.13,35.44,1.17,6.23,58.58,0.53,688.67,0.85,0.13,1.20,-0.15,3.03,-0.22,-0.11
2548,華固,204.53,20.30,"3,190.00",無,無,無,無,77.65,0.37,8.65,17.79,154.90,22.60,12.95
2597,潤弘,138.07,66.75,"2,223.81",6.88,53.05,0.47,776.59,5.78,1.01,9.62,25.23,135.69,9.05,10.28
2601,益航,64.94,37.04,-149.80,12.37,29.50,0.96,380.20,0.42,0.15,-4.90,-20.6,-27.95,-46.03,-2.02
2603,長榮,213.10,202.00,13.97,11.14,32.76,無,無,1.17,0.34,5.43,7.59,301.66,14.45,16.7
2605,新興,137.73,135.14,426.87,7.44,49.05,無,無,0.30,0.20,3.10,3.14,9.80,12.26,0.76
2606,裕民,143.85,139.86,2.80,16.30,22.39,無,無,0.38,0.18,4.90,8.04,31.38,18.57,3.24
2607,榮運,411.20,400.50,35.56,5.52,66.12,無,無,0.98,0.38,6.83,9.18,35.38,17.28,2.55
2608,嘉里大榮,112.77,109.58,15.76,6.10,59.83,1.54,237.01,0.78,0.49,7.82,14.53,46.79,15.23,3.63
2609,陽明,415.41,405.50,5.49,16.53,22.08,無,無,1.77,0.31,1.57,1.63,32.35,3.61,1.37
2610,華航,77.40,64.73,406.82,17.48,20.88,無,無,1.47,0.63,3.26,9.97,15.38,4.04,1.13
2611,志信,635.98,584.22,30.33,3.99,91.47,2.66,137.21,2.74,0.16,12.35,15.72,25.39,75.80,2.48
2612,中航,123.23,120.62,217.56,14.10,25.88,52.56,6.94,0.27,0.18,2.84,2.83,21.90,8.18,1.66
2613,中櫃,107.76,92.13,4.56,5.83,62.60,無,無,0.70,0.30,1.22,3.05,8.82,3.10,0.71
2614,東森,122.99,99.78,-4.18,12.21,29.89,3.15,115.87,1.70,0.35,-0.39,-8.35,-9.76,-5.92,-0.91
2615,萬海,403.75,390.04,-0.34,23.61,15.45,無,無,0.75,0.29,-1.23,-2.68,-8.89,-5.77,-2.07
2616,山隆,111.95,99.48,2.69,19.19,19.02,43.37,8.41,4.40,1.50,1.20,1.64,6.41,0.50,0.48
2617,台航,220.54,211.11,6.54,40.89,8.92,無,無,0.24,0.16,7.94,10.5,47.94,41.68,3.98
2618,長榮航,100.36,94.82,"1,110.70",無,無,無,無,1.54,0.62,7.97,21.67,53.40,11.53,4.01
2630,亞航,268.75,200.61,267.83,3.66,99.72,4.03,90.57,6.62,0.93,1.73,2.13,3.28,1.17,0.31
2633,台灣高鐵,83.55,76.05,2.43,107.88,3.38,無,無,262.07,0.12,3.31,11.29,17.30,15.71,1.39
2634,漢翔,148.92,60.97,11.93,4.82,75.72,2.05,178.04,4.40,0.90,5.62,13.51,30.17,5.69,2.36
2636,台驊控股,196.52,194.15,20.10,38.53,9.47,無,無,105.85,5.29,14.06,26.54,137.92,10.59,10.76
2637,慧洋-KY,59.20,57.15,2.54,106.08,3.44,86.76,4.20,0.23,0.19,5.95,7.1,44.14,19.24,4.38
2642,宅配通,169.06,166.46,無,5.72,63.81,16.63,21.94,6.47,0.94,2.46,4.27,12.11,2.26,0.99
2645,長榮航太,344.76,272.94,"1,592.94",5.17,70.59,5.37,67.97,2.33,0.66,8.72,15.36,59.77,12.40,4.95
2701,萬企,"1,084.77","1,084.42",無,6.80,53.67,無,無,0.86,0.03,2.54,2.93,6.44,79.86,0.53
2702,華園,465.95,462.22,77.45,39.30,9.28,19.53,18.68,0.39,0.17,3.47,0.3,-4.84,1.80,0.16
2704,國賓,730.66,706.73,643.79,35.53,10.27,2.55,143.13,1.07,0.05,2.41,2.97,18.38,38.59,1.34
2705,六福,42.60,33.35,0.51,47.91,7.61,29.56,12.34,0.42,0.14,0.40,-2.0,-5.10,-4.42,-0.51
2706,第一店,"1,731.77","1,730.53",210.52,113.82,3.20,無,無,0.92,0.03,2.68,3.08,7.49,87.59,0.6
2707,晶華,163.86,160.89,38.16,32.78,11.13,36.50,10.00,3.37,0.64,14.85,31.63,149.81,22.57,11.11
2712,遠雄來,50.92,43.83,"1,202.41",55.20,6.61,22.51,16.21,0.41,0.36,2.93,3.96,5.75,7.47,0.47
2722,夏都,130.28,123.32,11.41,70.56,5.17,36.53,9.99,0.61,0.26,2.96,3.69,8.29,10.35,0.69
2723,美食-KY,135.44,114.25,758.06,62.10,5.87,9.15,39.89,3.04,1.05,4.29,6.83,58.56,3.64,4.2
2727,王品,115.19,90.08,"1,606.88",43.19,8.45,5.93,61.55,9.45,1.40,9.69,36.34,204.71,6.18,16.79
2731,雄獅,142.28,98.56,56.51,38.70,9.43,5.97,61.13,51.07,2.71,18.38,54.64,162.93,6.67,15.21
2739,寒舍,51.35,45.74,338.85,45.52,8.01,35.56,10.26,4.99,0.35,4.09,43.47,46.61,8.57,4.52
2748,雲品,245.90,181.31,15.27,35.20,10.36,5.78,63.14,1.18,0.48,6.16,11.67,33.53,12.00,2.76
2753,八方雲集,133.51,110.94,22.25,48.40,7.54,20.18,18.08,3.59,1.22,9.36,15.79,101.92,7.33,8.35
2762,世界健身-KY,25.81,23.53,3.09,64.34,5.67,0.54,675.92,1.67,0.54,3.01,14.2,44.39,3.70,3.5
2801,彰銀,無,無,無,無,無,無,無,1.83,0.01,0.46,7.27,14.95,33.66,1.2
2809,京城銀,無,無,無,無,無,無,無,2.08,0.03,1.62,13.42,66.22,62.25,5.59
2812,台中銀,無,無,無,無,無,無,無,1.02,0.02,0.81,9.36,15.75,38.98,1.31
2816,旺旺保,無,無,無,無,無,無,無,7.89,0.53,6.31,22.01,58.57,11.79,5.37
2820,華票,無,無,無,無,無,無,無,13.90,0.01,0.60,5.49,11.34,63.82,0.96
2832,台產,無,無,無,無,無,無,無,18.30,0.31,4.48,9.26,32.53,14.45,2.7
2834,臺企銀,無,無,無,無,無,無,無,無,1.49,0.49,9.43,15.11,33.11,1.29
2836,高雄銀,無,無,無,無,無,無,無,無,0.01,0.30,5.0,9.46,22.64,0.7
2838,聯邦銀,227.29,無,無,無,無,無,無,1.28,0.02,0.47,6.75,13.15,24.09,1.02
2845,遠東銀,無,無,無,無,無,無,無,2.58,0.02,0.54,7.33,11.57,32.63,1.03
2849,安泰銀,無,無,無,無,無,無,無,無,1.70,0.32,3.32,6.39,18.91,0.56
2850,新產,無,無,無,無,無,無,無,17.09,0.42,6.40,17.91,111.49,14.62,9.22
2851,中再保,無,無,無,無,無,無,無,72.64,0.41,4.01,11.59,31.17,9.51,2.61
2852,第一保,無,無,無,無,無,無,無,11.52,0.40,3.45,8.11,25.05,8.60,2.11
2855,統一證,121.21,121.16,無,無,無,無,無,無,無,3.09,9.33,22.08,30.28,1.98
2867,三商壽,無,無,無,無,無,無,無,無,無,-0.62,-27.67,-25.37,-7.72,-2.11
2880,華南金,無,無,無,無,無,無,無,183.83,1.59,0.58,11.01,19.20,36.35,1.58
2881,富邦金,無,無,無,無,無,無,無,無,0.02,0.60,9.36,50.94,38.76,4.8
2882,國泰金,"1,866.56",無,無,無,無,無,無,2.79,0.02,0.81,7.34,36.09,16.94,3.24
2883,開發金,無,無,無,無,無,無,無,1.26,0.01,0.53,8.03,11.17,47.91,1.13
2884,玉山金,無,無,無,無,無,無,無,1.92,0.02,0.61,10.03,16.93,32.61,1.41
2885,元大金,186.60,無,無,無,無,無,無,1.97,0.03,1.71,9.74,26.78,29.08,2.09
2886,兆豐金,無,無,無,無,無,無,無,無,無,0.79,10.46,26.37,43.00,2.37
2887,台新金,無,無,無,無,無,無,無,無,0.02,0.50,7.78,13.05,20.89,1.01
2888,新光金,無,無,無,無,無,無,無,0.64,0.01,-0.15,-3.2,-8.05,-28.83,-0.48
2889,國票金,無,無,無,無,無,無,無,無,0.02,1.73,5.47,9.14,35.06,0.58
2890,永豐金,無,無,無,無,無,無,無,4.06,0.02,2.26,11.55,18.63,36.67,1.62
2891,中信金,無,無,無,無,無,無,無,無,0.02,0.72,13.83,33.26,42.16,2.82
2892,第一金,無,無,無,無,無,無,無,無,無,0.52,9.51,20.75,33.40,1.65
2897,王道銀行,82.85,無,無,無,無,無,無,無,0.02,0.57,6.09,13.28,35.90,0.87
2901,欣欣,744.42,732.72,364.39,20.56,17.75,5.47,66.72,0.35,0.13,2.96,3.39,5.07,22.22,0.41
2903,遠百,54.03,49.19,6.37,27.66,13.19,7.06,51.69,1.11,0.28,3.62,10.15,36.51,10.78,1.95
2904,匯僑,83.12,76.59,698.64,9.09,40.15,無,無,0.34,0.21,3.69,5.44,10.39,14.77,0.84
2905,三商,863.89,無,無,無,無,無,無,3.75,0.11,-0.55,-21.3,-104.63,-5.12,-3.09
2906,高林,170.45,110.79,8.63,4.17,87.52,4.00,91.25,2.32,0.73,3.62,5.63,23.18,4.35,0.57
2908,特力,119.64,69.98,1.44,6.73,54.23,3.55,102.81,6.40,0.94,2.01,3.83,5.12,0.79,0.52
2910,統領,116.03,89.89,602.58,23.07,15.82,0.65,561.53,0.32,0.12,4.28,8.23,13.25,29.95,1.17
2911,麗嬰房,90.46,41.91,-586.00,8.42,43.34,1.67,218.56,6.82,0.74,-11.20,-46.1,-36.71,-17.03,-3.83
2912,統一超,87.13,64.14,12.86,無,無,9.26,39.41,8.82,1.29,5.60,27.08,157.34,3.99,10.21
2913,農林,253.71,39.55,-1.36,11.38,32.07,0.25,"1,460.00",0.06,0.01,-0.86,-2.23,-3.70,-75.74,-0.36
2915,潤泰全,426.14,397.77,27.48,14.68,24.86,3.33,109.60,1.92,0.02,7.16,8.4,69.41,282.57,7.19
2923,鼎固-KY,272.99,70.54,237.65,26.65,13.69,0.11,"3,318.18",14.97,0.10,1.46,1.13,25.76,4.82,0.32
2929,淘帝-KY,395.52,367.31,無,2.49,146.58,283.17,1.28,"48,207.60",0.56,-1.51,-2.38,-2.30,-2.86,-0.63
2939,永邑-KY,"1,662.92","1,632.07","-7,095.21",2.48,147.17,66.79,5.46,92.16,0.40,-7.92,-8.9,-15.50,-19.82,-1.76
2945,三商家購,110.36,45.36,5.27,143.59,2.54,6.08,60.03,11.78,2.42,1.77,4.4,15.85,0.59,1.5
3406,玉晶光,170.92,149.38,28.77,4.21,86.69,4.80,76.04,1.08,0.54,8.03,15.13,398.91,14.23,27.25
3413,京鼎,405.07,324.85,"12,028.28",14.80,24.66,2.93,124.57,3.57,0.67,10.36,17.75,258.52,15.25,20.48
3416,融程電,288.47,220.59,170.94,6.12,59.64,2.79,130.82,2.74,0.68,13.31,18.05,79.18,19.47,6.62
3419,譁裕,263.94,213.49,-832.07,2.24,162.94,4.12,88.59,1.81,0.61,-5.04,-9.0,-10.18,-8.97,-1.0
3432,台端,"1,429.52","1,418.71",-27.60,4.83,75.56,5.16,70.73,0.25,0.05,-6.62,-8.06,-5.46,-130.49,-0.06
3437,榮創,319.63,290.43,-21.87,3.68,99.18,6.32,57.75,2.58,0.60,-4.34,-5.76,-9.56,-5.14,-0.7
3443,創意,177.44,108.74,755.96,10.52,34.69,3.20,114.06,43.56,1.24,16.62,39.54,310.07,13.37,26.18
3447,展達,154.76,92.90,-2.96,3.19,114.42,2.21,165.15,10.97,0.88,-1.74,-5.47,-5.85,-2.30,-0.86
3450,聯鈞,212.62,179.35,35.81,5.35,68.22,7.39,49.39,1.18,0.60,1.44,2.16,18.35,2.44,-0.52
3454,晶睿,192.10,122.63,36.04,6.09,59.93,3.02,120.86,9.30,1.36,7.83,14.18,66.43,5.58,5.65
3481,群創,152.64,108.70,-8.60,6.60,55.30,5.36,68.09,1.34,0.57,-4.65,-7.72,-18.02,-8.78,-2.01
3494,誠研,40.82,10.66,-4.92,25.20,14.48,2.21,165.15,0.50,0.33,-11.85,-38.2,-18.43,-41.05,-1.52
3501,維熹,580.87,384.23,228.88,3.19,114.42,1.82,200.54,2.78,0.63,6.01,7.73,58.44,9.52,4.29
3504,揚明光,173.57,136.24,-12.80,5.26,69.39,4.75,76.84,1.55,0.58,-5.27,-9.12,-25.31,-9.55,-2.52
3515,華擎,251.89,130.39,216.94,10.60,34.43,2.11,172.98,46.72,1.30,6.34,11.27,100.12,4.84,7.54
3518,柏騰,395.27,381.14,3.60,1.37,266.42,13.90,26.25,1.64,0.23,-2.76,-3.68,1.45,-13.05,-0.59
3528,安馳,135.86,52.05,2.07,4.08,89.46,4.29,85.08,246.81,0.96,3.36,5.82,22.18,1.74,1.65
3530,晶相光,509.18,197.94,"-3,026.96",41.06,8.88,0.87,419.54,43.81,0.49,-8.14,-11.45,-44.40,-17.24,-3.7
3532,台勝科,139.07,91.41,119.80,4.85,75.25,2.72,134.19,0.57,0.35,8.19,13.76,110.91,23.25,8.92
3533,嘉澤,380.41,340.14,"10,674.66",2.40,152.08,3.66,99.72,2.72,0.68,15.85,22.11,674.65,22.84,50.65
3535,晶彩科,371.80,298.01,-0.53,1.37,266.42,1.23,296.74,1.08,0.24,-1.47,-2.85,-1.34,-7.40,-0.42
3543,州巧,314.42,290.23,10.96,2.95,123.72,11.75,31.06,2.97,0.68,1.34,2.83,11.26,1.61,0.88
3545,敦泰,273.21,212.30,859.61,9.70,37.62,2.58,141.47,5.48,0.69,2.04,3.99,19.54,2.60,1.74
3550,聯穎,116.87,98.38,-6.54,2.71,134.68,10.86,33.60,4.37,0.84,-7.48,-21.14,-40.54,-9.95,-4.14
3557,嘉威,102.64,66.03,981.89,4.83,75.56,2.68,136.19,5.34,0.96,8.78,16.25,62.52,8.13,4.81
3563,牧德,"1,036.37",980.79,228.62,1.62,225.30,2.42,150.82,7.25,0.36,8.52,10.07,87.06,23.44,8.21
3576,聯合再生,111.29,91.63,-12.85,6.48,56.32,3.17,115.14,1.17,0.40,-11.76,-25.93,-22.69,-31.28,-2.39
3583,辛耘,111.41,38.29,188.56,7.89,46.26,0.63,579.36,4.49,0.41,3.90,17.18,107.10,9.41,8.1
3588,通嘉,605.13,329.26,54.63,6.32,57.75,0.97,376.28,2.39,0.61,1.55,1.75,4.20,2.53,0.5
3591,艾笛森,282.77,230.96,4.77,3.88,94.07,4.37,83.52,1.21,0.52,1.43,1.55,3.44,2.24,0.35
3592,瑞鼎,234.04,205.57,189.58,6.13,59.54,4.54,80.39,44.66,0.89,7.05,11.94,203.90,7.86,19.02
3593,力銘,69.11,56.18,-1.85,2.96,123.31,8.25,44.24,2.16,0.61,-3.46,-13.95,-7.84,-7.93,-0.75
3596,智易,133.57,80.06,21.95,4.97,73.44,3.25,112.30,9.89,1.30,6.36,16.57,145.22,4.67,10.98
3605,宏致,132.41,105.04,-148.04,3.18,114.77,5.09,71.70,2.28,0.67,-1.43,-4.89,-20.06,-3.14,-1.98
3607,谷崧,216.77,183.72,-0.83,2.80,130.35,5.24,69.65,4.07,0.88,-0.69,-2.08,-3.32,-1.54,-0.36
3617,碩天,192.54,126.19,23.17,5.26,69.39,1.61,226.70,6.77,0.92,12.44,23.13,212.84,12.57,16.58
3622,洋華,"1,077.17","1,024.21","22,673.01",4.76,76.68,2.96,123.31,1.91,0.24,8.93,9.24,38.63,37.19,3.75
3645,達邁,106.10,62.61,-315.05,4.66,78.32,2.40,152.08,0.46,0.31,-2.51,-5.24,-10.71,-9.63,-1.06
3652,精聯,391.05,286.52,23.32,4.83,75.56,3.45,105.79,6.25,0.92,1.75,2.25,6.61,1.82,0.54
3653,健策,337.91,248.82,115.91,4.51,80.93,2.75,132.72,2.54,0.76,14.36,19.75,197.81,18.67,16.59
3661,世芯-KY,206.49,119.10,687.00,13.70,26.64,2.27,160.79,32.58,1.17,12.76,21.45,564.82,10.91,45.47
3665,貿聯-KY,232.48,155.44,393.98,5.45,66.97,2.99,122.07,4.55,0.94,6.42,9.81,210.79,4.53,14.37
3669,圓展,222.79,185.79,25.33,9.03,40.42,2.25,162.22,2.05,0.59,6.23,8.27,27.84,10.06,2.69
3673,TPK-KY,219.36,194.77,1.40,6.12,59.64,7.80,46.79,5.04,0.82,0.92,0.61,14.58,0.32,0.51
3679,新至陞,209.54,194.64,13.00,2.95,123.72,6.45,56.58,2.41,0.40,6.10,10.71,106.41,13.88,7.77
3686,達能,"10,335.80","10,325.93",-574.00,0.99,368.68,無,無,323.72,0.06,-4.03,-4.08,-3.84,-71.64,-0.38
3694,海華,180.71,121.35,27.41,5.33,68.48,4.30,84.88,9.79,1.71,6.16,11.97,22.12,3.50,2.18
3701,大眾控,256.16,169.71,"1,943.00",4.47,81.65,3.18,114.77,23.12,1.20,5.99,9.95,33.27,4.72,1.49
3702,大聯大,133.00,81.27,2.68,5.31,68.73,5.87,62.18,41.78,2.13,4.12,9.85,54.72,1.21,4.59
3703,欣陸,132.71,57.45,2.90,11.59,31.49,1.05,347.61,3.21,0.40,2.54,4.42,20.78,4.35,2.09
3704,合勤控,220.88,171.14,18.80,3.94,92.63,4.08,89.46,16.36,1.24,5.83,12.83,38.02,4.46,3.38
3705,永信,265.33,145.10,"3,324.44",4.12,88.59,1.48,246.62,1.94,0.60,7.70,11.16,42.69,12.40,3.11
3706,神達,171.93,121.93,17.47,5.99,60.93,3.41,107.03,4.74,0.40,2.17,2.92,16.58,5.02,1.48
3708,上緯投控,171.05,155.79,24.71,1.82,200.54,7.35,49.65,1.99,0.51,9.26,15.43,146.93,17.57,12.88
3711,日月光投控,117.54,87.47,7.83,5.43,67.21,6.65,54.88,2.18,0.85,5.61,10.52,97.14,5.77,7.18
3712,永崴投控,163.84,121.95,6.52,10.44,34.96,11.41,31.98,3.14,0.45,2.75,5.69,44.75,5.13,2.31
3714,富采,280.86,235.77,-37.47,2.37,154.00,4.68,77.99,1.07,0.33,-10.45,-13.84,-98.08,-32.83,-9.02
3715,定穎投控,109.69,83.00,4.57,3.40,107.35,4.56,80.04,1.51,0.74,6.40,15.78,52.78,6.56,3.61
4104,佳醫,160.08,138.06,67.52,4.48,81.47,5.44,67.09,10.74,0.47,5.42,8.7,73.51,11.20,4.8
4106,雃博,246.41,182.85,15.80,5.23,69.78,2.64,138.25,3.65,0.82,5.08,6.66,20.80,5.75,1.51
4108,懷特,"2,613.29","2,270.83","-21,454.36",5.23,69.78,0.50,730.00,0.69,0.07,-3.13,-3.26,-3.73,-45.63,-0.24
4119,旭富,342.74,245.25,58.90,5.01,72.85,1.64,222.56,0.34,0.21,5.15,6.75,33.88,24.48,2.7
4133,亞諾法,"1,469.32",789.97,"34,266.90",6.73,54.23,0.24,"1,520.83",1.49,0.28,3.21,3.39,8.01,11.43,0.72
4137,麗豐-KY,187.04,172.02,"1,033.18","1,449.73",0.25,1.63,223.92,3.82,0.51,13.01,21.08,181.83,22.79,13.03
4142,國光生,248.51,204.38,-9.94,1.92,190.10,1.59,229.55,0.50,0.19,-6.89,-11.03,-14.90,-36.18,-1.52
4148,全宇生技-KY,356.65,267.19,65.68,4.87,74.94,2.53,144.26,4.87,0.73,3.66,6.03,40.23,4.93,2.18
4155,訊映,227.86,148.55,189.00,2.55,143.13,2.44,149.59,1.38,0.39,0.18,-0.08,0.55,-0.13,0.02
4164,承業醫,303.76,220.04,555.18,3.15,115.87,2.95,123.72,0.66,0.29,3.96,6.45,33.62,10.97,2.55
4190,佐登-KY,52.67,41.32,1.72,17.26,21.14,2.55,143.13,0.87,0.37,0.61,-0.01,7.30,-0.01,0.0
4306,炎洲,151.61,60.79,3.71,5.11,71.42,1.13,323.00,1.58,0.44,3.31,6.98,15.12,6.47,1.3
4414,如興,92.12,48.46,-23.53,4.66,78.32,3.39,107.66,5.32,1.00,-1.32,-12.7,-6.40,-4.13,-0.66
4426,利勤,131.33,100.22,-0.26,5.81,62.82,4.27,85.48,0.44,0.27,-0.18,-1.57,-2.48,-3.25,-0.24
4438,廣越,319.69,211.90,10.31,10.56,34.56,3.77,96.81,5.10,1.03,6.26,9.18,115.12,5.46,7.1
4439,冠星-KY,174.64,112.82,44.37,7.31,49.93,4.51,80.93,3.21,1.12,8.99,13.2,136.75,7.87,10.82
4440,宜新實業,139.68,85.29,4.65,6.13,59.54,4.08,89.46,0.64,0.44,2.53,3.27,7.75,4.55,0.67
4526,東台,124.44,57.67,1.67,2.66,137.21,1.28,285.15,3.29,0.55,1.69,2.26,3.65,1.59,0.2
4532,瑞智,142.93,124.93,16.62,2.49,146.58,7.85,46.49,2.97,0.69,3.54,7.39,22.14,4.75,1.5
4536,拓凱,225.92,187.41,22.14,4.81,75.88,2.83,128.97,2.21,0.62,9.92,17.09,219.86,15.27,15.58
4540,全球傳動,295.45,119.90,-1.08,2.65,137.73,0.82,445.12,0.89,0.33,-0.59,-3.08,-15.53,-4.03,-1.09
4545,銘鈺,187.81,139.25,7.33,4.51,80.93,3.31,110.27,1.80,0.65,3.03,4.42,15.31,4.00,1.08
4551,智伸科,167.71,117.83,15.74,2.82,129.43,2.93,124.57,1.45,0.54,4.22,6.39,61.55,7.23,4.47
4552,力達-KY,448.75,416.56,51.13,4.29,85.08,13.51,27.01,1.54,67.76,3.02,6.83,53.33,7.96,3.46
4555,氣立,375.70,198.59,0.07,3.20,114.06,1.02,357.84,0.66,0.30,-0.25,-1.14,-3.76,-2.44,-0.51
4557,永新-KY,165.42,134.25,16.92,3.07,118.89,3.74,97.59,3.65,0.87,11.10,18.26,114.03,12.05,9.02
4560,強信-KY,307.24,197.78,6.87,2.55,143.13,1.67,218.56,2.31,0.53,3.51,4.04,11.64,5.82,1.06
4562,穎漢,170.59,67.74,-2.88,2.53,144.26,0.62,588.70,0.91,0.31,-2.89,-7.84,-9.46,-11.57,-0.92
4564,元翎,266.16,199.13,-6.30,2.28,160.08,2.83,128.97,0.28,0.17,-4.22,-8.62,-20.53,-28.44,-1.87
4566,時碩工業,240.70,182.00,470.88,2.78,131.29,2.57,142.02,1.41,0.51,3.75,7.2,33.54,6.23,3.04
4569,六方科-KY,"1,725.22","1,484.54","4,192.43",3.88,94.07,3.11,117.36,1.15,0.46,3.53,3.83,31.10,7.78,3.26
4571,鈞興-KY,297.44,209.19,23.79,3.32,109.93,2.46,148.37,2.35,0.66,8.04,10.5,67.48,11.66,5.18
4572,駐龍,761.34,542.56,124.73,3.46,105.49,0.97,376.28,2.38,0.36,10.82,13.39,80.42,29.07,6.21
4576,大銀微系統,186.38,94.36,4.31,4.59,79.52,1.10,331.81,0.65,0.36,0.83,0.97,3.61,1.81,0.04
4581,光隆精密-KY,213.63,157.89,44.71,6.04,60.43,2.56,142.57,2.57,0.71,12.27,20.14,73.89,16.98,6.0
4583,台灣精銳,"1,385.87","1,033.12",170.89,8.74,41.76,0.69,528.98,0.74,0.25,8.03,8.89,136.28,32.50,10.89
4588,玖鼎電力,141.92,61.37,15.62,10.81,33.76,1.41,258.86,2.60,0.65,10.51,27.39,50.33,15.11,4.03
4720,德淵,142.47,101.26,575.07,4.91,74.33,4.62,79.00,3.30,1.05,2.54,5.73,10.63,1.86,0.74
4722,國精化,253.75,140.87,20.87,4.10,89.02,2.88,126.73,2.27,0.75,3.82,5.76,21.28,4.83,1.67
4736,泰博,308.78,253.42,112.15,3.83,95.30,1.32,276.51,1.58,0.39,8.57,10.94,139.22,21.90,10.67
4737,華廣,100.51,62.39,0.33,2.80,130.35,1.82,200.54,0.71,0.34,0.87,0.32,-5.24,0.37,0.1
4739,康普,202.86,165.21,0.27,9.09,40.15,2.82,129.43,1.13,0.49,-0.03,-1.21,-5.46,-1.42,-0.93
4746,台耀,161.77,109.12,5.10,4.81,75.88,1.24,294.35,0.73,0.33,-0.13,-0.65,11.84,-1.20,1.05
4755,三福化,112.84,70.77,20.56,3.85,94.80,5.69,64.14,1.55,0.66,6.23,9.79,57.72,8.90,4.41
4763,材料-KY,587.90,545.22,"33,816.22",38.28,9.53,9.60,38.02,6.86,1.27,60.17,74.74,711.12,47.37,62.52
4764,雙鍵,131.97,108.22,-1.61,4.24,86.08,3.97,91.93,1.15,0.48,-1.35,-3.81,-10.40,-3.86,-1.0
4766,南寶,210.12,165.54,33.55,4.21,86.69,5.14,71.01,3.64,0.85,10.91,17.0,281.47,12.47,20.14
4770,上品,403.70,277.56,352.07,3.07,118.89,1.37,266.42,3.30,0.57,17.31,23.75,260.91,29.57,21.22
4771,望隼,184.17,150.47,52.14,4.95,73.73,6.50,56.15,1.41,0.67,17.43,32.31,159.09,25.49,10.77
4807,日成-KY,241.98,120.36,-26.70,3.81,95.80,3.07,118.89,3.13,0.82,-11.43,-17.24,-55.93,-14.18,-4.12
4904,遠傳,79.87,66.79,18.25,7.76,47.03,9.98,36.57,2.14,0.51,6.53,14.55,38.34,12.05,3.42
4906,正文,186.09,140.80,864.26,3.22,113.35,5.91,61.75,7.01,1.12,2.72,4.11,19.44,2.09,1.55
4912,聯德控股-KY,172.02,133.77,5.69,2.75,132.72,3.64,100.27,3.02,0.64,4.41,7.96,48.17,5.89,4.18
4915,致伸,139.34,103.33,23.15,4.63,78.83,5.87,62.18,7.57,1.29,5.87,14.09,70.55,4.35,5.5
4916,事欣科,221.23,91.67,5.27,4.89,74.64,2.30,158.69,23.71,0.95,3.25,4.62,14.30,2.35,0.87
4919,新唐,234.68,134.40,"6,058.61",8.24,44.29,2.41,151.45,6.12,1.03,7.16,14.11,64.95,6.84,5.77
4927,泰鼎-KY,81.72,51.65,-1.87,3.55,102.81,3.81,95.80,1.16,0.66,-3.01,-10.68,-42.41,-6.33,-4.2
4930,燦星網,293.78,262.37,7.67,10.35,35.26,6.84,53.36,8.96,0.59,5.95,10.0,98.94,8.75,3.61
4934,太極,281.35,253.48,-19.56,159.95,2.28,7.22,50.55,2.74,0.67,-5.68,-7.93,-8.47,-8.87,-0.13
4935,茂林-KY,483.87,439.32,25.95,3.61,101.10,5.35,68.22,2.09,0.54,3.15,4.07,31.47,5.58,2.57
4938,和碩,148.94,110.88,9.32,6.62,55.13,8.52,42.84,16.68,2.25,3.20,8.37,91.23,1.38,5.9
4942,嘉彰,369.41,347.27,934.10,2.35,155.31,12.45,29.31,2.18,0.57,5.74,7.26,65.35,10.09,4.32
4949,有成精密,309.88,133.23,"4,748.49",16.44,22.20,2.58,141.47,53.10,1.74,7.68,12.36,44.64,4.32,3.2
4952,凌通,382.88,257.29,23.73,5.97,61.13,1.74,209.77,4.70,0.71,5.72,7.28,17.16,7.75,1.54
4956,光鋐,283.83,193.04,-9.82,1.79,203.91,2.93,124.57,0.79,0.39,-4.37,-7.75,-16.69,-12.25,-1.38
4958,臻鼎-KY,144.47,120.97,6.15,5.09,71.70,7.00,52.14,1.47,0.64,4.74,7.06,106.10,6.23,6.55
4960,誠美材,243.67,171.27,-574.12,4.28,85.28,3.03,120.46,2.29,0.63,-3.45,-5.77,-11.27,-6.29,-0.99
4961,天鈺,533.27,472.61,"109,586.56",6.56,55.64,4.55,80.21,15.63,0.65,9.42,13.64,231.06,14.53,13.29
4967,十銓,132.17,66.94,9.01,9.01,40.51,5.17,70.59,48.38,2.55,4.10,11.09,41.78,1.43,3.38
4968,立積,290.51,223.59,"-4,340.15",2.76,132.24,3.02,120.86,15.40,0.90,-6.56,-9.72,-30.75,-7.45,-2.46
4976,佳凌,553.50,419.75,-42.06,4.72,77.33,2.19,166.66,0.92,0.29,-7.95,-9.96,-18.60,28.35,-1.91
4977,眾達-KY,271.27,242.44,43.04,7.90,46.20,2.30,158.69,4.34,0.35,6.70,8.78,40.67,18.90,4.26
4989,榮科,447.17,323.40,-59.58,4.24,86.08,5.79,63.03,8.20,1.20,-4.47,-5.83,-12.08,-3.75,-0.97
4994,傳奇,322.96,320.87,"6,634.89",9.71,37.59,無,無,628.59,0.83,8.16,11.63,24.57,9.61,1.69
4999,鑫禾,510.60,459.20,6.88,2.65,137.73,5.60,65.17,2.00,0.47,0.20,0.11,4.25,0.20,0.05
5007,三星,488.39,327.78,"2,080.05",4.86,75.10,2.62,139.31,2.22,0.75,11.70,14.08,43.42,15.27,3.38
5203,訊連,261.41,257.83,"150,778.82",15.46,23.60,54.90,6.64,4.31,0.33,3.85,4.88,38.75,11.91,2.81
5215,科嘉-KY,385.99,338.12,"6,579.77",2.73,133.69,5.39,67.71,2.52,0.56,4.17,5.32,50.77,7.28,2.75
5222,全訊,706.05,538.36,"17,885.06",6.99,52.21,1.22,299.18,2.79,0.49,17.32,20.49,71.24,34.90,5.88
5225,東科-KY,158.88,120.49,37.84,6.51,56.06,8.46,43.14,13.34,1.81,9.30,20.94,76.40,5.01,8.02
5234,達興材料,266.79,233.01,85.63,3.97,91.93,7.92,46.08,2.70,0.93,11.57,17.2,58.94,12.27,5.1
5243,乙盛-KY,172.47,126.53,11.35,4.92,74.18,5.79,63.03,2.69,0.97,5.58,8.38,53.81,5.17,3.55
5244,弘凱,457.47,428.78,"11,798.31",2.61,139.84,9.43,38.70,1.90,0.45,8.48,9.95,28.56,18.46,2.4
5258,虹堡,211.97,143.46,"4,698.00",3.84,95.05,2.34,155.98,20.42,1.20,14.24,27.47,116.69,11.57,8.65
5269,祥碩,225.04,191.84,415.64,6.74,54.15,3.34,109.28,11.98,0.32,11.32,12.77,370.32,34.81,32.19
5283,禾聯碩,164.89,88.18,64.44,5.84,62.50,2.78,131.29,4.36,1.00,9.35,13.53,83.35,9.17,7.78
5284,jpp-KY,134.46,103.63,12.72,2.10,173.80,3.21,113.70,1.31,0.55,10.59,17.92,93.69,17.73,8.33
5285,界霖,363.61,220.08,9.03,5.24,69.65,2.92,125.00,3.41,0.96,3.85,5.97,27.03,3.48,1.75
5288,豐祥-KY,250.55,188.46,20.11,5.24,69.65,5.51,66.24,3.52,1.00,14.99,21.84,188.81,14.19,15.6
5292,華懋,182.87,167.64,"3,511.69",5.38,67.84,3.03,120.46,5.71,0.83,12.12,25.63,112.99,14.60,9.75
5306,桂盟,249.65,198.21,"2,515.16",5.10,71.56,2.32,157.32,1.35,0.39,6.33,9.78,80.87,15.68,5.89
5388,中磊,142.07,78.12,"1,240.00",5.61,65.06,3.04,120.06,12.16,1.36,5.65,20.76,111.25,3.82,9.17
5434,崇越,161.16,128.30,39.97,5.80,62.93,7.52,48.53,10.40,1.30,9.53,19.94,205.64,7.11,15.36
5469,瀚宇博,174.76,144.24,17.79,3.29,110.94,4.21,86.69,3.69,0.55,6.31,10.74,132.44,10.55,5.07
5471,松翰,685.09,488.96,0.00,9.34,39.07,1.44,253.47,3.75,0.63,4.48,5.18,11.98,7.12,1.11
5484,慧友,175.35,127.90,-4.68,4.98,73.29,2.15,169.76,5.17,0.41,-4.97,-7.97,-4.67,-13.25,-0.73
5515,建國,256.86,251.51,49.54,20.81,17.53,無,無,38.19,0.53,4.35,7.06,15.69,8.09,1.34
5519,隆大,405.40,67.18,842.01,27.26,13.38,0.08,"4,562.50",75.93,0.34,7.21,15.43,44.52,18.52,3.69
5521,工信,243.87,227.78,5.27,20.37,17.91,11.59,31.49,11.08,0.61,1.00,1.26,1.43,1.26,0.14
5522,遠雄,172.24,17.71,499.75,74.08,4.92,0.22,"1,659.09",193.37,0.22,3.86,8.17,61.19,17.01,4.76
5525,順天,134.09,3.15,"4,937.30",35.07,10.40,0.29,"1,258.62",17.02,0.30,4.15,13.6,30.78,13.54,2.5
5531,鄉林,119.45,14.06,0.48,202.18,1.80,0.15,"2,433.33",0.37,0.09,0.62,-3.59,-4.27,-10.22,-0.2
5533,皇鼎,647.03,313.64,288.14,117.69,3.10,0.57,640.35,0.85,0.30,7.27,9.52,36.75,23.63,3.12
5534,長虹,177.60,14.07,6.20,36.65,9.95,0.16,"2,281.25",121.10,0.21,4.02,9.18,81.06,18.74,6.32
5538,東明-KY,268.56,125.46,1.57,5.31,68.73,2.34,155.98,5.14,1.01,2.29,2.01,5.66,1.05,0.67
5546,永固-KY,111.46,104.16,-7.81,1.61,226.70,62.82,5.81,8.66,0.56,-5.15,-14.85,-57.86,-10.29,-4.58
5607,遠雄港,47.70,46.65,4.44,12.37,29.50,無,無,0.98,0.12,4.56,9.93,22.76,30.68,2.91
5608,四維航,79.50,72.87,0.20,88.69,4.11,21.00,17.38,0.20,0.15,-0.35,-5.75,-12.68,-16.52,-1.26
5706,鳳凰,133.89,118.88,16.99,30.29,12.05,無,無,2.23,0.75,6.45,13.31,29.17,8.09,2.44
5871,中租-KY,117.42,115.90,2.87,無,無,無,無,1.23,0.11,4.99,16.62,205.22,26.71,15.15
5876,上海商銀,無,無,無,無,無,無,無,2.20,0.02,0.73,7.43,43.67,35.34,3.02
5880,合庫金,無,無,無,無,無,無,無,無,無,0.39,7.66,15.01,29.13,1.17
5906,台南-KY,114.38,51.74,11.27,6.95,52.51,2.11,172.98,24.49,1.25,6.93,17.9,42.28,5.01,3.21
5907,大洋-KY,34.65,27.97,-1.70,17.13,21.30,3.38,107.98,0.66,0.15,-6.32,-33.81,-95.21,-54.55,-10.66
6005,群益證,108.19,108.11,無,無,無,無,無,無,無,2.37,10.87,20.28,38.96,1.9
6024,群益期,114.00,114.00,無,無,無,無,無,無,無,2.15,14.48,60.62,50.43,4.8
6108,競國,135.92,123.86,1.65,3.45,105.79,8.35,43.71,2.93,0.67,1.56,1.51,4.96,0.91,0.34
6112,邁達特,144.27,65.14,11.66,6.23,58.58,3.90,93.58,21.14,1.70,5.42,10.59,37.59,2.92,3.14
6115,鎰勝,257.86,250.86,21.99,3.27,111.62,10.42,35.02,5.62,0.74,6.39,9.98,41.36,8.21,2.82
6116,彩晶,163.59,134.48,"-7,386.29",7.82,46.67,9.72,37.55,0.66,0.23,-8.50,-10.46,-15.99,-37.82,-1.63
6120,達運,195.89,173.46,0.61,5.49,66.48,14.69,24.84,3.35,0.98,0.88,1.24,-0.33,0.65,0.17
6128,上福,107.05,76.27,10.85,6.37,57.29,2.64,138.25,2.88,0.66,5.95,10.66,42.58,8.15,3.4
6133,金橋,121.12,91.28,223.51,2.97,122.89,2.83,128.97,2.46,0.50,1.08,0.95,1.40,1.10,0.09
6136,富爾特,"1,043.75",907.64,"52,280.85",4.90,74.48,5.34,68.35,4.95,0.15,2.99,3.08,8.99,20.51,0.9
6139,亞翔,131.08,87.89,66.96,5.93,61.55,5.46,66.84,69.28,1.10,6.96,24.97,201.17,6.23,12.81
6141,柏承,59.81,48.00,-5.68,2.25,162.22,6.57,55.55,0.58,0.36,-5.59,-21.24,-49.77,-17.99,-3.76
6142,友勁,490.53,369.08,-0.15,3.84,95.05,2.60,140.38,1.87,0.51,-0.49,-1.16,-0.56,-1.46,-0.11
6152,百一,189.58,127.55,-0.94,3.14,116.24,2.48,147.17,6.37,0.73,-0.43,-1.44,-1.31,-1.01,-0.12
6153,嘉聯益,156.68,134.00,-26.36,3.55,102.81,8.08,45.17,0.75,0.43,-14.08,-24.55,-60.10,-34.04,-6.04
6155,鈞寶,223.67,190.39,"1,276.00",2.95,123.72,1.71,213.45,1.72,0.24,3.63,4.92,10.04,13.73,0.85
6164,華興,243.47,209.50,-4.54,2.61,139.84,2.68,136.19,1.42,0.43,-1.24,-2.25,-3.47,-3.60,-0.24
6165,浪凡,170.59,163.21,2.66,13.93,26.20,"9,600.83",0.03,7.36,1.42,1.41,1.89,3.81,0.57,0.26
6166,凌華,168.33,96.84,5.96,5.02,72.70,2.10,173.80,2.70,0.85,2.76,5.28,21.00,2.57,1.51
6168,宏齊,410.55,355.31,53.68,4.65,78.49,4.32,84.49,3.33,0.50,2.31,2.76,5.37,4.51,0.52
6176,瑞儀,252.00,225.70,"1,654.99",3.82,95.54,12.17,29.99,18.26,0.70,8.87,15.45,162.19,11.97,11.35
6177,達麗,140.82,15.74,559.69,79.66,4.58,0.43,848.83,8.92,0.42,5.89,24.83,64.94,13.46,5.08
6183,關貿,246.58,239.63,713.55,3.93,92.87,0.01,"36,500.00",3.19,0.65,13.60,18.99,38.95,20.92,3.2
6184,大豐電,75.83,69.25,18.80,19.37,18.84,24.52,14.88,1.03,0.28,7.54,11.72,40.27,25.21,3.52
6189,豐藝,151.48,103.37,8.01,5.73,63.69,6.23,58.58,77.63,1.73,6.78,16.58,53.46,3.18,4.0
6191,精成科,185.98,153.07,31.11,3.04,120.06,4.72,77.33,3.85,0.64,9.20,16.35,86.76,13.83,6.73
6192,巨路,228.55,144.05,"1,148.99",4.32,84.49,1.42,257.04,6.70,0.65,7.57,12.53,115.33,11.68,8.17
6196,帆宣,130.56,99.67,9.30,6.79,53.75,2.73,133.69,23.17,1.37,5.79,20.29,140.93,3.73,10.96
6197,佳必琪,236.32,196.30,61.19,4.07,89.68,5.91,61.75,12.09,1.07,13.48,19.28,66.38,12.35,5.2
6201,亞弘電,354.63,260.36,"1,098.00",5.54,65.88,2.84,128.52,6.44,0.95,11.63,15.32,57.54,12.14,4.63
6202,盛群,273.00,172.00,11.00,4.19,87.11,0.88,414.77,5.59,0.40,1.86,2.59,4.39,4.42,0.49
6205,詮欣,614.55,564.29,227.19,3.00,121.66,3.46,105.49,2.54,0.40,4.93,6.85,26.84,12.32,2.1
6206,飛捷,463.88,399.05,472.86,4.42,82.57,2.90,125.86,3.41,0.62,8.07,9.74,42.25,13.55,3.51
6209,今國光,232.46,174.98,-8.33,3.17,115.14,3.73,97.85,1.88,0.62,-0.99,-1.59,-4.51,-1.85,-0.29
6213,聯茂,202.15,171.90,9.03,2.12,172.16,6.74,54.15,2.25,0.75,2.37,3.42,31.75,2.70,1.86
6214,精誠,181.10,129.24,23.32,5.58,65.41,5.46,66.84,15.88,1.16,5.45,10.75,70.70,4.49,6.02
6215,和椿,433.13,300.39,304.70,2.86,127.62,1.59,229.55,4.20,0.53,4.26,5.29,10.20,8.07,0.95
6216,居易,972.45,825.92,無,6.94,52.59,1.55,235.48,3.85,0.41,6.55,7.26,14.41,15.86,1.34
6224,聚鼎,209.92,156.62,2.18,4.08,89.46,2.54,143.70,1.88,0.63,2.89,4.08,3.82,-1.04,1.24
6225,天瀚,"1,521.83","1,377.34",無,4.22,86.49,7.01,52.06,422.51,0.52,8.61,9.59,3.14,16.29,0.31
6226,光鼎,192.19,91.77,-3.48,3.49,104.58,0.81,450.61,1.41,0.31,-2.10,-5.71,-62.82,-9.47,-0.65
6230,尼得科超眾,226.99,171.11,17.95,3.44,106.10,4.93,74.03,3.94,1.04,5.82,10.92,102.02,5.63,7.02
6235,華孚,112.52,82.49,28.15,3.62,100.82,4.56,80.04,1.89,0.80,11.58,22.08,52.51,13.90,4.17
6239,力成,291.94,249.83,37.85,4.54,80.39,6.63,55.05,1.16,0.61,8.49,14.04,158.64,11.37,10.72
6243,迅杰,337.12,241.54,17.00,3.90,93.58,1.50,243.33,35.51,0.75,6.05,8.26,14.33,7.61,1.5
6257,矽格,210.36,197.48,10.78,4.07,89.68,28.27,12.91,0.91,0.41,6.28,10.92,56.37,13.82,3.8
6269,台郡,201.64,158.00,40.20,6.03,60.53,6.41,56.94,1.88,0.76,4.87,7.91,72.19,6.28,6.45
6271,同欣電,262.20,213.75,14.56,5.48,66.60,5.19,70.32,1.01,0.34,3.63,4.7,66.73,9.93,5.5
6277,宏正,211.00,136.00,19.00,7.05,51.77,1.49,244.96,1.95,0.71,8.39,11.81,63.04,11.10,4.73
6278,台表科,148.95,135.93,16.86,2.76,132.24,9.96,36.64,3.85,0.90,5.14,12.74,105.53,5.41,8.57
6281,全國電,139.77,66.01,19.60,111.37,3.27,6.12,59.64,40.79,2.25,5.92,17.88,64.56,2.49,5.13
6282,康舒,168.52,112.39,2.53,3.71,98.38,3.29,110.94,2.98,0.68,0.58,0.37,3.89,0.23,0.07
6283,淳安,234.03,205.72,-32.67,2.13,171.36,5.18,70.46,2.52,0.46,-6.94,-10.55,-14.62,-15.41,-1.19
6285,啟碁,156.57,98.90,9.06,4.96,73.58,4.40,82.95,10.31,1.64,6.34,14.96,99.08,3.43,8.98
6288,聯嘉,157.94,67.52,87.70,4.43,82.39,2.06,177.18,2.09,0.71,0.64,0.39,-0.21,0.24,0.05
6405,悅城,"2,027.20","2,012.40",-327.63,2.61,139.84,25.30,14.42,0.22,0.08,-3.22,-3.42,-12.79,-41.15,-1.31
6409,旭隼,176.07,146.80,70.27,6.21,58.77,7.38,49.45,4.26,1.23,23.82,43.38,499.53,19.12,41.52
6412,群電,138.46,98.05,45.89,3.50,104.28,4.59,79.52,6.24,1.27,11.74,24.87,104.45,9.07,8.27
6414,樺漢,142.79,104.06,7.32,6.06,60.23,4.06,89.90,18.17,0.99,5.10,11.7,523.92,4.44,19.01
6415,矽力*-KY,"1,171.95","1,063.49",245.97,9.05,40.33,1.88,194.14,7.32,0.44,1.83,2.42,64.78,4.13,1.96
6416,瑞祺電通,347.94,163.62,29.46,5.00,73.00,1.36,268.38,9.56,0.76,6.21,9.01,55.85,7.87,4.4
6423,億而得-創,714.20,708.99,741.18,9.19,39.71,無,無,16.88,0.48,8.25,9.68,14.27,17.09,1.19
6426,統新,755.58,633.50,"-16,413.21",2.99,122.07,2.83,128.97,0.89,0.26,-7.60,-8.56,-35.37,-28.48,-2.68
6438,迅得,224.81,160.40,28.10,4.58,79.69,2.20,165.90,3.11,0.73,8.47,16.65,108.98,11.14,8.89
6442,光聖,213.60,151.06,20.45,4.12,88.59,1.89,193.12,4.49,0.77,5.27,8.31,37.37,6.42,2.53
6443,元晶,213.23,146.34,9.22,6.04,60.43,4.70,77.65,1.42,0.71,4.95,7.64,10.18,6.38,1.07
6446,藥華藥,"1,063.90",979.02,-20.14,4.84,75.41,0.44,829.54,4.60,0.24,-2.75,-3.46,-29.00,-12.22,-1.93
6449,鈺邦,187.76,145.05,15.32,2.60,140.38,2.93,124.57,2.15,0.59,7.13,11.65,47.41,11.18,3.73
6451,訊芯-KY,135.91,129.31,418.33,5.95,61.34,6.80,53.67,1.28,0.33,3.92,6.71,52.73,8.96,4.1
6456,GIS-KY,194.41,168.54,294.00,3.18,114.77,6.83,53.44,4.30,0.93,-2.75,-8.93,-94.42,-3.93,-8.11
6464,台數科,107.28,98.46,5.37,14.43,25.29,48.82,7.47,2.30,0.22,5.03,9.18,77.96,18.19,5.78
6472,保瑞,128.85,92.91,24.73,2.81,129.89,3.51,103.98,1.92,0.59,13.25,44.52,400.42,21.34,30.2
6477,安集,117.58,81.69,3.53,3.56,102.52,2.08,175.48,0.49,0.19,2.26,3.94,12.17,8.93,1.21
6491,晶碩,238.13,216.64,48.24,8.61,42.39,5.41,67.46,1.39,0.58,14.61,20.38,253.67,24.71,22.83
6504,南六,101.49,73.81,326.00,4.58,79.69,6.55,55.72,1.25,0.59,1.66,3.42,28.00,1.94,1.65
6505,台塑化,579.44,355.06,45.99,13.10,27.86,8.41,43.40,7.90,1.70,5.32,6.64,25.92,3.07,2.3
6515,穎崴,242.68,182.54,179.32,2.97,122.89,3.44,106.10,2.12,0.70,8.82,12.92,161.33,12.60,13.52
6525,捷敏-KY,204.70,190.81,339.95,5.44,67.09,16.30,22.39,1.52,0.68,8.68,13.32,55.37,12.81,4.39
6526,達發,427.97,374.21,"1,732.65",7.39,49.39,2.13,171.36,6.72,0.73,5.53,7.71,71.90,7.14,6.47
6531,愛普*,954.78,871.47,"92,931.48",6.85,53.28,1.81,201.65,53.82,0.35,11.95,12.98,199.87,34.19,8.93
6533,晶心科,903.69,863.76,"-4,355.58",6.57,55.55,0.30,"1,216.66",12.35,0.20,-1.86,-2.08,-19.56,-9.62,-2.01
6534,正瀚-創,140.02,124.40,"3,543.99",21.73,16.79,1.72,212.20,0.72,0.44,13.93,20.11,56.32,30.58,4.76
6541,泰福-KY,166.12,107.53,無,無,無,無,無,無,無,-67.64,-193.18,-159.50,無,16.58
6550,北極星藥業-KY,532.13,522.96,"4,737.40",2.68,136.19,無,無,0.01,0.00,-17.10,-19.53,-24.83,"-21,281.41",-2.12
6552,易華電,102.15,80.44,1.07,6.26,58.30,8.19,44.56,0.90,0.39,0.58,0.3,0.21,0.42,0.09
6558,興能高,191.16,157.35,-7.41,4.01,91.02,3.61,101.10,1.58,0.55,-1.86,-2.99,-4.85,-3.73,-0.48
6573,虹揚-KY,74.03,50.99,-5.21,3.31,110.27,5.25,69.52,1.21,0.54,-9.29,-28.96,-29.48,-20.35,-2.91
6579,研揚,435.18,341.14,223.96,7.59,48.08,2.66,137.21,6.94,0.63,9.10,10.87,89.82,14.46,8.42
6581,鋼聯,261.62,216.39,"31,749.13",10.56,34.56,7.86,46.43,0.63,0.43,10.66,11.96,56.97,24.72,4.54
6582,申豐,424.48,363.74,-756.01,3.55,102.81,4.11,88.80,0.36,0.14,-1.69,-1.83,-12.76,-12.06,-1.02
6585,鼎基,268.46,188.92,"2,046.74",6.20,58.87,2.54,143.70,0.89,0.55,8.58,13.39,76.56,14.89,6.01
6591,動力-KY,269.77,227.27,15.39,2.54,143.70,4.10,89.02,1.27,0.50,4.64,6.77,49.46,8.56,3.4
6592,和潤企業,105.23,102.73,2.22,無,無,無,無,3.59,0.10,2.72,11.23,82.99,14.28,6.41
6598,ABC-KY,824.47,652.19,-74.46,6.48,56.32,0.90,405.55,3.37,0.36,-14.73,-22.23,-19.99,-41.55,-2.01
6605,帝寶,171.12,101.88,13.10,5.40,67.59,1.97,185.27,1.34,0.56,8.16,14.03,193.38,12.65,14.29
6606,建德工業,343.94,127.18,127.32,24.61,14.83,0.67,544.77,0.84,0.34,4.77,6.4,16.32,13.49,0.95
6625,必應,156.19,143.02,186.00,9.62,37.94,無,無,9.64,1.81,20.68,40.91,75.13,11.38,6.68
6641,基士德-KY,156.26,133.40,12.28,4.07,89.68,8.08,45.17,3.25,0.73,1.69,2.57,11.80,2.15,1.28
6645,金萬林-創,167.94,119.72,-43.11,3.03,120.46,2.80,130.35,1.02,0.46,-11.03,-17.66,-25.48,-24.69,-2.22
6655,科定,89.02,25.93,607.85,8.15,44.78,1.18,309.32,0.53,0.37,4.69,12.28,37.90,10.53,3.52
6657,華安,"3,370.71","3,286.64",無,5.82,62.71,3.00,121.66,0.10,0.01,-35.65,-37.02,-34.25,"-3,637.64",-3.62
6658,聯策,216.03,180.36,9.25,2.32,157.32,5.50,66.36,2.89,0.60,1.72,2.99,13.64,2.53,0.99
6666,羅麗芬-KY,261.48,242.96,39.79,253.44,1.44,5.32,68.60,1.28,0.46,4.13,5.28,24.04,8.80,1.86
6668,中揚光,130.50,113.14,-8.88,1.87,195.18,2.09,174.64,0.49,0.24,-6.42,-14.74,-30.19,-29.13,-3.24
6669,緯穎,217.01,133.44,17.20,16.05,22.74,6.62,55.13,62.17,2.72,14.41,29.73,883.30,4.98,68.88
6670,復盛應用,219.54,165.39,53.65,4.79,76.20,4.87,74.94,4.84,1.14,12.18,20.19,249.56,10.43,18.18
6671,三能-KY,291.38,206.55,61.02,8.44,43.24,3.44,106.10,2.27,0.86,8.22,10.49,42.00,9.36,2.89
6672,騰輝電子-KY,288.54,211.97,67.55,3.42,106.72,3.49,104.58,4.82,0.98,9.09,13.68,75.58,9.11,6.08
6674,鋐寶科技,290.76,152.66,-451.69,2.53,144.26,1.54,237.01,7.32,0.54,-15.10,-24.48,-45.18,-28.01,-4.84
6689,伊雲谷,188.09,162.21,42.27,5.62,64.94,7.04,51.84,629.52,1.71,3.13,5.91,30.76,1.79,2.7
6691,洋基工程,183.19,103.62,820.39,8.18,44.62,0.37,986.48,44.41,1.31,14.99,32.9,251.54,11.38,20.22
6695,芯鼎,"1,058.31",850.16,0.00,7.39,49.39,1.30,280.76,26.80,0.58,-3.37,-3.74,-6.75,-5.86,-0.68
6698,旭暉應材,162.40,131.53,0.57,3.12,116.98,3.06,119.28,0.89,0.36,-0.26,-1.5,-13.51,-2.57,-1.3
6706,惠特,263.88,194.84,-27.49,1.97,185.27,0.98,372.44,0.84,0.20,-5.49,-9.62,-61.04,-28.28,-5.13
6715,嘉基,432.80,366.43,105.21,2.23,163.67,2.31,158.00,2.70,0.62,9.54,12.8,80.36,15.30,6.38
6719,力智,994.34,807.63,90.90,6.79,53.75,1.44,253.47,6.65,0.32,0.54,0.6,8.78,1.67,0.63
6742,澤米,398.93,349.11,3.09,1.93,189.11,3.20,114.06,1.03,0.29,1.97,2.18,2.94,5.44,0.42
6743,安普新,79.05,38.71,1.04,3.72,98.11,1.66,219.87,1.17,0.48,1.54,-0.3,0.49,-0.21,-0.05
6753,龍德造船,119.21,94.36,15.54,86.59,4.21,3.91,93.35,2.09,0.63,7.70,23.19,67.29,11.53,5.43
6754,匯僑設計,162.13,156.18,236.83,5.87,62.18,66.98,5.44,5.26,1.00,6.05,13.1,63.40,6.03,4.25
6756,威鋒電子,310.78,265.61,"1,222.87",8.56,42.64,1.05,347.61,20.70,0.55,4.86,5.98,30.82,8.87,2.62
6757,台灣虎航-創,95.34,93.20,"1,039.04",72.79,5.01,38.00,9.60,11.38,0.77,12.44,70.89,50.96,14.65,4.27
6768,志強-KY,309.43,273.32,8.65,4.83,75.56,6.92,52.74,2.93,0.71,3.10,3.89,38.99,3.80,2.78
6770,力積電,183.93,147.06,-1.39,6.15,59.34,3.17,115.14,0.48,0.24,-0.63,-1.74,-5.10,-3.73,-0.4
6771,平和環保-創,125.44,116.50,"1,685.83",5.12,71.28,69.65,5.24,0.68,0.47,11.17,18.75,56.43,22.36,4.76
6776,展碁國際,136.24,75.55,913.72,8.10,45.06,9.06,40.28,152.29,3.35,6.04,17.62,62.04,1.80,5.06
6782,視陽,201.56,128.11,"1,001.37",7.11,51.33,2.81,129.89,1.31,0.48,6.41,9.67,47.00,12.29,4.79
6789,采鈺,358.41,353.42,4.50,8.68,42.05,62.79,5.81,0.64,0.29,1.69,2.12,9.96,4.92,1.13
6790,永豐實,219.70,161.21,"12,934.71",8.23,44.34,6.12,59.64,3.06,1.20,11.40,17.59,45.18,9.47,3.62
6792,詠業,432.52,333.76,"9,720.09",4.96,73.58,2.52,144.84,2.44,0.64,9.14,11.48,46.43,14.19,4.18
6794,向榮生技-創,"2,998.62","2,853.86",無,19.43,18.78,0.55,663.63,0.23,0.04,-15.03,-18.08,-15.10,-342.06,-1.56
6796,晉弘,566.47,466.24,22.13,5.73,63.69,1.26,289.68,2.26,0.49,7.07,10.28,26.89,13.79,2.2
6799,來頡,686.51,596.06,"3,280.90",5.85,62.39,2.94,124.14,10.54,0.66,14.08,16.47,64.07,21.37,5.42
6805,富世達,220.99,189.54,32.35,5.85,62.39,3.78,96.56,16.83,0.77,8.88,17.99,132.90,11.13,10.18
6806,森崴能源,188.78,68.46,19.56,16.69,21.86,無,無,3.57,0.47,2.77,5.45,35.73,5.54,2.94
6807,峰源-KY,163.30,130.21,"1,223.61",9.54,38.25,8.96,40.73,3.44,1.19,7.59,11.65,55.24,6.35,4.41
6830,汎銓,205.02,188.47,22.11,2.84,128.52,無,無,0.99,0.47,6.78,10.17,72.42,13.89,5.59
6834,天二科技,162.12,106.16,-21.97,3.43,106.41,2.71,134.68,1.06,0.45,-4.34,-6.36,-15.47,-10.20,-1.09
6835,圓裕,217.54,187.84,29.51,2.34,155.98,4.66,78.32,12.15,0.78,8.66,14.92,48.19,10.74,3.57
6838,台新藥,499.39,484.45,-68.65,無,無,無,無,7.75,0.02,-24.98,-40.04,-22.37,"-1,032.74",-2.59
6854,錼創科技-KY創,462.80,379.52,"-34,574.71",13.34,27.36,4.61,79.17,1.40,0.36,-19.55,-23.31,-47.85,-54.38,-4.78
6861,睿生光電,218.89,151.00,17.75,2.97,122.89,2.18,167.43,8.40,0.86,5.74,11.1,30.55,6.35,3.0
6863,永道-KY,350.75,287.98,236.89,5.67,64.37,3.55,102.81,2.57,0.50,8.32,9.72,52.60,16.68,6.17
6869,雲豹能源,128.10,109.25,"1,958.00",22.86,15.96,47.17,7.73,2.93,0.79,12.62,28.96,104.59,14.98,8.77
6873,泓德能源,233.45,188.95,18.67,61.91,5.89,0.57,640.35,4.24,0.61,9.00,17.7,100.27,14.02,8.36
6890,來億-KY,193.57,134.91,"1,052.93",7.52,48.53,5.94,61.44,2.69,1.08,5.56,7.02,85.19,4.67,6.26
6901,鑽石投資,"14,637.93","9,217.97","-320,473.57",無,無,無,無,"-2,077.07",-0.20,-21.31,-21.61,-30.40,-105.90,-3.32
6902,走著瞧-創,287.47,275.62,7.95,6.47,56.41,無,無,111.89,1.42,1.04,1.48,1.56,0.66,0.16
6906,現觀科,468.55,467.02,291.38,5.38,67.84,無,無,60.17,0.53,15.92,21.21,44.49,29.60,3.6
6914,阜爾運通,58.94,52.41,10.39,19.78,18.45,33.57,10.87,4.69,0.64,9.17,26.27,114.14,12.83,9.11
6916,華凌,164.88,124.53,11.90,9.33,39.12,3.13,116.61,7.15,0.96,3.93,7.64,21.01,3.63,1.33
6928,攸泰科技,272.91,158.89,62.12,8.23,44.34,2.71,134.68,83.51,1.72,12.13,20.43,42.60,6.93,3.44
6933,AMAX-KY,225.99,134.16,15.32,7.78,46.91,4.22,86.49,96.49,2.07,9.21,16.16,77.20,4.17,6.88
6937,天虹,494.37,285.63,44.83,4.32,84.49,0.95,384.21,2.14,0.75,8.81,12.33,54.03,15.39,5.02
6949,沛爾生醫-創,"1,262.11","1,247.97","-15,598.04",2.64,138.25,10.22,35.71,0.18,0.01,-32.42,-40.2,-74.38,"-2,225.03",-8.62
6951,青新-創,141.64,133.03,54.45,10.16,35.92,1.68,217.26,1.12,0.45,9.79,16.53,32.89,21.20,2.61
6952,大武山,168.90,158.43,8.33,5.04,72.42,28.46,12.82,0.81,0.54,3.94,6.01,16.73,6.32,1.23
6957,裕慶-KY,240.42,197.33,56.98,6.54,55.81,5.54,65.88,24.24,1.29,29.97,61.1,232.24,22.77,18.11
6958,日盛台駿,96.47,95.97,1.42,無,無,無,無,1.05,0.13,2.67,5.49,25.00,4.87,1.47
6969,成信實業*-創,127.43,64.70,-15.67,5.95,61.34,1.27,287.40,0.31,0.15,-10.14,-30.25,-20.15,-70.15,-2.74
8011,台通,198.89,125.84,1.45,9.34,39.07,2.89,126.29,0.91,0.29,1.31,1.04,1.86,1.81,0.09
8016,矽創,317.62,255.14,455.34,11.84,30.82,3.11,117.36,9.11,0.84,12.24,16.46,236.44,14.45,15.5
8021,尖點,416.65,354.02,9.06,2.76,132.24,3.06,119.28,1.42,0.39,-0.35,-0.75,9.64,-1.40,-0.25
8028,昇陽半導體,237.12,217.35,6.71,8.39,43.50,8.37,43.60,0.58,0.37,4.12,9.01,20.28,9.38,2.02
8033,雷虎,214.48,98.18,-0.66,5.26,69.39,0.96,380.20,4.25,0.51,-0.65,-2.0,-1.71,-2.38,-0.18
8039,台虹,179.72,144.17,"1,586.07",2.17,168.20,3.99,91.47,1.93,0.62,2.98,4.47,23.06,4.42,2.02
8046,南電,268.93,223.70,368.00,3.88,94.07,7.03,51.92,1.05,0.56,7.66,11.45,109.98,13.77,9.0
8070,長華*,157.62,134.89,15.04,4.56,80.04,5.49,66.48,4.13,0.47,6.92,12.51,389.89,13.63,2.19
8072,陞泰,"1,045.55",966.51,無,4.85,75.25,6.38,57.21,1.64,0.47,2.74,2.94,11.17,5.94,0.73
8081,致新,419.48,329.22,"1,610.09",5.55,65.76,2.31,158.00,6.84,0.81,15.15,21.51,207.19,18.78,17.33
8101,華冠,44.79,27.54,-15.88,0.94,388.29,1.45,251.72,1.93,0.24,-27.91,-104.2,-25.95,-121.19,-2.79
8103,瀚荃,258.86,226.87,21.33,3.11,117.36,3.93,92.87,2.68,0.58,4.50,7.0,43.21,7.26,2.76
8104,錸寶,145.72,111.57,91.07,3.78,96.56,4.24,86.08,1.23,0.52,-3.06,-9.13,-0.56,-7.63,-3.08
8105,凌巨,187.05,131.47,15.10,6.70,54.47,5.02,72.70,1.61,0.74,2.08,3.0,6.32,2.61,0.53
8110,華東,163.80,143.84,0.23,4.60,79.34,8.88,41.10,0.93,0.42,0.27,-1.1,-2.90,-1.55,-0.01
8112,至上,179.02,95.92,3.43,7.70,47.40,6.06,60.23,489.80,3.12,7.20,13.81,59.86,1.60,4.7
8114,振樺電,222.43,141.96,6.22,6.53,55.89,2.12,172.16,2.96,0.64,4.76,11.5,134.61,7.40,5.55
8131,福懋科,"1,102.30","1,015.92","10,689.35",4.73,77.16,8.57,42.59,2.86,0.55,3.82,4.33,14.09,6.93,1.2
8150,南茂,342.17,305.60,9.53,4.40,82.95,5.87,62.18,1.08,0.47,4.62,7.62,31.19,8.87,2.6
8162,微矽電子-創,177.96,170.44,-1.43,3.61,101.10,39.48,9.24,0.62,0.41,-0.82,-2.03,-4.55,-2.90,-0.39
8163,達方,148.27,102.89,11.79,3.53,103.39,2.95,123.72,3.02,0.75,6.17,12.79,105.91,7.36,5.91
8201,無敵,318.26,284.54,-127.09,6.05,60.33,4.70,77.65,4.06,0.68,-9.29,-12.79,-11.37,-13.74,-1.14
8210,勤誠,151.12,117.03,"1,894.74",3.75,97.33,4.09,89.24,2.26,0.85,8.73,20.81,121.17,9.65,9.03
8213,志超,148.24,134.55,7.59,2.64,138.25,8.32,43.87,2.25,0.65,4.45,7.37,61.00,5.97,4.03
8215,明基材,129.11,73.05,6.16,5.58,65.41,4.56,80.04,1.69,0.83,3.51,6.71,19.67,2.94,1.29
8222,寶一,281.61,120.54,8.28,7.03,51.92,1.21,301.65,1.41,0.48,4.69,7.58,8.84,8.87,0.88
8249,菱光,171.08,153.70,15.99,6.51,56.06,6.94,52.59,17.95,0.45,3.88,5.46,22.09,8.07,2.18
8261,富鼎,752.38,622.82,0.00,3.67,99.45,2.59,140.92,6.20,0.47,5.46,6.11,33.45,11.56,2.83
8271,宇瞻,274.53,190.42,"5,610.15",10.09,36.17,4.79,76.20,8.33,1.23,9.94,13.8,61.00,7.92,4.51
8341,日友,153.63,133.99,846.95,5.89,61.96,47.60,7.66,0.49,0.31,4.62,9.76,42.04,13.06,3.4
8367,建新國際,140.82,139.17,5.14,5.26,69.39,無,無,0.45,0.18,3.18,9.44,46.62,14.74,3.25
8374,羅昇,274.71,180.38,0.15,3.27,111.62,3.10,117.74,4.97,0.97,-0.36,-0.81,-0.55,-0.56,-0.19
8404,百和興業-KY,76.61,38.30,-10.43,5.05,72.27,1.08,337.96,0.54,0.29,-0.33,-12.06,-17.58,-11.90,-1.9
8411,福貞-KY,121.06,95.43,1.62,4.78,76.35,7.99,45.68,1.16,0.65,1.27,0.58,4.95,0.41,0.15
8422,可寧衛,127.64,124.74,15.11,8.08,45.17,41.40,8.81,0.55,0.31,7.49,14.61,116.20,22.96,9.12
8429,金麗-KY,"7,147.50","7,134.95",-6.94,8.83,41.33,91.77,3.97,103.24,0.03,-0.18,-0.23,-0.69,-6.81,-0.08
8438,昶昕,168.06,141.40,10.47,8.03,45.45,14.48,25.20,2.27,1.07,3.45,5.23,18.09,2.92,1.28
8442,威宏-KY,226.62,178.99,7.52,4.17,87.52,6.06,60.23,9.52,1.24,10.86,22.17,95.29,7.78,10.07
8443,阿瘦,138.17,40.69,3.81,46.26,7.89,0.74,493.24,3.73,0.67,1.25,2.07,2.55,1.44,0.25
8454,富邦媒,98.48,66.87,224.37,36.19,10.08,20.42,17.87,14.09,4.00,13.34,36.14,184.75,3.32,15.1
8462,柏文,67.00,65.65,2.32,126.68,2.88,0.54,675.92,1.37,0.44,2.08,6.51,18.29,2.64,1.5
8463,潤泰材,122.25,71.41,4.95,4.95,73.73,2.51,145.41,1.52,0.74,3.53,8.26,16.96,3.83,0.77
8464,億豐,370.92,293.73,"1,572.65",10.71,34.08,2.44,149.59,3.05,0.85,17.90,24.45,274.13,20.99,18.73
8467,波力-KY,172.72,145.41,10.49,6.30,57.93,3.58,101.95,2.18,0.60,12.83,21.12,88.21,19.36,7.69
8473,山林水,93.73,91.00,2.68,2.41,151.45,無,無,5.66,0.24,1.93,2.26,18.04,4.41,0.27
8476,台境,345.39,295.86,53.05,27.25,13.39,4.99,73.14,4.59,0.60,14.48,21.75,52.97,23.83,4.49
8478,東哥遊艇,306.19,150.75,"2,034.76",5.31,68.73,0.87,419.54,4.80,0.63,21.72,39.52,249.15,32.91,23.66
8481,政伸,606.31,533.12,535.10,3.42,106.72,3.88,94.07,1.97,0.52,6.50,7.56,23.26,12.57,1.88
8482,商億-KY,149.26,100.49,136.41,7.70,47.40,3.78,96.56,1.63,0.75,6.11,8.25,35.27,8.10,2.87
8487,愛爾達-創,283.51,232.34,158.94,4.37,83.52,8.72,41.85,95.47,1.28,18.12,31.88,68.83,14.06,5.98
8488,吉源-KY,108.87,92.07,-0.05,3.19,114.42,9.42,38.74,1.49,0.69,-1.21,-4.86,-10.58,-3.07,-1.75
8499,鼎炫-KY,"1,917.70","1,861.65",77.07,3.54,103.10,3.97,91.93,2.26,0.16,5.04,5.4,170.71,30.89,8.97
8926,台汽電,103.74,63.40,"1,401.00",7.04,51.84,44.03,8.28,1.42,0.21,5.17,9.06,17.85,23.23,1.82
8940,新天地,77.35,55.32,9.75,27.77,13.14,6.86,53.20,1.54,0.72,6.20,15.83,23.02,7.62,1.58
8996,高力,271.32,141.68,22.85,6.19,58.96,2.45,148.97,2.50,0.96,13.43,24.21,81.63,13.33,6.45
910322,康師傅-DR,70.13,47.57,"1,020.68",47.01,7.76,11.48,31.79,3.73,1.43,6.92,20.48,"2,430.06",4.37,2.4
9105,泰金寶-DR,144.86,109.35,180.56,4.45,82.02,7.55,48.34,8.20,1.63,1.20,4.92,16.27,0.74,0.15
910861,神州-DR,149.79,129.28,-947.94,4.70,77.65,9.86,37.01,25.00,0.85,-5.68,-13.76,-754.32,-7.23,-4.26
9110,越南控-DR,184.88,140.95,174.97,3.65,100.00,3.67,99.45,25.55,0.90,1.44,3.3,159.76,1.60,0.06
911622,泰聚亨-DR,213.43,74.23,358.98,22.00,16.59,3.07,118.89,2.29,0.93,3.13,2.97,3.73,2.44,0.21
911868,同方友友-DR,676.35,590.97,27.56,6.29,58.02,2.64,138.25,40.04,0.45,1.60,1.79,21.91,3.41,0.05
912000,晨訊科-DR,333.94,311.99,84.84,6.78,53.83,3.01,121.26,7.85,0.25,16.03,22.76,194.52,61.25,0.63
9136,巨騰-DR,120.28,87.40,無,2.83,128.97,3.44,106.10,無,無,無,-4.63,無,無,-1.07
9802,鈺齊-KY,169.86,124.70,"2,713.11",4.85,75.25,3.75,97.33,1.98,0.81,7.47,11.96,106.85,8.86,7.87
9902,台火,761.17,664.39,108.01,7.61,47.96,2.33,156.65,2.66,0.21,2.35,2.54,3.21,10.77,0.32
9904,寶成,185.76,131.53,6.92,8.59,42.49,3.73,97.85,4.05,0.75,5.68,8.3,66.06,6.47,3.61
9905,大華,341.04,267.74,"2,878.46",5.65,64.60,3.95,92.40,3.75,0.77,4.06,5.68,19.43,5.26,1.45
9906,欣巴巴,128.52,8.90,345.65,"2,536.00",0.14,0.28,"1,303.57","1,499.87",0.37,5.42,36.53,80.50,13.96,6.24
9907,統一實,193.11,119.97,6.54,7.88,46.31,6.90,52.89,1.96,1.04,2.20,2.83,6.49,1.69,0.43
9908,大台北,331.33,322.79,"98,813.79",9.41,38.78,16.80,21.72,0.67,0.18,6.23,8.6,26.48,35.03,2.32
9910,豐泰,166.02,97.51,"2,897.08",10.13,36.03,7.69,47.46,4.02,1.68,11.06,20.97,71.71,6.35,5.04
9911,櫻花,174.94,131.36,208.31,6.87,53.12,4.37,83.52,3.86,0.90,11.82,18.23,61.74,12.96,4.9
9912,偉聯,129.90,51.20,-6.86,9.96,36.64,1.25,292.00,4.01,0.68,-3.22,-7.1,-10.12,-5.84,-0.59
9914,美利達,143.42,56.26,13.03,8.79,41.52,2.19,166.66,11.83,0.71,4.91,8.35,91.97,6.60,5.66
9917,中保科,115.21,97.65,29.37,9.90,36.86,6.57,55.55,1.87,0.65,10.28,20.49,70.74,15.36,5.85
9918,欣天然,235.64,231.44,"2,206.97",9.25,39.45,31.25,11.68,0.77,0.34,6.42,11.56,23.09,18.41,2.0
9919,康那香,253.87,206.39,22.94,3.03,120.46,2.95,123.72,0.88,0.40,9.56,24.9,60.29,22.42,3.37
9921,巨大,176.55,74.18,5.27,4.91,74.33,1.50,243.33,5.88,0.86,4.76,10.15,122.41,4.42,8.68
9924,福興,288.62,242.16,161.07,5.68,64.26,5.98,61.03,3.07,0.96,10.12,13.78,67.75,10.44,5.03
9925,新保,165.88,158.00,29.26,11.37,32.10,無,無,1.79,0.43,5.77,8.5,30.97,13.07,2.43
9926,新海,155.26,141.15,"1,947.25",9.23,39.54,無,無,0.66,0.29,5.87,12.58,31.88,20.43,2.61
9927,泰銘,682.11,502.47,"21,442.00",9.03,40.42,3.34,109.28,17.31,1.24,13.53,16.0,76.24,10.82,5.94
9928,中視,23.29,16.47,0.83,6.74,54.15,無,無,0.40,0.27,0.76,-2.0,-1.26,-0.86,-0.14
9929,秋雨,145.28,120.69,-5.55,5.15,70.87,9.14,39.93,2.72,0.39,-6.88,-15.93,-13.84,-20.12,-1.04
9930,中聯資源,98.23,78.19,13.26,10.78,33.85,13.31,27.42,2.21,1.01,7.55,13.84,42.63,6.92,3.38
9931,欣高,84.72,47.91,15.14,8.50,42.94,1.40,260.71,0.47,0.21,3.04,6.85,17.90,14.19,1.44
9933,中鼎,107.93,101.08,5.68,6.21,58.77,無,無,6.67,1.01,2.44,10.67,43.57,1.83,2.39
9934,成霖,154.10,92.39,4.58,7.80,46.79,3.00,121.66,7.94,1.14,4.90,11.45,19.85,3.30,1.52
9935,慶豐富,232.11,162.76,2.66,3.03,120.46,3.90,93.58,1.96,0.68,2.59,4.59,8.88,2.29,0.6
9937,全國,23.66,18.66,36.66,162.16,2.25,72.28,5.04,4.10,1.99,6.52,14.37,31.48,3.19,2.53
9938,百和,106.42,63.30,1.76,5.82,62.71,1.44,253.47,0.74,0.39,2.43,1.95,15.80,2.23,1.95
9939,宏全,134.74,97.06,"1,239.14",6.15,59.34,6.90,52.89,1.45,0.70,7.48,16.0,109.69,9.69,8.6
9940,信義,246.56,146.73,14.47,9.83,37.13,0.22,"1,659.09",1.64,0.44,5.86,14.47,32.16,12.47,2.39
9941,裕融,102.89,100.47,2.70,無,無,無,無,1.54,0.14,3.61,16.99,129.99,15.43,11.07
9942,茂順,376.65,255.45,218.21,3.38,107.98,2.46,148.37,2.83,0.91,18.70,26.33,159.80,20.48,11.77
9943,好樂迪,219.59,212.48,87.20,67.01,5.44,58.07,6.28,3.19,0.49,13.20,19.14,70.52,26.89,8.81
9944,新麗,231.33,195.91,13.76,6.70,54.47,3.49,104.58,0.98,0.35,3.29,5.04,34.07,8.34,1.49
9945,潤泰新,144.84,42.09,945.22,8.92,40.91,0.66,553.03,4.89,0.16,5.70,8.24,34.50,32.96,2.65
9946,三發地產,219.72,37.65,148.63,44.57,8.18,0.06,"6,083.33",12.60,0.06,1.56,1.37,2.88,9.23,0.27
9955,佳龍,73.12,24.46,-1.61,38.70,9.43,2.46,148.37,0.56,0.40,-1.99,-6.03,-7.91,-7.16,-0.79
9958,世紀鋼,170.68,72.39,5.46,11.88,30.72,1.65,221.21,1.01,0.45,5.06,11.2,71.24,9.23,4.46
