股票代號,公司簡稱,當盤成交價,當盤成交量,累積成交量,開盤價,最高價,最低價,昨收價,漲跌百分比
1101,台泥,34.0,1716.0,21705.0,33.4,34.35,33.4,33.8,0.5917159763313694
1102,亞泥,42.35,1327.0,11454.0,41.1,42.6,41.1,41.6,1.8028846153846152
1103,嘉泥,17.2,13.0,418.0,17.1,17.3,17.05,17.4,-1.1494252873563178
1104,環泥,30.8,38.0,579.0,30.8,31.0,30.5,31.15,-1.1235955056179707
1108,幸福,15.5,14.0,205.0,15.5,15.7,15.4,15.6,-0.6410256410256387
1109,信大,17.45,8.0,98.0,17.3,17.5,17.3,17.5,-0.2857142857142898
1110,東泥,22.25,11.0,416.0,22.65,22.9,22.15,22.65,-1.7660044150110312
1201,味全,17.95,22.0,561.0,17.85,18.0,17.65,17.9,0.27932960893855147
1203,味王,50.7,3.0,21.0,50.6,51.3,50.6,51.9,-2.312138728323691
1210,大成,52.9,32.0,908.0,52.5,53.3,52.5,53.0,-0.18867924528302155
1213,大飲,-,-,78,12.5000,12.6500,12.3000,12.5000,0.0
1215,卜蜂,99.3,49.0,284.0,98.8,99.4,98.1,99.5,-0.20100502512563098
1216,統一,79.2,2146.0,16149.0,77.8,80.2,77.5,78.3,1.149425287356329
1217,愛之味,11.5,63.0,849.0,11.6,11.65,11.45,11.7,-1.7094017094017033
1218,泰山,19.9,15.0,581.0,19.95,20.1,19.85,19.95,-0.2506265664160437
1219,福壽,17.05,5.0,336.0,16.95,17.1,16.95,17.3,-1.4450867052023122
1220,台榮,14.8,6.0,80.0,14.35,14.8,14.35,14.75,0.33898305084746244
1225,福懋油,141.0,12.0,122.0,142.0,149.0,141.0,147.0,-4.081632653061225
1227,佳格,38.4,20.0,703.0,38.2,38.6,38.1,38.65,-0.646830530401035
1229,聯華,61.2,62.0,1268.0,61.3,61.9,61.0,62.6,-2.2364217252396146
1231,聯華食,100.0,8.0,126.0,99.4,101.0,99.4,101.0,-0.9900990099009901
1232,大統益,142.5,6.0,72.0,142.0,143.0,142.0,143.5,-0.6968641114982579
1233,天仁,32.2,1.0,5.0,32.0,32.2,32.0,31.95,0.78247261345854
1234,黑松,41.65,5.0,147.0,41.35,41.95,41.2,41.95,-0.7151370679380316
1235,興泰,118.0,1.0,18.0,116.5,123.5,116.5,120.0,-1.6666666666666667
1236,宏亞,24.45,1.0,24.0,24.0,24.8,24.0,24.2,1.0330578512396695
1256,鮮活果汁-KY,-,-,1,164.0000,164.0000,164.0000,165.0000,0.0
1301,台塑,53.3,1390.0,16197.0,54.3,54.4,53.2,55.0,-3.090909090909096
1303,南亞,46.4,2226.0,13186.0,46.5,47.4,46.35,47.5,-2.3157894736842133
1304,台聚,14.45,74.0,1413.0,14.55,14.65,14.3,14.7,-1.7006802721088436
1305,華夏,16.7,36.0,883.0,16.8,17.0,16.6,17.15,-2.6239067055393543
1307,三芳,31.2,21.0,471.0,31.05,31.55,30.9,31.7,-1.5772870662460567
1308,亞聚,16.8,29.0,1012.0,16.7,17.05,16.55,16.85,-0.2967359050445146
1309,台達化,16.05,32.0,2129.0,16.0,16.2,15.75,16.15,-0.6191950464396153
1310,台苯,12.95,16.0,932.0,12.85,13.15,12.7,13.05,-0.7662835249042255
1312,國喬,13.25,66.0,2269.0,13.1,13.4,12.95,13.3,-0.37593984962406546
1313,聯成,11.2,61.0,1699.0,11.2,11.3,10.95,11.3,-0.8849557522124019
1314,中石化,9.93,700.0,20422.0,9.93,10.1,9.77,9.98,-0.5010020040080231
1315,達新,-,-,37,70.2000,71.0000,70.0000,70.6000,0.0
1316,上曜,18.9,310.0,9672.0,19.25,19.45,18.4,19.35,-2.3255813953488516
1319,東陽,87.0,251.0,1957.0,88.0,88.5,86.5,90.0,-3.3333333333333335
1321,大洋,36.7,26.0,672.0,34.75,37.25,34.75,35.15,4.409672830725475
1323,永裕,29.7,1.0,11.0,29.7,29.7,29.65,29.75,-0.1680672268907587
1324,地球,13.15,6.0,39.0,13.15,13.15,12.9,13.2,-0.37878787878787074
1325,恆大,26.3,12.0,190.0,26.6,26.6,26.1,26.6,-1.127819548872183
1326,台化,45.85,923.0,8182.0,46.5,46.5,45.7,47.7,-3.878406708595391
1337,再生-KY,6.73,41.0,778.0,6.66,6.79,6.55,6.68,0.7485029940119867
1338,廣華-KY,29.2,3.0,80.0,28.75,29.95,28.55,29.2,0.0
1339,昭輝,59.1,4.0,84.0,59.0,60.4,58.0,59.0,0.16949152542373122
1340,勝悅-KY,9.95,8.0,112.0,9.99,10.1,9.88,9.99,-0.4004004004004097
1341,富林-KY,-,-,3,65.0000,65.0000,65.0000,64.6000,0.0
1342,八貫,91.8,3.0,119.0,92.8,92.8,91.1,93.4,-1.7130620985010798
1402,遠東新,33.65,1231.0,12811.0,33.3,34.05,33.25,34.1,-1.3196480938416504
1409,新纖,15.7,120.0,2039.0,15.75,15.9,15.65,16.0,-1.8750000000000044
1410,南染,36.9,3.0,26.0,36.35,36.9,36.3,36.95,-0.13531799729365157
1413,宏洲,-,-,43,9.5000,9.5000,9.2400,9.5100,0.0
1414,東和,21.75,17.0,290.0,21.8,21.95,21.35,21.8,-0.22935779816514087
1416,廣豐,11.25,5.0,146.0,11.3,11.35,11.2,11.35,-0.8810572687224639
1417,嘉裕,10.85,6.0,148.0,10.7,10.85,10.65,10.85,0.0
1418,東華,34.9,1.0,8.0,33.6,35.25,33.6,35.5,-1.6901408450704265
1419,新紡,45.7,2.0,60.0,45.7,46.8,45.7,46.5,-1.7204301075268755
1423,利華,41.0,3.0,73.0,41.1,41.1,40.7,41.1,-0.24330900243309345
1432,大魯閣,17.6,2.0,66.0,17.3,17.7,17.25,17.6,0.0
1434,福懋,20.85,102.0,1087.0,20.8,20.95,20.65,21.25,-1.882352941176464
1435,中福,45.2,1.0,4.0,45.2,45.2,45.0,46.5,-2.7956989247311768
1436,華友聯,160.0,43.0,1626.0,152.0,164.5,149.5,150.5,6.312292358803987
1437,勤益控,33.8,5.0,115.0,33.9,34.45,33.7,34.45,-1.886792452830205
1438,三地開發,81.2,28.0,1203.0,76.2,82.6,74.3,77.5,4.7741935483871005
1439,雋揚,29.9,5.0,74.0,30.6,30.6,29.6,30.0,-0.3333333333333381
1440,南紡,16.1,52.0,1586.0,15.9,16.4,15.85,16.25,-0.9230769230769144
1441,大東,15.15,11.0,11.0,15.15,15.15,15.15,15.0,1.0000000000000024
1442,名軒,61.8,56.0,1173.0,64.1,64.1,61.4,64.2,-3.7383177570093546
1443,立益物流,31.4,7.0,145.0,30.1,32.4,30.1,30.1,4.3189368770764025
1444,力麗,9.5,20.0,786.0,9.38,9.57,9.32,9.53,-0.31479538300104265
1445,大宇,15.4,12.0,281.0,15.8,15.8,15.15,15.8,-2.531645569620255
1446,宏和,44.65,72.0,1717.0,46.95,48.3,44.65,47.0,-5.000000000000003
1447,力鵬,9.77,70.0,2156.0,9.38,9.89,9.35,9.55,2.3036649214659564
1449,佳和,16.85,16.0,756.0,17.0,17.05,16.45,17.05,-1.1730205278592334
1451,年興,19.7,3.0,69.0,19.6,19.75,19.5,19.8,-0.5050505050505122
1452,宏益,16.4,3.0,55.0,16.5,16.5,16.4,16.5,-0.6060606060606146
1453,大將,21.65,30.0,909.0,22.55,22.55,21.3,22.55,-3.9911308203991225
1454,台富,18.9,74.0,1076.0,19.3,19.9,18.9,19.05,-0.7874015748031606
1455,集盛,12.05,136.0,2308.0,12.9,12.9,11.8,11.8,2.11864406779661
1456,怡華,21.35,12.0,170.0,20.85,21.5,20.5,21.1,1.1848341232227488
1457,宜進,20.15,22.0,347.0,19.7,20.3,19.7,20.3,-0.7389162561576459
1459,聯發,9.85,6.0,30.0,9.75,9.86,9.75,9.95,-1.0050251256281373
1460,宏遠,7.25,17.0,229.0,7.18,7.29,7.18,7.38,-1.7615176151761502
1463,強盛,24.15,2.0,532.0,24.4,24.4,23.75,24.4,-1.0245901639344264
1464,得力,13.15,13.0,347.0,13.15,13.35,13.05,13.4,-1.8656716417910446
1465,偉全,14.85,1.0,66.0,14.45,14.9,14.45,14.6,1.7123287671232876
1466,聚隆,11.7,1.0,41.0,11.85,11.85,11.65,11.8,-0.847457627118656
1467,南緯,10.4,2.0,114.0,10.35,10.55,10.35,10.5,-0.952380952380949
1468,昶和,-,-,31,13.7000,14.2500,13.7000,14.4000,0.0
1470,大統新創,20.45,1.0,10.0,20.05,21.0,20.05,20.5,-0.2439024390243937
1471,首利,13.4,15.0,395.0,13.5,13.6,13.2,13.9,-3.597122302158273
1472,三洋實業,54.5,1.0,23.0,54.2,54.8,54.2,55.0,-0.9090909090909091
1473,台南,33.35,23.0,345.0,33.4,34.0,32.8,33.8,-1.3313609467455496
1474,弘裕,12.7,7.0,111.0,12.75,12.9,12.6,12.85,-1.167315175097279
1475,業旺,65.6,11.0,212.0,65.1,65.8,63.5,66.0,-0.6060606060606146
1476,儒鴻,500.0,39.0,628.0,495.0,505.0,491.5,506.0,-1.185770750988142
1477,聚陽,366.5,109.0,2316.0,364.0,375.0,362.5,366.5,0.0
1503,士電,203.5,605.0,7505.0,210.0,215.5,203.0,218.0,-6.651376146788992
1504,東元,44.05,323.0,3506.0,44.25,44.8,43.9,45.5,-3.186813186813193
1506,正道,15.2,23.0,241.0,15.25,15.45,15.15,15.75,-3.4920634920634965
1512,瑞利,7.12,3.0,41.0,7.2,7.38,7.1,7.3,-2.4657534246575303
1513,中興電,161.5,521.0,14853.0,163.0,165.5,156.5,167.5,-3.582089552238806
1514,亞力,117.5,477.0,8303.0,121.0,123.5,116.5,125.0,-6.0
1515,力山,38.7,25.0,604.0,38.0,39.1,37.9,39.05,-0.896286811779755
1516,川飛,21.3,3.0,70.0,20.85,21.6,20.85,21.25,0.23529411764706218
1517,利奇,15.9,9.0,168.0,15.75,16.15,15.75,16.1,-1.242236024844727
1519,華城,594.0,302.0,6269.0,608.0,613.0,582.0,624.0,-4.807692307692308
1521,大億,37.7,1.0,16.0,37.5,38.95,37.2,37.8,-0.26455026455024955
1522,堤維西,59.7,183.0,4572.0,61.1,61.6,59.3,62.1,-3.864734299516906
1524,耿鼎,28.95,37.0,806.0,29.0,29.15,28.5,29.1,-0.5154639175257805
1525,江申,66.0,2.0,26.0,66.7,66.7,65.0,67.1,-1.6393442622950738
1526,日馳,28.7,2.0,32.0,28.8,28.8,28.15,29.05,-1.2048192771084387
1527,鑽全,41.35,26.0,406.0,41.0,41.8,40.0,40.85,1.2239902080783354
1528,恩德,13.1,43.0,1175.0,13.0,13.55,13.0,13.3,-1.5037593984962485
1529,樂事綠能,31.7,90.0,2707.0,31.55,32.4,31.2,32.4,-2.1604938271604914
1530,亞崴,29.55,4.0,218.0,29.9,30.0,29.45,29.75,-0.6722689075630228
1531,高林股,13.6,4.0,161.0,13.7,13.7,13.45,13.8,-1.4492753623188481
1532,勤美,40.15,58.0,1845.0,41.1,41.1,40.1,41.45,-3.1363088057901187
1533,車王電,38.0,7.0,77.0,38.95,38.95,37.1,39.0,-2.564102564102564
1535,中宇,57.1,3.0,157.0,57.5,57.6,56.0,57.6,-0.8680555555555556
1536,和大,65.5,279.0,7841.0,64.7,67.4,63.3,66.2,-1.057401812688826
1537,廣隆,144.5,10.0,210.0,146.0,146.0,144.0,145.0,-0.3448275862068966
1538,正峰,-,-,6,17.6000,17.6000,17.4500,17.9500,0.0
1539,巨庭,21.7,3.0,58.0,21.45,21.7,21.1,21.5,0.9302325581395315
1540,喬福,42.65,1801.0,61260.0,42.5,45.0,41.5,42.9,-0.5827505827505828
1541,錩泰,31.0,6.0,41.0,29.9,31.0,29.9,31.0,0.0
1558,伸興,98.5,2.0,74.0,98.0,98.6,97.4,97.7,0.8188331627430881
1560,中砂,284.0,110.0,2666.0,285.0,292.5,284.0,290.5,-2.2375215146299485
1563,巧新,62.2,10.0,749.0,62.5,63.4,62.1,62.5,-0.47999999999999543
1568,倉佑,26.8,19.0,446.0,27.0,27.3,26.65,27.6,-2.898550724637684
1582,信錦,93.4,107.0,1405.0,91.9,94.0,89.8,93.0,0.4301075268817265
1583,程泰,66.5,1.0,25.0,66.9,67.0,66.2,67.0,-0.7462686567164178
1587,吉茂,46.5,31.0,699.0,48.0,48.9,46.5,48.0,-3.125
1589,永冠-KY,40.0,15.0,157.0,41.25,41.25,39.55,40.8,-1.9607843137254832
1590,亞德客-KY,794.0,43.0,594.0,781.0,805.0,781.0,798.0,-0.5012531328320802
1597,直得,107.0,584.0,21432.0,104.0,112.5,104.0,106.0,0.9433962264150944
1598,岱宇,28.15,6.0,77.0,27.35,28.2,27.35,28.2,-0.17730496453900962
1603,華電,37.15,62.0,722.0,37.6,38.1,36.9,38.4,-3.2552083333333335
1604,聲寶,27.7,8.0,172.0,27.6,27.9,27.55,27.9,-0.7168458781361982
1605,華新,32.3,554.0,8890.0,32.35,32.65,31.75,33.1,-2.416918429003034
1608,華榮,32.4,368.0,5258.0,32.8,32.95,31.9,33.35,-2.8485757121439366
1609,大亞,55.2,728.0,14700.0,54.4,55.7,53.8,55.2,0.0
1611,中電,16.7,76.0,1071.0,16.8,16.9,16.5,17.15,-2.6239067055393543
1612,宏泰,33.45,50.0,997.0,33.7,34.0,33.1,34.35,-2.6200873362445374
1614,三洋電,38.75,11.0,128.0,38.9,39.4,38.75,39.0,-0.641025641025641
1615,大山,62.4,5.0,151.0,62.4,63.5,62.1,63.6,-1.8867924528301931
1616,億泰,20.7,56.0,1488.0,21.4,21.4,20.65,21.6,-4.166666666666676
1617,榮星,21.55,24.0,624.0,21.8,22.05,21.2,22.35,-3.579418344519018
1618,合機,42.85,108.0,2008.0,43.15,43.85,42.35,44.35,-3.3821871476888385
1626,艾美特-KY,14.45,9.0,82.0,14.65,14.85,14.45,14.7,-1.7006802721088436
1701,中化,21.05,3.0,228.0,20.85,21.25,20.8,21.2,-0.707547169811314
1702,南僑,56.8,30.0,663.0,56.0,57.4,55.9,56.7,0.17636684303349967
1707,葡萄王,140.5,12.0,182.0,139.5,141.5,138.5,141.5,-0.7067137809187279
1708,東鹼,33.4,33.0,621.0,33.05,33.8,32.85,33.6,-0.5952380952381037
1709,和益,23.2,43.0,1647.0,23.05,23.35,22.85,23.25,-0.21505376344086324
1710,東聯,16.45,23.0,831.0,16.25,16.65,16.2,16.5,-0.3030303030303073
1711,永光,18.65,137.0,1303.0,18.85,18.95,18.55,19.05,-2.09973753280841
1712,興農,43.35,32.0,913.0,43.9,44.25,43.3,44.25,-2.0338983050847426
1713,國化,56.2,7.0,72.0,56.0,57.2,56.0,56.6,-0.7067137809187254
1714,和桐,9.23,262.0,11476.0,9.46,9.46,9.1,9.79,-5.720122574055146
1717,長興,28.6,190.0,1499.0,28.7,29.0,28.4,29.05,-1.5490533562822695
1718,中纖,8.17,120.0,3719.0,8.09,8.21,7.95,8.06,1.3647642679900673
1720,生達,65.1,30.0,805.0,66.1,66.1,64.5,66.3,-1.809954751131226
1721,三晃,13.55,29.0,646.0,13.7,13.85,13.4,13.8,-1.8115942028985508
1722,台肥,61.9,155.0,1449.0,61.6,62.4,61.6,62.0,-0.16129032258064746
1723,中碳,97.5,22.0,625.0,98.0,98.2,96.8,98.5,-1.015228426395939
1725,元禎,37.9,12.0,185.0,38.2,38.4,37.0,39.0,-2.820512820512824
1726,永記,77.5,2.0,25.0,77.1,77.6,77.1,78.5,-1.2738853503184715
1727,中華化,27.9,22.0,535.0,28.0,28.2,27.2,28.25,-1.2389380530973502
1730,花仙子,53.1,3.0,16.0,53.2,53.2,53.1,53.2,-0.18796992481203273
1731,美吾華,23.1,14.0,88.0,22.7,23.2,22.55,23.0,0.4347826086956583
1732,毛寶,26.35,2.0,63.0,26.5,26.5,26.0,26.5,-0.5660377358490513
1733,五鼎,28.55,38.0,155.0,28.9,28.9,28.4,28.9,-1.2110726643598544
1734,杏輝,36.25,64.0,1331.0,37.15,37.15,35.95,36.95,-1.8944519621109683
1735,日勝化,-,-,3,17.3000,17.6000,17.3000,17.7000,0.0
1736,喬山,108.5,29.0,1155.0,105.0,109.5,100.0,107.5,0.9302325581395349
1737,臺鹽,33.85,2.0,105.0,33.7,33.9,33.65,33.85,0.0
1752,南光,43.7,5.0,196.0,43.3,44.1,43.0,43.95,-0.5688282138794084
1760,寶齡富錦,88.0,14.0,267.0,88.0,88.6,87.0,89.4,-1.5659955257270757
1762,中化生,45.8,9.0,152.0,46.15,46.4,45.5,46.8,-2.1367521367521367
1773,勝一,138.5,21.0,387.0,141.0,141.5,137.5,144.5,-4.1522491349480966
1776,展宇,17.45,1.0,11.0,17.25,17.65,17.25,17.45,0.0
1783,和康生,41.5,9.0,174.0,40.75,41.75,39.9,40.85,1.5911872705018326
1786,科妍,103.5,13.0,234.0,105.5,105.5,102.5,105.5,-1.8957345971563981
1789,神隆,24.7,23.0,282.0,24.5,25.0,24.45,25.1,-1.5936254980079765
1795,美時,252.0,125.0,2100.0,250.5,256.0,246.5,255.5,-1.36986301369863
1802,台玻,15.95,200.0,2568.0,15.65,16.2,15.65,16.1,-0.9316770186335536
1805,寶徠,21.7,13.0,631.0,21.2,22.7,20.5,21.2,2.358490566037736
1806,冠軍,11.45,51.0,756.0,11.5,11.6,11.35,11.7,-2.1367521367521367
1808,潤隆,107.0,63.0,2283.0,108.0,110.0,105.0,111.0,-3.6036036036036037
1809,中釉,21.45,53.0,1319.0,21.65,22.15,21.15,22.0,-2.500000000000003
1810,和成,16.55,17.0,857.0,16.5,16.65,16.4,16.9,-2.071005917159751
1817,凱撒衛,40.0,3.0,68.0,40.15,40.2,39.95,40.2,-0.4975124378109523
1903,士紙,54.4,15.0,203.0,54.6,55.4,54.3,55.8,-2.5089605734767
1904,正隆,24.9,34.0,757.0,24.7,25.1,24.6,25.05,-0.5988023952095893
1905,華紙,18.55,36.0,1488.0,18.45,18.8,18.4,18.95,-2.110817941952499
1906,寶隆,14.75,1.0,35.0,14.9,14.9,14.6,14.9,-1.0067114093959755
1907,永豐餘,28.65,1953.0,2717.0,28.5,28.95,28.3,28.85,-0.6932409012131814
1909,榮成,13.1,33.0,696.0,13.05,13.25,13.0,13.3,-1.5037593984962485
2002,中鋼,22.1,2900.0,16624.0,22.0,22.25,21.95,22.3,-0.896860986547082
2006,東和鋼鐵,76.5,164.0,1704.0,75.5,77.2,75.4,76.0,0.6578947368421052
2007,燁興,10.2,13.0,437.0,10.1,10.25,9.96,10.3,-0.9708737864077808
2008,高興昌,27.5,2.0,155.0,27.9,27.9,27.2,27.3,0.73260073260073
2009,第一銅,40.5,59.0,1221.0,40.5,40.85,39.85,41.1,-1.4598540145985435
2010,春源,17.9,16.0,313.0,17.7,18.0,17.7,18.0,-0.5555555555555635
2012,春雨,24.7,3.0,30.0,23.9,24.8,23.9,24.9,-0.8032128514056196
2013,中鋼構,51.5,1.0,57.0,50.8,51.7,50.0,51.9,-0.7707129094412304
2014,中鴻,18.85,173.0,2804.0,19.0,19.25,18.8,19.3,-2.3316062176165766
2015,豐興,78.7,34.0,189.0,77.1,78.8,77.1,79.2,-0.6313131313131313
2017,官田鋼,13.0,43.0,1247.0,12.85,13.15,12.75,13.15,-1.1406844106463905
2020,美亞,28.45,10.0,658.0,28.2,28.65,28.0,28.2,0.8865248226950355
2022,聚亨,9.97,47.0,347.0,9.74,10.05,9.74,10.0,-0.2999999999999936
2023,燁輝,15.0,514.0,1947.0,14.4,15.0,14.4,14.7,2.040816326530617
2024,志聯,21.85,1.0,34.0,21.9,21.9,21.25,22.05,-0.9070294784580466
2025,千興,11.85,50.0,1987.0,11.1,12.0,11.1,11.6,2.1551724137931036
2027,大成鋼,34.75,289.0,3172.0,34.8,35.2,34.55,35.3,-1.558073654390927
2028,威致,22.8,7.0,70.0,22.7,22.9,22.6,23.0,-0.8695652173913012
2029,盛餘,24.7,12.0,262.0,24.65,24.8,24.5,25.05,-1.397205588822361
2030,彰源,16.9,18.0,967.0,16.55,17.1,16.4,16.45,2.735562310030391
2031,新光鋼,60.0,171.0,6829.0,58.9,61.8,58.6,58.9,1.8675721561969463
2032,新鋼,14.6,13.0,404.0,14.6,14.7,14.45,14.45,1.0380622837370268
2033,佳大,14.5,3.0,135.0,14.7,14.7,14.35,14.6,-0.6849315068493127
2034,允強,23.75,22.0,371.0,23.5,23.85,23.35,23.7,0.21097046413502413
2038,海光,17.6,8.0,205.0,17.35,17.85,17.35,17.8,-1.1235955056179736
2049,上銀,195.0,115.0,1077.0,194.0,196.5,192.5,198.0,-1.5151515151515151
2059,川湖,1070.0,171.0,3655.0,1100.0,1175.0,1065.0,1095.0,-2.28310502283105
2062,橋椿,30.45,10.0,2804.0,30.8,30.8,30.45,33.8,-9.91124260355029
2069,運錩,16.4,2.0,1819.0,15.6,16.4,15.6,14.95,9.69899665551839
2101,南港,48.2,142.0,3642.0,48.6,48.9,47.3,48.6,-0.8230452674897091
2102,泰豐,23.05,95.0,1788.0,23.6,24.0,22.6,23.65,-2.5369978858350866
2103,台橡,22.35,52.0,1651.0,21.9,22.4,21.9,22.25,0.4494382022471974
2104,國際中橡,16.15,45.0,938.0,16.1,16.3,15.95,16.4,-1.5243902439024393
2105,正新,46.05,723.0,3805.0,45.5,46.7,45.5,46.45,-0.8611410118407011
2106,建大,30.95,22.0,354.0,30.4,31.05,30.4,31.1,-0.4823151125401997
2107,厚生,25.65,17.0,461.0,25.7,25.8,25.2,26.0,-1.3461538461538516
2108,南帝,37.8,57.0,2268.0,39.25,39.25,37.2,40.5,-6.666666666666673
2109,華豐,18.25,13.0,166.0,18.1,18.3,18.05,18.45,-1.0840108401083972
2114,鑫永銓,98.6,1.0,29.0,97.9,98.7,97.6,99.4,-0.8048289738430697
2115,六暉-KY,29.45,7.0,31.0,29.25,29.6,29.15,29.65,-0.674536256323775
2201,裕隆,53.4,235.0,2987.0,54.1,54.5,53.3,55.2,-3.2608695652173987
2204,中華,82.9,150.0,3248.0,83.4,84.4,81.5,85.1,-2.5851938895417024
2206,三陽工業,72.7,207.0,1266.0,72.6,73.7,72.4,73.9,-1.6238159675236845
2207,和泰車,600.0,74.0,464.0,597.0,611.0,597.0,610.0,-1.639344262295082
2208,台船,16.1,37.0,1580.0,16.4,16.5,16.05,16.25,-0.9230769230769144
2211,長榮鋼,115.0,83.0,451.0,112.5,117.0,112.5,115.0,0.0
2227,裕日車,119.5,1.0,113.0,119.0,121.0,118.5,121.5,-1.646090534979424
2228,劍麟,90.1,26.0,212.0,88.9,91.0,88.8,90.0,0.1111111111111048
2231,為升,105.5,42.0,212.0,107.0,107.0,104.0,107.0,-1.4018691588785046
2233,宇隆,127.5,19.0,686.0,131.5,131.5,127.5,122.5,4.081632653061225
2236,百達-KY,108.5,102.0,2275.0,112.5,114.5,107.0,113.5,-4.405286343612335
2239,英利-KY,41.6,6.0,39.0,41.25,42.05,41.15,42.55,-2.2326674500587442
2241,艾姆勒,29.25,28.0,906.0,29.4,29.8,29.0,30.2,-3.1456953642384087
2243,宏旭-KY,28.85,7.0,6914.0,26.25,28.85,25.5,26.25,9.90476190476191
2247,汎德永業,289.5,5.0,45.0,289.5,289.5,288.0,289.5,0.0
2250,IKKA-KY,92.1,8.0,419.0,91.0,95.3,90.2,88.7,3.8331454340473408
2254,巨鎧精密-創,86.2,14.0,125.0,88.4,89.3,86.2,89.4,-3.579418344519018
2258,鴻華先進-創,39.0,47.0,1261.0,39.8,40.35,38.9,41.25,-5.454545454545454
2301,光寶科,102.0,2199.0,18212.0,102.0,104.0,100.5,104.0,-1.9230769230769231
2302,麗正,16.55,7.0,126.0,16.4,16.7,16.3,16.9,-2.071005917159751
2303,聯電,52.8,11031.0,41713.0,52.0,52.9,51.6,53.0,-0.3773584905660431
2305,全友,21.0,39.0,505.0,20.95,21.6,20.6,21.1,-0.47393364928910625
2308,台達電,377.0,985.0,13902.0,380.0,386.5,373.5,379.5,-0.6587615283267457
2312,金寶,21.9,955.0,25078.0,21.35,22.3,20.95,21.8,0.45871559633026543
2313,華通,69.0,471.0,13282.0,68.8,70.2,67.7,70.0,-1.4285714285714286
2314,台揚,26.8,12.0,471.0,26.9,27.15,26.55,27.5,-2.5454545454545427
2316,楠梓電,45.45,117.0,2389.0,45.3,47.05,45.3,46.55,-2.3630504833512234
2317,鴻海,163.5,7266.0,171320.0,163.5,166.5,161.0,170.5,-4.105571847507331
2321,東訊,15.15,1.0,4.0,15.45,15.5,15.15,15.55,-2.5723472668810308
2323,中環,11.4,319.0,4996.0,11.4,11.5,11.25,11.6,-1.7241379310344769
2324,仁寶,30.05,2536.0,19514.0,30.3,30.55,29.75,30.95,-2.90791599353796
2327,國巨,701.0,132.0,2454.0,691.0,715.0,684.0,702.0,-0.14245014245014245
2328,廣宇,32.3,81.0,1351.0,32.05,32.6,31.9,32.85,-1.674277016742783
2329,華泰,41.3,459.0,8679.0,42.5,43.05,41.3,44.15,-6.455266138165348
2330,台積電,896.0,4137.0,38013.0,901.0,905.0,887.0,920.0,-2.608695652173913
2331,精英,26.55,70.0,3518.0,26.85,27.05,26.2,27.05,-1.8484288354898335
2332,友訊,17.15,36.0,1001.0,16.9,17.4,16.85,17.2,-0.29069767441860883
2337,旺宏,27.0,1359.0,15675.0,26.95,27.3,26.5,26.9,0.3717472118959161
2338,光罩,60.2,134.0,3253.0,60.0,61.0,59.3,63.2,-4.746835443037974
2340,台亞,34.3,46.0,1735.0,33.35,34.85,33.35,34.0,0.8823529411764622
2342,茂矽,29.1,9.0,166.0,28.45,29.4,28.45,29.4,-1.0204081632652966
2344,華邦電,22.65,2353.0,25885.0,23.1,23.25,22.65,23.55,-3.821656050955423
2345,智邦,491.0,197.0,3126.0,489.5,511.0,489.5,495.5,-0.9081735620585267
2347,聯強,69.7,1259.0,3541.0,68.6,70.5,68.6,70.1,-0.5706134094151092
2348,海悅,257.5,51.0,1982.0,257.0,262.0,246.0,259.5,-0.7707129094412332
2349,錸德,15.6,1813.0,52060.0,16.15,16.55,15.1,15.6,0.0
2351,順德,113.0,104.0,1638.0,111.5,114.5,110.5,114.0,-0.8771929824561403
2352,佳世達,32.7,348.0,5436.0,32.45,32.85,31.95,32.5,0.6153846153846242
2353,宏碁,42.3,2653.0,19863.0,42.15,42.75,41.8,42.55,-0.5875440658049353
2354,鴻準,59.7,331.0,5683.0,59.5,60.7,58.8,60.7,-1.6474464579901154
2355,敬鵬,41.0,65.0,1748.0,40.85,41.6,40.65,41.8,-1.9138755980861177
2356,英業達,44.2,2165.0,35970.0,44.6,45.2,43.9,44.7,-1.1185682326621922
2357,華碩,502.0,761.0,16681.0,509.0,513.0,494.5,469.5,6.922257720979766
,,-,-,,,,,,0.0
2359,所羅門,152.0,1282.0,45789.0,147.5,158.0,144.0,151.5,0.33003300330033003
2360,致茂,282.0,112.0,1372.0,292.0,294.0,280.0,292.0,-3.4246575342465753
2362,藍天,53.8,322.0,5753.0,54.3,55.3,53.5,55.4,-2.8880866425992804
2363,矽統,67.5,526.0,9872.0,70.0,70.0,67.5,70.6,-4.390934844192627
2364,倫飛,81.1,4.0,110.0,81.6,81.6,79.1,82.4,-1.5776699029126349
2365,昆盈,61.3,2345.0,121018.0,59.1,63.3,57.6,58.0,5.689655172413788
2367,燿華,32.25,450.0,13735.0,31.6,32.85,31.6,32.85,-1.8264840182648445
2368,金像電,209.0,650.0,15297.0,206.5,217.5,205.5,207.0,0.966183574879227
2369,菱生,18.6,51.0,1092.0,18.5,18.9,18.35,18.95,-1.8469656992084322
2371,大同,45.85,1157.0,13468.0,46.85,46.9,45.8,47.3,-3.065539112050731
2373,震旦行,67.7,4.0,90.0,67.9,68.3,67.3,68.4,-1.0233918128655013
2374,佳能,47.05,320.0,10228.0,46.9,48.9,46.5,47.55,-1.0515247108307046
2375,凱美,61.2,10.0,348.0,60.1,61.9,60.1,62.5,-2.079999999999995
2376,技嘉,222.0,946.0,17594.0,225.0,226.0,219.0,234.5,-5.330490405117271
2377,微星,161.0,378.0,2517.0,161.0,164.0,160.0,164.0,-1.8292682926829267
2379,瑞昱,487.0,244.0,2538.0,487.0,495.0,486.0,489.0,-0.408997955010225
2380,虹光,6.47,2.0,127.0,6.46,6.59,6.43,6.46,0.1547987616099038
2382,廣達,240.0,4436.0,56692.0,240.0,244.0,236.0,250.0,-4.0
2383,台光電,442.0,265.0,4586.0,439.0,446.0,433.0,444.0,-0.45045045045045046
2385,群光,151.5,972.0,5730.0,155.0,158.0,151.0,154.0,-1.6233766233766231
2387,精元,54.7,23.0,504.0,53.8,55.4,53.8,54.9,-0.3642987249544549
2388,威盛,96.0,371.0,6084.0,98.5,99.6,95.6,99.9,-3.9039039039039096
2390,云辰,12.05,12.0,292.0,12.1,12.15,11.85,12.2,-1.2295081967212997
2392,正崴,63.7,245.0,5595.0,63.9,65.4,63.2,66.0,-3.4848484848484804
2393,億光,73.2,597.0,4299.0,72.0,74.6,70.9,72.8,0.5494505494505573
2395,研華,336.0,107.0,727.0,334.0,339.5,334.0,339.5,-1.0309278350515463
2397,友通,63.3,7.0,295.0,63.0,65.2,62.6,64.8,-2.314814814814815
2399,映泰,20.15,129.0,1382.0,19.9,20.5,19.85,20.8,-3.12500000000001
2401,凌陽,29.75,70.0,2691.0,29.3,30.15,29.1,30.25,-1.6528925619834711
2402,毅嘉,36.8,234.0,6577.0,36.65,37.6,36.1,37.1,-0.8086253369272353
2404,漢唐,316.0,213.0,821.0,320.0,327.0,316.0,328.0,-3.6585365853658534
2405,輔信,20.25,432.0,9085.0,20.45,20.85,20.2,20.55,-1.4598540145985435
2406,國碩,21.4,232.0,2658.0,21.2,21.7,21.05,21.5,-0.46511627906977404
2408,南亞科,49.5,1087.0,21751.0,48.5,50.2,48.2,50.0,-1.0
2409,友達,15.05,4439.0,48837.0,14.95,15.3,14.75,14.95,0.6688963210702437
2412,中華電,121.5,1217.0,11027.0,121.0,122.0,121.0,121.5,0.0
2413,環科,19.9,7.0,111.0,19.8,20.2,19.8,20.45,-2.689486552567241
2414,精技,34.8,6.0,162.0,34.5,34.8,34.2,34.7,0.2881844380403294
2415,錩新,23.1,6.0,185.0,22.7,23.9,22.7,22.75,1.5384615384615448
2417,圓剛,42.1,107.0,3525.0,41.2,43.4,41.05,42.25,-0.3550295857988132
2419,仲琦,26.95,66.0,1118.0,26.85,27.25,26.35,27.4,-1.6423357664233553
2420,新巨,58.4,5.0,185.0,58.9,59.7,58.2,59.7,-2.1775544388609784
2421,建準,94.4,397.0,3603.0,90.3,94.4,90.3,92.1,2.4972855591748226
2423,固緯,35.7,16.0,416.0,36.8,36.8,35.7,37.3,-4.289544235924918
2424,隴華,-,-,0,-,-,-,28.9000,0.0
2425,承啟,29.6,10.0,293.0,29.8,30.0,29.3,30.3,-2.310231023102308
2426,鼎元,17.4,15.0,205.0,17.05,17.55,17.05,17.55,-0.8547008547008668
2427,三商電,26.55,75.0,1565.0,26.95,27.1,26.3,26.95,-1.4842300556586219
2428,興勤,153.0,18.0,246.0,153.0,154.0,150.5,153.5,-0.32573289902280134
2429,銘旺科,27.25,2.0,309.0,27.25,27.25,27.25,30.25,-9.917355371900827
2430,燦坤,32.6,8.0,46.0,32.85,32.85,32.5,32.9,-0.9118541033434565
2431,聯昌,11.4,26.0,221.0,11.55,11.55,11.3,11.6,-1.7241379310344769
2432,倚天酷碁-創,35.5,1.0,16.0,36.5,36.9,35.5,36.65,-3.1377899045020428
2433,互盛電,50.3,3.0,16.0,50.1,50.6,50.1,50.7,-0.7889546351084924
2434,統懋,31.6,1.0,22.0,31.8,31.8,31.4,31.45,0.476947535771072
2436,偉詮電,52.2,32.0,857.0,52.9,53.5,51.6,52.4,-0.38167938931296896
2438,翔耀,58.8,13.0,426.0,59.0,59.0,55.0,58.5,0.512820512820508
2439,美律,122.0,354.0,3329.0,116.5,123.0,115.0,118.5,2.9535864978902953
2440,太空梭,14.2,7.0,235.0,14.5,14.5,13.95,14.5,-2.0689655172413843
2441,超豐,57.8,67.0,1049.0,57.6,58.3,57.6,58.8,-1.7006802721088436
2442,新美齊,34.2,49.0,2865.0,34.0,34.75,33.2,34.15,0.14641288433383387
,,-,-,,,,,,0.0
2444,兆勁,12.75,21.0,315.0,12.6,13.0,12.6,13.0,-1.9230769230769231
2449,京元電子,103.5,1361.0,24767.0,100.0,106.0,98.6,102.5,0.975609756097561
2450,神腦,34.9,7.0,83.0,34.8,35.1,34.7,35.2,-0.8522727272727394
2451,創見,92.5,112.0,738.0,93.3,94.0,92.3,93.5,-1.06951871657754
2453,凌群,53.2,25.0,734.0,53.0,53.7,51.8,53.6,-0.7462686567164152
2454,聯發科,1115.0,1271.0,8041.0,1120.0,1140.0,1100.0,1150.0,-3.0434782608695654
2455,全新,128.5,170.0,2381.0,127.5,130.5,124.5,132.0,-2.6515151515151514
2457,飛宏,38.8,129.0,2808.0,40.5,40.5,38.8,40.8,-4.901960784313726
2458,義隆,133.0,240.0,1452.0,134.0,136.5,132.5,135.0,-1.4814814814814816
2459,敦吉,72.0,6.0,38.0,71.7,72.0,71.4,72.0,0.0
2460,建通,26.35,30.0,450.0,25.8,26.85,25.5,26.1,0.9578544061302682
2461,光群雷,21.55,156.0,844.0,22.4,22.4,21.55,21.95,-1.8223234624145723
2462,良得電,30.4,14.0,212.0,30.55,30.8,30.0,30.85,-1.4586709886547902
2464,盟立,74.4,990.0,29748.0,72.1,77.0,72.1,74.1,0.40485829959515707
2465,麗臺,89.6,54.0,1837.0,85.0,90.9,84.5,91.4,-1.9693654266958547
2466,冠西電,35.05,1.0,7.0,35.6,35.6,35.05,35.85,-2.231520223152034
2467,志聖,168.0,173.0,2669.0,172.0,178.0,167.0,172.5,-2.608695652173913
2468,華經,23.65,12.0,222.0,23.6,24.0,23.3,23.6,0.21186440677964896
2471,資通,49.9,12.0,180.0,49.95,50.4,49.6,50.4,-0.992063492063492
2472,立隆電,80.8,66.0,1182.0,79.1,81.9,78.7,80.1,0.8739076154806529
2474,可成,219.0,664.0,2576.0,217.0,221.5,216.0,222.0,-1.3513513513513513
2476,鉅祥,96.6,101.0,5208.0,93.0,99.5,92.9,92.7,4.207119741100315
2477,美隆電,23.25,17.0,307.0,23.85,23.95,23.05,23.9,-2.7196652719665213
2478,大毅,47.95,8.0,114.0,47.0,48.35,47.0,48.25,-0.6217616580310822
2480,敦陽科,117.0,15.0,149.0,114.5,117.0,114.0,115.5,1.2987012987012987
2481,強茂,48.3,105.0,2156.0,48.6,49.3,47.9,49.95,-3.303303303303314
2482,連宇,30.05,59.0,628.0,30.1,30.7,29.35,30.75,-2.27642276422764
2483,百容,23.1,5.0,116.0,23.2,23.4,22.9,23.65,-2.3255813953488254
2484,希華,28.5,7.0,158.0,28.3,28.7,28.2,28.9,-1.3840830449826942
2485,兆赫,17.2,47.0,863.0,17.0,17.4,16.9,17.6,-2.2727272727272845
2486,一詮,98.9,498.0,18922.0,98.0,103.5,97.3,98.8,0.10121457489879405
2488,漢平,45.25,5.0,97.0,45.0,45.7,45.0,45.75,-1.092896174863388
2489,瑞軒,21.55,1071.0,49567.0,20.25,22.1,20.25,20.1,7.213930348258703
2491,吉祥全,13.55,3.0,36.0,13.15,13.7,13.1,13.55,0.0
2492,華新科,102.5,113.0,1809.0,103.0,105.0,102.0,105.0,-2.380952380952381
2493,揚博,79.0,9.0,136.0,78.5,80.2,78.2,79.5,-0.628930817610063
2495,普安,27.4,43.0,1648.0,27.4,27.8,26.75,27.8,-1.438848920863317
2496,卓越,72.7,1.0,25.0,72.4,72.7,72.0,73.2,-0.6830601092896175
2497,怡利電,58.0,37.0,930.0,57.2,59.8,56.2,58.0,0.0
2498,宏達電,39.05,253.0,4788.0,38.6,39.5,38.0,39.45,-1.013941698352359
2501,國建,26.55,1326.0,7454.0,27.55,27.55,26.25,27.9,-4.838709677419348
2504,國產,47.7,427.0,3029.0,48.4,48.5,47.6,48.65,-1.9527235354573396
2505,國揚,24.85,18.0,503.0,24.8,25.15,24.1,25.4,-2.1653543307086505
2506,太設,11.8,18.0,2740.0,11.8,11.8,11.8,10.75,9.767441860465123
2509,全坤建,23.95,119.0,2948.0,23.8,25.1,23.7,23.3,2.7896995708154444
2511,太子,11.15,113.0,2275.0,11.0,11.25,10.9,11.2,-0.44642857142856196
2514,龍邦,22.1,62.0,553.0,22.2,22.8,21.9,22.7,-2.6431718061673917
2515,中工,14.1,679.0,15294.0,14.3,14.4,14.1,14.5,-2.758620689655175
2516,新建,12.8,15.0,759.0,12.7,13.0,12.65,12.9,-0.7751937984496096
2520,冠德,52.1,396.0,14011.0,51.5,53.7,50.3,51.5,1.1650485436893232
2524,京城,102.0,57.0,1691.0,99.5,106.5,96.1,102.5,-0.4878048780487805
2527,宏璟,39.6,26.0,1214.0,39.1,40.5,38.4,40.6,-2.463054187192118
2528,皇普,42.65,55.0,1449.0,44.0,44.0,41.9,44.2,-3.506787330316752
2530,華建,48.25,29.0,1847.0,47.8,49.1,47.05,48.25,0.0
2534,宏盛,26.1,193.0,1541.0,26.1,26.3,25.25,26.35,-0.9487666034155597
2535,達欣工,53.8,27.0,272.0,52.7,53.8,52.3,52.9,1.701323251417767
2536,宏普,32.4,4.0,958.0,32.4,32.7,31.5,32.65,-0.7656967840735069
2537,聯上發,21.4,926.0,20694.0,21.65,22.2,20.85,21.35,0.23419203747071268
2538,基泰,19.9,97.0,5404.0,20.2,20.25,18.8,20.75,-4.096385542168682
2539,櫻花建,74.3,14.0,689.0,72.7,75.0,72.3,75.2,-1.1968085106383053
2540,愛山林,171.0,53.0,1285.0,174.5,177.0,167.0,177.0,-3.389830508474576
2542,興富發,52.7,304.0,9551.0,52.0,53.5,51.0,53.0,-0.5660377358490513
2543,皇昌,61.6,414.0,19454.0,58.0,63.6,56.8,58.0,6.206896551724141
2545,皇翔,54.5,37.0,927.0,54.5,55.2,53.5,55.1,-1.0889292196007285
2546,根基,80.1,5.0,156.0,82.4,82.4,79.8,82.4,-2.7912621359223437
2547,日勝生,10.25,130.0,2861.0,10.35,10.4,10.15,10.5,-2.380952380952381
2548,華固,144.0,86.0,1113.0,143.0,145.5,139.5,145.0,-0.6896551724137931
2597,潤弘,200.5,29.0,574.0,203.5,207.0,197.0,205.0,-2.195121951219512
2601,益航,7.2,28.0,987.0,7.21,7.3,7.0,7.35,-2.040816326530605
2603,長榮,172.5,2503.0,21466.0,175.0,175.5,170.5,177.0,-2.5423728813559325
2605,新興,25.45,96.0,2474.0,25.8,26.1,25.45,26.25,-3.0476190476190506
2606,裕民,51.2,115.0,3172.0,51.3,52.0,51.1,52.0,-1.538461538461533
2607,榮運,30.2,60.0,1088.0,30.3,30.6,30.1,30.9,-2.265372168284787
2608,嘉里大榮,39.35,22.0,215.0,39.4,39.8,39.3,39.7,-0.8816120906801043
2609,陽明,61.2,2538.0,38728.0,63.0,63.2,61.1,63.6,-3.773584905660375
2610,華航,20.65,2761.0,25645.0,20.75,21.2,20.65,21.1,-2.1327014218009612
2611,志信,24.8,29.0,724.0,25.25,25.25,24.7,25.45,-2.554027504911586
2612,中航,41.5,9.0,135.0,41.6,41.9,41.0,41.9,-0.9546539379474906
2613,中櫃,33.2,26.0,532.0,33.55,33.9,32.9,33.95,-2.2091310751104563
2614,東森,20.05,30.0,617.0,20.0,20.2,19.8,20.4,-1.7156862745097936
2615,萬海,78.8,2496.0,45189.0,81.7,83.0,78.8,84.2,-6.413301662707845
2616,山隆,21.5,6.0,98.0,21.6,21.6,21.3,21.6,-0.4629629629629695
2617,台航,32.05,44.0,792.0,32.3,32.45,32.0,32.8,-2.286585365853659
2618,長榮航,32.1,4015.0,24387.0,32.15,32.4,31.95,32.6,-1.5337423312883436
2630,亞航,32.3,34.0,508.0,31.6,32.5,31.55,32.55,-0.7680491551459294
2633,台灣高鐵,29.0,363.0,3339.0,28.95,29.3,28.95,29.3,-1.0238907849829375
2634,漢翔,47.7,105.0,3398.0,47.7,48.2,47.25,48.3,-1.2422360248447089
2636,台驊投控,91.2,126.0,852.0,92.0,92.0,88.0,92.8,-1.7241379310344769
2637,慧洋-KY,66.5,308.0,2816.0,67.0,68.4,66.5,67.9,-2.061855670103101
2642,宅配通,34.85,1.0,36.0,34.35,34.95,33.5,35.05,-0.5706134094151092
2645,長榮航太,95.8,110.0,1022.0,96.8,97.5,95.3,99.5,-3.718592964824124
2701,萬企,12.75,5.0,81.0,12.85,12.85,12.7,12.85,-0.7782101167315147
2702,華園,16.95,62.0,173.0,17.15,17.25,16.85,17.05,-0.5865102639296271
2704,國賓,61.8,22.0,346.0,63.3,63.4,61.1,64.8,-4.62962962962963
2705,六福,17.65,7.0,104.0,17.55,17.8,17.5,17.85,-1.1204481792717245
2706,第一店,14.75,6.0,99.0,14.7,14.8,14.6,14.8,-0.3378378378378426
2707,晶華,203.5,6.0,141.0,201.0,204.0,200.0,201.5,0.9925558312655087
2712,遠雄來,-,-,2,28.0000,28.0000,27.9500,28.0000,0.0
2722,夏都,40.9,7.0,105.0,41.45,41.45,39.9,42.3,-3.3096926713947963
2723,美食-KY,79.0,11.0,237.0,78.0,79.7,77.6,79.3,-0.3783102143757846
2727,王品,196.0,15.0,227.0,198.5,198.5,194.5,199.0,-1.507537688442211
2731,雄獅,130.5,54.0,1117.0,134.5,134.5,130.0,135.5,-3.6900369003690034
2739,寒舍,58.3,19.0,531.0,58.8,60.0,57.2,60.1,-2.995008319467561
2748,雲品,56.4,8.0,192.0,58.1,58.1,55.5,58.2,-3.0927835051546464
2753,八方雲集,150.0,4.0,148.0,149.5,151.0,147.0,153.0,-1.9607843137254901
2762,世界健身-KY,75.3,7.0,63.0,76.0,76.0,74.7,76.3,-1.3106159895150722
2801,彰銀,18.4,6303.0,23768.0,18.2,18.45,18.2,18.3,0.5464480874316823
2809,京城銀,52.6,420.0,1691.0,52.8,53.2,52.2,53.8,-2.2304832713754568
2812,台中銀,16.95,270.0,5108.0,17.05,17.1,16.85,17.05,-0.5865102639296271
2816,旺旺保,33.75,8.0,227.0,33.6,34.2,33.35,34.1,-1.026392961876837
2820,華票,14.8,34.0,552.0,14.7,14.9,14.7,14.8,0.0
2832,台產,27.2,6.0,141.0,26.95,27.3,26.9,27.35,-0.5484460694698432
2834,臺企銀,15.6,3574.0,62751.0,15.85,15.9,15.55,15.9,-1.8867924528301931
2836,高雄銀,12.45,1684.0,4885.0,12.1,12.5,12.1,12.25,1.632653061224484
2838,聯邦銀,14.4,72.0,1673.0,14.25,14.6,14.2,14.55,-1.0309278350515487
2845,遠東銀,14.9,710.0,7893.0,14.65,15.05,14.6,15.0,-0.6666666666666643
2849,安泰銀,14.1,3.0,178.0,14.15,14.2,13.95,14.45,-2.4221453287197208
2850,新產,88.8,35.0,239.0,89.0,89.9,88.6,90.4,-1.7699115044247882
2851,中再保,25.25,23.0,1172.0,25.2,25.5,25.15,25.55,-1.1741682974559713
2852,第一保,21.75,17.0,225.0,22.1,22.1,21.7,22.1,-1.5837104072398251
2855,統一證,25.85,216.0,2869.0,25.7,26.0,25.45,25.7,0.5836575875486465
2867,三商壽,7.17,306.0,12018.0,7.11,7.24,7.05,7.22,-0.6925207756232663
2880,華南金,26.8,8770.0,22658.0,26.35,27.2,26.35,27.1,-1.1070110701107037
2881,富邦金,83.1,1867.0,19477.0,81.5,84.4,81.4,82.6,0.6053268765133173
2882,國泰金,57.8,2681.0,22063.0,57.5,58.8,57.2,58.6,-1.3651877133105874
2883,開發金,15.0,3479.0,41540.0,14.85,15.2,14.75,15.1,-0.6622516556291367
2884,玉山金,25.8,3670.0,23330.0,25.65,26.1,25.6,25.9,-0.3861003861003779
2885,元大金,31.4,2982.0,19527.0,30.8,31.65,30.75,31.3,0.31948881789136696
2886,兆豐金,38.1,3852.0,72807.0,38.0,38.35,37.65,38.9,-2.056555269922872
2887,台新金,17.7,3225.0,24738.0,17.45,17.8,17.35,17.5,1.1428571428571388
2888,新光金,10.3,3569.0,69375.0,10.3,10.45,10.2,10.45,-1.4354066985645797
2889,國票金,14.95,641.0,6273.0,14.6,15.0,14.55,14.65,2.047781569965863
2890,永豐金,25.35,2687.0,18386.0,25.0,25.65,25.0,25.6,-0.9765625
2891,中信金,33.75,5544.0,51395.0,33.7,34.3,33.3,33.9,-0.4424778761061905
2892,第一金,26.4,2932.0,44223.0,26.5,26.75,26.4,26.6,-0.7518796992481309
2897,王道銀行,9.84,100.0,3616.0,9.75,9.93,9.74,9.89,-0.5055611729019283
2901,欣欣,27.65,1.0,8.0,27.55,27.65,27.2,27.7,-0.18050541516245744
2903,遠百,29.1,158.0,1709.0,29.0,29.45,28.75,29.75,-2.1848739495798273
2904,匯僑,-,-,16,18.3500,18.3500,18.1500,18.3000,0.0
2905,三商,19.1,42.0,1983.0,18.35,19.35,18.35,18.85,1.326259946949602
2906,高林,19.2,7.0,272.0,19.2,19.4,19.1,19.5,-1.538461538461542
2908,特力,20.3,34.0,256.0,20.15,20.3,20.05,20.3,0.0
2910,統領,27.3,3.0,73.0,27.0,27.5,26.9,27.45,-0.5464480874316888
2911,麗嬰房,7.18,5.0,169.0,7.18,7.38,7.15,7.41,-3.1039136302294255
2912,統一超,279.0,347.0,1948.0,279.0,281.5,278.0,280.5,-0.53475935828877
2913,農林,20.2,81.0,2472.0,20.4,20.45,20.15,20.7,-2.4154589371980677
2915,潤泰全,73.6,137.0,3079.0,72.5,74.0,71.9,73.2,0.5464480874316823
2923,鼎固-KY,27.35,18.0,218.0,27.85,29.4,26.9,29.3,-6.655290102389076
2929,淘帝-KY,8.45,7.0,198.0,8.41,8.61,8.41,8.66,-2.4249422632794557
2939,凱羿-KY,25.0,3.0,11.0,24.9,25.0,24.85,24.85,0.603621730382288
2945,三商家購,-,-,6,42.0000,42.9500,42.0000,42.5500,0.0
3002,歐格,14.2,2.0,134.0,14.1,14.4,14.0,14.15,0.3533568904593564
3003,健和興,75.0,30.0,498.0,74.0,76.5,74.0,75.5,-0.6622516556291391
3004,豐達科,93.5,6.0,58.0,93.0,93.9,92.3,93.2,0.3218884120171643
3005,神基,99.1,390.0,2633.0,99.5,101.0,98.6,101.0,-1.8811881188118866
3006,晶豪科,75.3,102.0,2581.0,74.2,76.5,74.0,76.7,-1.825293350717087
3008,大立光,2745.0,41.0,742.0,2740.0,2775.0,2690.0,2775.0,-1.0810810810810811
3010,華立,136.0,175.0,1259.0,133.0,137.5,133.0,136.0,0.0
3011,今皓,27.0,11.0,234.0,27.0,27.6,26.75,27.05,-0.18484288354898598
3013,晟銘電,85.9,419.0,9670.0,85.2,88.8,84.8,88.4,-2.8280542986425337
3014,聯陽,140.0,132.0,944.0,141.5,143.5,140.0,143.5,-2.4390243902439024
3015,全漢,50.5,9.0,287.0,50.7,51.3,50.1,52.3,-3.4416826003824035
3016,嘉晶,56.0,26.0,386.0,55.8,56.6,54.7,56.9,-1.5817223198594001
3017,奇鋐,530.0,654.0,13161.0,541.0,549.0,521.0,559.0,-5.18783542039356
3018,隆銘綠能,23.35,10.0,15.0,23.1,23.35,23.1,23.1,1.0822510822510822
3019,亞光,94.0,849.0,25674.0,92.0,97.3,91.4,93.4,0.6423982869378954
3021,鴻名,22.35,3.0,144.0,22.7,22.85,21.6,22.85,-2.1881838074398248
3022,威強電,76.6,85.0,1876.0,74.2,77.6,73.9,75.6,1.3227513227513228
3023,信邦,288.5,83.0,1232.0,286.0,294.5,286.0,290.0,-0.5172413793103449
3024,憶聲,21.75,200.0,9749.0,21.0,22.1,20.65,21.55,0.9280742459396718
3025,星通,60.7,83.0,2649.0,57.1,62.5,57.1,57.0,6.491228070175444
3026,禾伸堂,86.9,20.0,155.0,86.0,87.0,85.3,86.6,0.34642032332564826
3027,盛達,34.1,27.0,602.0,34.6,34.6,33.7,34.6,-1.4450867052023122
3028,增你強,33.25,8.0,264.0,33.4,33.4,33.0,33.55,-0.8941877794336728
3029,零壹,93.5,51.0,1416.0,92.0,94.5,91.1,94.5,-1.0582010582010581
3030,德律,125.0,157.0,2776.0,127.5,130.0,124.5,132.0,-5.303030303030303
3031,佰鴻,18.1,8.0,144.0,17.85,18.2,17.8,18.25,-0.8219178082191704
3032,偉訓,60.1,28.0,909.0,59.4,61.8,58.7,60.1,0.0
3033,威健,31.5,93.0,2036.0,31.8,32.0,31.35,32.25,-2.3255813953488373
3034,聯詠,495.5,565.0,3135.0,485.0,499.5,485.0,495.5,0.0
3035,智原,262.5,425.0,12224.0,258.0,270.5,257.0,261.0,0.5747126436781609
3036,文曄,102.0,655.0,10447.0,100.5,103.5,99.5,99.0,3.0303030303030303
3037,欣興,144.0,1349.0,21984.0,143.0,146.0,141.5,148.5,-3.0303030303030303
3038,全台,26.45,25.0,255.0,26.25,26.7,26.2,26.8,-1.3059701492537368
3040,遠見,34.15,10.0,192.0,33.9,34.25,33.75,33.4,2.245508982035928
3041,揚智,19.0,4.0,401.0,18.75,19.15,18.55,19.25,-1.2987012987012987
3042,晶技,106.0,273.0,2878.0,106.0,109.0,105.5,107.5,-1.3953488372093024
3043,科風,30.3,6.0,90.0,30.85,30.95,30.3,31.2,-2.88461538461538
3044,健鼎,196.5,917.0,6125.0,191.0,197.5,187.5,194.0,1.2886597938144329
3045,台灣大,107.0,2039.0,8951.0,106.5,108.0,106.0,108.0,-0.9259259259259258
3046,建碁,59.2,1.0,1977.0,57.9,59.2,55.9,53.9,9.833024118738413
3047,訊舟,38.05,937.0,42386.0,36.8,38.8,36.05,36.15,5.2558782849239245
3048,益登,43.15,286.0,13566.0,40.95,44.45,40.8,42.15,2.372479240806643
3049,精金,8.07,118.0,1118.0,8.13,8.22,8.04,8.27,-2.4183796856106325
3050,鈺德,21.9,79.0,2036.0,22.0,22.55,21.25,21.8,0.45871559633026543
3051,力特,29.15,11.0,464.0,29.0,29.6,28.9,29.3,-0.5119453924914749
3052,夆典,12.9,18.0,642.0,13.0,13.1,12.8,13.05,-1.1494252873563244
3054,立萬利,-,-,6,20.0000,20.5000,20.0000,20.3500,0.0
3055,蔚華科,67.4,31.0,580.0,67.0,68.8,65.6,68.3,-1.3177159590043799
3056,富華新,35.5,260.0,3178.0,35.0,35.95,34.0,36.15,-1.798063623789761
3057,喬鼎,-,-,97,11.8000,12.4000,11.8000,12.5000,0.0
3058,立德,16.65,33.0,397.0,16.5,16.95,16.4,17.0,-2.058823529411773
3059,華晶科,34.35,54.0,1392.0,34.4,34.95,33.8,35.1,-2.1367521367521367
3060,銘異,25.7,73.0,1033.0,25.7,26.25,25.4,26.3,-2.281368821292781
3062,建漢,25.3,481.0,3609.0,25.45,25.95,25.1,25.95,-2.5048169556840025
3090,日電貿,62.0,50.0,721.0,62.6,62.7,61.8,63.0,-1.5873015873015872
3092,鴻碩,28.8,2.0,110.0,29.0,29.0,28.0,29.2,-1.3698630136986254
3094,聯傑,29.15,18.0,444.0,29.0,29.8,28.95,29.95,-2.6711185308848107
3130,一零四,230.0,1.0,9.0,227.5,230.5,227.5,227.0,1.3215859030837005
3138,耀登,106.5,3.0,183.0,106.5,109.0,105.0,107.5,-0.9302325581395349
3149,正達,21.7,23.0,555.0,21.4,22.05,21.4,22.35,-2.9082774049217095
3150,鈺寶-創,38.75,3.0,10.0,38.5,38.75,38.5,39.35,-1.5247776365946668
3164,景岳,-,-,7,22.3500,22.9000,22.2500,22.3500,0.0
3167,大量,71.1,15.0,4051.0,64.6,71.1,64.6,64.7,9.891808346213278
3168,眾福科,-,-,5,54.7000,54.7000,54.0000,54.7000,0.0
3189,景碩,102.0,540.0,23771.0,98.8,105.0,97.7,99.8,2.2044088176352736
3209,全科,32.3,24.0,364.0,32.35,32.5,32.05,32.7,-1.2232415902140847
3229,晟鈦,25.5,2.0,162.0,25.0,25.85,24.1,25.6,-0.39062500000000555
3231,緯創,94.8,2471.0,56769.0,95.0,95.8,92.8,97.5,-2.7692307692307723
3257,虹冠電,48.9,3.0,67.0,49.35,49.35,48.1,49.4,-1.0121457489878543
3266,昇陽,20.8,6.0,133.0,21.1,21.25,20.6,21.45,-3.0303030303030236
3296,勝德,23.95,39.0,262.0,23.95,24.1,23.3,24.0,-0.20833333333333628
3305,昇貿,63.4,64.0,1162.0,64.0,64.5,62.8,64.8,-2.1604938271604914
3308,聯德,24.15,1.0,74.0,23.95,24.6,23.8,24.25,-0.41237113402062436
3311,閎暉,34.8,3.0,34.0,34.75,35.3,34.3,34.8,0.0
3312,弘憶股,74.0,593.0,11742.0,75.6,77.3,73.3,76.5,-3.2679738562091507
3321,同泰,18.55,12.0,291.0,18.85,18.95,18.05,18.95,-2.110817941952499
3338,泰碩,73.9,39.0,1519.0,72.5,75.6,72.2,74.0,-0.13513513513512745
3346,麗清,35.75,14.0,300.0,35.8,36.25,35.15,36.3,-1.5151515151515074
3356,奇偶,61.2,96.0,3314.0,59.6,62.2,59.2,59.6,2.684563758389264
3376,新日興,199.0,482.0,10238.0,198.0,205.0,197.5,201.5,-1.240694789081886
3380,明泰,30.4,51.0,955.0,30.1,30.8,30.0,30.85,-1.4586709886547902
3406,玉晶光,501.0,107.0,2553.0,498.0,515.0,489.0,498.0,0.6024096385542169
3413,京鼎,289.0,37.0,1443.0,292.0,295.0,287.5,297.5,-2.857142857142857
3416,融程電,125.5,12.0,271.0,123.0,126.0,123.0,123.0,2.0325203252032518
3419,譁裕,16.55,9.0,362.0,16.3,16.75,16.2,16.7,-0.8982035928143627
3432,台端,23.7,1.0,22.0,23.85,23.85,23.25,23.85,-0.6289308176100717
3437,榮創,22.8,29.0,613.0,23.2,23.4,22.6,23.2,-1.7241379310344769
3443,創意,998.0,153.0,3044.0,985.0,1005.0,971.0,1015.0,-1.6748768472906401
3447,展達,31.45,1.0,28.0,30.35,31.5,30.35,31.4,0.15923566878981119
3450,聯鈞,122.0,19.0,27088.0,109.5,122.0,109.0,111.0,9.90990990990991
3454,晶睿,106.0,10.0,128.0,104.0,106.5,103.0,107.0,-0.9345794392523363
3481,群創,13.8,4044.0,57857.0,13.75,14.1,13.6,14.0,-1.4285714285714235
3494,誠研,7.02,10.0,63.0,7.13,7.13,7.0,7.02,0.0
3501,維熹,70.0,25.0,712.0,68.0,70.7,68.0,68.0,2.941176470588235
3504,揚明光,51.4,15.0,217.0,50.0,52.3,50.0,51.2,0.3906249999999917
3515,華擎,183.0,22.0,400.0,185.0,187.0,180.0,187.0,-2.13903743315508
3518,柏騰,32.9,84.0,2460.0,33.55,34.75,32.2,33.95,-3.0927835051546513
3528,安馳,49.3,5.0,172.0,50.5,50.5,49.0,50.5,-2.376237623762382
3530,晶相光,82.4,9.0,111.0,85.0,85.0,82.4,85.2,-3.2863849765258184
3532,台勝科,138.0,36.0,439.0,138.5,140.0,137.0,142.5,-3.1578947368421053
3533,嘉澤,1390.0,48.0,799.0,1415.0,1440.0,1375.0,1430.0,-2.797202797202797
3535,晶彩科,68.8,476.0,20325.0,68.3,71.4,65.0,67.1,2.5335320417287677
3543,州巧,20.8,3.0,54.0,20.25,20.8,20.25,20.9,-0.47846889952152094
3545,敦泰,77.6,91.0,1829.0,76.4,78.4,75.2,77.0,0.7792207792207718
3550,聯穎,14.35,6.0,89.0,14.35,14.35,13.9,14.4,-0.34722222222222715
3557,嘉威,73.4,3.0,98.0,71.7,73.5,71.7,73.0,0.5479452054794599
3563,牧德,297.5,13.0,407.0,299.0,305.0,296.0,305.0,-2.459016393442623
3576,聯合再生,11.2,242.0,4819.0,11.3,11.3,11.0,11.35,-1.3215859030837036
3583,辛耘,361.5,225.0,5237.0,365.0,371.0,351.0,371.0,-2.560646900269542
3588,通嘉,67.5,50.0,431.0,67.8,69.1,66.5,68.4,-1.3157894736842188
3591,艾笛森,24.0,27.0,503.0,23.85,24.5,23.55,24.15,-0.6211180124223544
3592,瑞鼎,348.0,43.0,368.0,352.0,353.5,346.5,358.0,-2.793296089385475
3593,力銘,15.2,77.0,482.0,15.6,15.8,15.0,16.2,-6.17283950617284
3596,智易,136.0,150.0,907.0,134.0,138.0,134.0,137.5,-1.090909090909091
3605,宏致,41.75,22.0,544.0,42.0,42.6,41.55,42.6,-1.9953051643192519
3607,谷崧,17.6,71.0,1066.0,17.4,17.9,17.15,17.45,0.8595988538682072
3617,碩天,260.5,40.0,1019.0,247.5,264.0,247.5,250.5,3.992015968063872
3622,洋華,55.8,23.0,596.0,55.2,56.4,54.6,57.2,-2.4475524475524573
3645,達邁,39.5,42.0,757.0,39.3,40.05,39.0,39.9,-1.0025062656641568
3652,精聯,42.05,29.0,1094.0,41.6,42.8,40.05,41.95,0.23837902264599356
3653,健策,1045.0,51.0,1610.0,1120.0,1150.0,1045.0,1160.0,-9.913793103448276
3661,世芯-KY,2190.0,186.0,2905.0,2150.0,2240.0,2110.0,2175.0,0.6896551724137931
3665,貿聯-KY,367.0,158.0,2477.0,364.0,372.0,360.0,371.5,-1.2113055181695829
3669,圓展,44.5,7.0,157.0,46.4,46.4,43.8,44.8,-0.6696428571428509
3673,TPK-KY,38.4,221.0,4023.0,38.2,39.1,37.85,39.35,-2.4142312579415575
3679,新至陞,125.0,11.0,121.0,127.0,127.5,124.5,129.0,-3.10077519379845
3686,達能,26.95,25.0,1518.0,27.1,27.65,26.3,27.85,-3.231597845601444
3694,海華,38.8,16.0,779.0,37.9,39.85,37.9,38.85,-0.12870012870013967
3701,大眾控,39.5,8.0,510.0,39.6,40.4,39.25,40.75,-3.067484662576687
3702,大聯大,83.3,1354.0,5629.0,81.4,84.2,80.8,83.7,-0.4778972520908072
3703,欣陸,32.15,102.0,1520.0,32.5,32.9,32.1,33.0,-2.57575757575758
3704,合勤控,33.5,37.0,1130.0,34.3,34.35,33.4,34.65,-3.318903318903315
3705,永信,53.1,35.0,1228.0,52.5,53.9,52.5,51.1,3.9138943248532287
3706,神達,40.05,221.0,5161.0,40.45,40.5,39.6,41.15,-2.673147023086273
3708,上緯投控,103.0,61.0,849.0,104.0,104.5,101.5,106.0,-2.8301886792452833
3711,日月光投控,138.0,2364.0,22289.0,139.0,140.5,136.0,145.5,-5.154639175257731
3712,永崴投控,52.1,98.0,2390.0,52.9,53.3,51.7,53.9,-3.339517625231906
3714,富采,39.35,75.0,1390.0,38.6,39.9,38.5,39.35,0.0
3715,定穎投控,57.2,80.0,22083.0,52.5,57.2,52.4,52.0,10.000000000000005
4104,佳醫,87.4,4.0,68.0,87.1,87.4,86.3,87.1,0.3444316877152829
4106,雃博,25.3,3.0,97.0,25.35,25.5,25.0,25.55,-0.9784735812133072
4108,懷特,18.0,8.0,204.0,17.9,18.15,17.7,18.1,-0.5524861878453117
4119,旭富,90.2,2.0,78.0,90.0,90.9,89.3,90.5,-0.3314917127071792
4133,亞諾法,30.3,5.0,89.0,29.8,30.45,29.8,30.0,1.0000000000000024
4137,麗豐-KY,143.0,3.0,149.0,144.5,147.5,143.0,144.5,-1.0380622837370241
4142,國光生,26.2,19.0,633.0,25.55,26.35,25.55,26.15,0.19120458891013656
4148,全宇生技-KY,-,-,2,47.1500,47.1500,46.8000,46.8000,0.0
4155,訊映,23.65,6.0,305.0,23.75,23.85,23.3,23.85,-0.8385744234800957
4164,承業醫,41.7,21.0,586.0,42.0,42.05,40.3,43.35,-3.8062283737024187
4190,佐登-KY,47.95,2.0,51.0,48.0,48.15,47.85,48.05,-0.20811654526533677
4306,炎洲,20.25,177.0,2529.0,20.25,20.4,20.05,20.4,-0.7352941176470519
4414,如興,-,-,543,3.5200,3.5200,3.3300,3.4300,0.0
4426,利勤,14.6,8.0,93.0,14.2,14.6,14.2,14.6,0.0
4438,廣越,107.5,1.0,19.0,107.0,108.0,107.0,108.0,-0.4629629629629629
4439,冠星-KY,97.4,1.0,11.0,100.0,100.5,96.2,101.0,-3.5643564356435586
4440,宜新實業,25.2,1.0,89.0,25.1,25.5,24.9,25.4,-0.7874015748031469
4526,東台,26.15,203.0,8363.0,25.5,26.8,25.05,25.6,2.148437499999989
4532,瑞智,25.6,210.0,9591.0,27.1,27.15,25.5,27.8,-7.913669064748198
4536,拓凱,185.0,7.0,149.0,180.0,185.5,180.0,182.0,1.6483516483516485
4540,全球傳動,39.2,254.0,7769.0,40.65,42.05,38.65,40.65,-3.5670356703566934
4545,銘鈺,46.75,16.0,327.0,48.0,48.0,46.05,47.7,-1.991614255765205
4551,智伸科,100.0,13.0,388.0,98.0,100.5,97.5,97.8,2.24948875255624
4552,力達-KY,24.8,9.0,194.0,25.3,25.3,24.55,25.45,-2.554027504911586
4555,氣立,37.45,39.0,3432.0,41.6,41.6,37.2,40.5,-7.530864197530857
4557,永新-KY,107.5,9.0,83.0,104.0,107.5,104.0,102.5,4.878048780487805
4560,強信-KY,34.3,9.0,221.0,35.35,35.35,34.0,35.85,-4.323570432357055
4562,穎漢,69.3,14.0,27727.0,63.7,69.3,61.9,63.0,9.999999999999995
4564,元翎,26.05,228.0,7737.0,26.2,27.6,26.05,26.75,-2.6168224299065392
4566,時碩工業,82.0,462.0,12407.0,80.3,85.0,79.1,82.0,0.0
4569,六方科-KY,94.3,1.0,3.0,93.2,94.3,93.2,94.9,-0.6322444678609151
4571,鈞興-KY,114.5,11.0,214.0,117.0,119.0,114.5,118.0,-2.9661016949152543
4572,駐龍,152.0,3.0,153.0,152.0,155.5,151.0,153.5,-0.9771986970684038
4576,大銀微系統,69.9,5.0,187.0,68.9,71.1,68.9,71.0,-1.5492957746478793
4581,光隆精密-KY,51.8,1.0,11.0,50.8,52.3,50.8,51.6,0.3875968992247979
4583,台灣精銳,351.0,34.0,1387.0,335.0,360.5,335.0,330.0,6.363636363636363
4588,玖鼎電力,90.2,3.0,102.0,92.0,92.0,89.6,92.5,-2.4864864864864833
4720,德淵,21.2,57.0,1257.0,21.05,21.2,20.25,21.6,-1.8518518518518614
4722,國精化,43.5,4.0,45.0,44.25,44.25,43.05,44.3,-1.8058690744920929
4736,泰博,157.0,6.0,68.0,156.5,157.5,156.5,158.0,-0.6329113924050633
4737,華廣,64.2,1.0,11.0,65.6,65.6,64.2,64.2,0.0
4739,康普,56.5,18.0,311.0,57.1,57.8,55.6,57.1,-1.0507880910683036
4746,台耀,93.4,29.0,581.0,93.0,94.7,92.8,95.2,-1.8907563025210055
4755,三福化,115.5,8.0,156.0,116.0,118.0,114.5,118.5,-2.5316455696202533
4763,材料-KY,806.0,121.0,2146.0,831.0,840.0,804.0,845.0,-4.615384615384616
4764,雙鍵,-,-,5,42.5000,42.5000,41.4500,43.0000,0.0
4766,南寶,296.0,33.0,568.0,304.0,304.0,290.0,304.0,-2.631578947368421
4770,上品,365.0,69.0,141.0,372.0,372.0,360.0,371.5,-1.7496635262449527
4771,望隼,220.5,4.0,69.0,225.0,225.0,218.0,229.5,-3.9215686274509802
4807,日成-KY,17.25,2.0,13.0,17.25,17.6,17.25,17.25,0.0
4904,遠傳,87.0,3174.0,10357.0,87.2,87.8,86.5,88.6,-1.8058690744920929
4906,正文,38.5,442.0,4290.0,38.45,39.25,38.1,39.2,-1.785714285714293
4912,聯德控股-KY,96.6,12.0,149.0,95.0,98.1,95.0,96.5,0.10362694300517547
4915,致伸,83.0,462.0,1802.0,82.1,83.9,81.5,83.0,0.0
4916,事欣科,26.9,12.0,422.0,27.1,27.25,26.5,27.45,-2.003642987249547
4919,新唐,81.2,186.0,5739.0,85.9,86.5,80.7,87.0,-6.666666666666663
4927,泰鼎-KY,49.75,38.0,918.0,48.8,50.6,48.8,50.3,-1.0934393638170918
4930,燦星網,31.3,1.0,24.0,31.45,31.45,30.95,31.5,-0.6349206349206327
4934,太極,18.5,11.0,458.0,19.1,19.1,18.4,19.15,-3.3942558746736218
4935,茂林-KY,59.2,4.0,172.0,58.4,59.7,57.7,58.1,1.8932874354561127
4938,和碩,95.8,1624.0,6128.0,94.0,97.1,93.7,96.2,-0.4158004158004217
4942,嘉彰,41.55,11.0,272.0,40.55,41.95,40.55,41.15,0.9720534629404584
4943,康控-KY,-,-,2,20.5000,20.5000,19.8000,20.1000,0.0
4949,有成精密,23.45,5.0,179.0,24.0,24.0,23.15,24.7,-5.060728744939271
4952,凌通,53.3,32.0,673.0,53.4,54.5,52.6,52.9,0.7561436672967837
4956,光鋐,24.3,61.0,1590.0,23.6,24.7,23.25,23.75,2.3157894736842133
4958,臻鼎-KY,121.5,713.0,14240.0,125.0,127.5,120.5,128.5,-5.447470817120623
4960,誠美材,14.3,54.0,2983.0,14.0,14.5,13.8,14.15,1.0600706713780943
4961,天鈺,235.0,166.0,1563.0,245.0,247.5,234.0,248.5,-5.432595573440644
4967,十銓,118.5,344.0,3459.0,115.0,118.5,114.0,117.5,0.851063829787234
4968,立積,170.5,134.0,3743.0,176.0,177.0,169.0,179.5,-5.013927576601671
4976,佳凌,42.1,17.0,537.0,41.5,43.0,40.85,42.2,-0.23696682464455313
4977,眾達-KY,67.6,36.0,587.0,67.6,70.0,67.3,68.3,-1.0248901903367538
4989,榮科,20.5,6.0,152.0,20.3,20.55,19.8,20.65,-0.7263922518159738
4994,傳奇,104.0,9.0,271.0,102.0,105.0,96.0,102.0,1.9607843137254901
4999,鑫禾,-,-,17,32.2000,32.9000,32.2000,32.8000,0.0
5007,三星,56.6,2.0,41.0,56.5,57.0,56.5,57.1,-0.8756567425569177
5203,訊連,92.6,12.0,162.0,92.8,93.8,91.8,93.2,-0.6437768240343439
5215,科嘉-KY,41.35,1.0,104.0,41.7,42.15,40.6,41.8,-1.0765550239234347
5222,全訊,147.0,11.0,324.0,148.0,149.0,145.0,149.0,-1.342281879194631
5225,東科-KY,112.0,139.0,1397.0,111.5,114.0,110.0,114.5,-2.1834061135371177
5234,達興材料,128.0,37.0,753.0,127.0,132.5,126.5,130.0,-1.5384615384615385
5243,乙盛-KY,53.4,65.0,966.0,52.9,54.3,52.7,54.0,-1.1111111111111138
5244,弘凱,40.1,7.0,150.0,41.7,42.4,39.25,41.7,-3.836930455635495
5258,虹堡,116.5,41.0,350.0,117.0,118.5,115.0,118.0,-1.2711864406779663
5269,祥碩,1380.0,98.0,1366.0,1465.0,1480.0,1375.0,1500.0,-8.0
5283,禾聯碩,104.0,4.0,99.0,104.0,105.0,104.0,104.5,-0.4784688995215311
5284,jpp-KY,104.5,11.0,198.0,105.5,108.0,103.5,107.0,-2.336448598130841
5285,界霖,60.0,8.0,122.0,59.2,60.3,59.0,60.3,-0.49751243781094057
5288,豐祥-KY,216.0,3.0,89.0,212.0,217.0,212.0,209.5,3.1026252983293556
5292,華懋,145.0,4.0,73.0,148.0,148.0,144.5,148.5,-2.356902356902357
5306,桂盟,139.0,4.0,245.0,137.0,141.0,135.5,137.0,1.4598540145985401
5388,中磊,106.5,284.0,2137.0,103.5,107.5,103.0,105.5,0.9478672985781991
5434,崇越,257.0,72.0,503.0,257.0,261.0,257.0,264.0,-2.6515151515151514
5469,瀚宇博,46.7,131.0,1981.0,47.0,47.2,46.5,47.8,-2.3012552301255114
5471,松翰,43.1,10.0,193.0,43.4,43.8,43.05,43.95,-1.934015927189992
5484,慧友,70.4,39.0,1911.0,70.7,73.0,66.6,72.6,-3.0303030303030147
5515,建國,22.0,20.0,936.0,22.15,22.4,21.8,22.65,-2.8697571743929298
5519,隆大,45.5,127.0,3925.0,44.2,46.4,43.6,45.15,0.7751937984496156
5521,工信,11.6,205.0,3667.0,11.7,12.1,11.6,11.85,-2.109704641350211
5522,遠雄,75.4,75.0,1140.0,73.7,76.5,73.5,76.6,-1.5665796344647371
5525,順天,37.9,6.0,220.0,37.6,38.2,36.55,38.2,-0.7853403141361367
5531,鄉林,10.1,82.0,2013.0,10.15,10.25,10.0,10.4,-2.8846153846153912
5533,皇鼎,20.75,4.0,430.0,21.2,21.2,20.4,21.3,-2.5821596244131486
5534,長虹,121.0,96.0,1776.0,122.0,125.0,119.5,126.0,-3.968253968253968
5538,東明-KY,29.5,1.0,11.0,29.5,29.5,29.5,29.5,0.0
5546,永固-KY,29.0,1.0,27.0,29.0,30.15,29.0,29.0,0.0
5607,遠雄港,47.0,41.0,2038.0,49.0,49.35,45.85,50.6,-7.114624505928855
5608,四維航,17.75,47.0,835.0,17.8,17.95,17.55,18.15,-2.2038567493112873
5706,鳳凰,59.3,16.0,307.0,60.4,60.4,58.6,60.4,-1.8211920529801349
5871,中租-KY,140.0,597.0,5595.0,140.0,142.5,139.0,143.0,-2.097902097902098
5876,上海商銀,39.3,871.0,6798.0,39.35,39.75,39.1,40.05,-1.8726591760299627
5880,合庫金,26.05,2370.0,12788.0,26.0,26.35,25.95,26.15,-0.38240917782025957
5906,台南-KY,63.0,2.0,2.0,63.0,63.0,63.0,61.6,2.2727272727272703
5907,大洋-KY,8.19,8.0,144.0,8.16,8.27,8.15,8.24,-0.606796116504863
6005,群益證,21.05,592.0,5536.0,20.8,21.25,20.7,21.2,-0.707547169811314
6024,群益期,55.0,4.0,289.0,54.1,55.2,54.1,54.6,0.73260073260073
6108,競國,16.85,4.0,170.0,16.5,17.05,16.5,16.95,-0.5899705014749137
6112,邁達特,44.45,26.0,1031.0,45.05,45.25,43.55,45.75,-2.8415300546448026
6115,鎰勝,51.9,4.0,122.0,52.0,52.3,51.7,52.8,-1.704545454545452
6116,彩晶,8.39,352.0,6284.0,8.49,8.55,8.32,8.64,-2.893518518518518
6117,迎廣,103.0,156.0,3158.0,102.0,105.0,101.0,103.5,-0.4830917874396135
6120,達運,13.7,369.0,6642.0,13.65,14.1,13.35,13.05,4.980842911877383
6128,上福,35.15,8.0,98.0,34.8,35.2,34.75,34.85,0.8608321377331338
6133,金橋,18.95,18.0,1060.0,18.2,19.15,18.05,18.55,2.156334231805922
6136,富爾特,21.55,6.0,115.0,21.75,21.75,21.35,21.75,-0.9195402298850541
6139,亞翔,213.5,117.0,2554.0,213.0,220.5,211.0,217.0,-1.6129032258064515
6141,柏承,14.6,9.0,235.0,14.65,15.15,14.35,14.7,-0.6802721088435351
6142,友勁,9.91,14.0,398.0,10.0,10.05,9.8,10.05,-1.3930348258706524
6152,百一,15.6,28.0,1124.0,15.15,15.8,14.7,15.4,1.298701298701294
6153,嘉聯益,20.45,96.0,2096.0,20.4,20.5,19.95,20.9,-2.1531100478468868
6155,鈞寶,26.05,6.0,179.0,26.1,26.45,25.55,26.1,-0.19157088122605637
6164,華興,14.05,12.0,222.0,13.95,14.2,13.95,14.25,-1.4035087719298196
6165,浪凡,35.6,22.0,710.0,37.0,38.15,35.55,37.0,-3.7837837837837798
6166,凌華,67.4,15.0,465.0,67.2,68.9,66.4,69.0,-2.3188405797101366
6168,宏齊,20.6,11.0,312.0,20.6,20.95,20.3,21.0,-1.904761904761898
6176,瑞儀,180.0,902.0,2882.0,180.0,183.5,178.5,183.5,-1.9073569482288828
6177,達麗,56.7,189.0,4611.0,58.5,59.6,56.2,59.1,-4.060913705583754
6183,關貿,72.9,3.0,44.0,72.1,73.6,72.1,74.5,-2.147651006711402
6184,大豐電,52.4,3.0,31.0,52.4,52.9,52.2,52.7,-0.5692599620493439
6189,豐藝,83.7,198.0,2152.0,83.8,85.1,82.7,84.8,-1.297169811320748
6191,精成科,60.7,304.0,1567.0,60.5,61.0,59.7,61.2,-0.8169934640522877
6192,巨路,108.0,8.0,138.0,108.0,110.0,106.5,111.0,-2.7027027027027026
6196,帆宣,136.5,27.0,441.0,136.5,139.5,135.0,139.0,-1.7985611510791366
6197,佳必琪,153.5,223.0,5924.0,153.5,161.0,153.0,152.5,0.6557377049180327
6201,亞弘電,56.0,1.0,53.0,56.0,56.2,55.9,56.0,0.0
6202,盛群,46.9,30.0,505.0,47.2,47.5,46.0,47.4,-1.0548523206751055
6205,詮欣,65.3,19.0,273.0,66.9,66.9,65.3,67.1,-2.682563338301039
6206,飛捷,85.4,34.0,844.0,83.1,87.4,82.6,81.6,4.656862745098053
6209,今國光,24.5,27.0,846.0,24.9,25.0,24.4,25.3,-3.162055335968382
6213,聯茂,71.9,781.0,14151.0,73.3,74.5,71.7,73.5,-2.176870748299312
6214,精誠,112.5,30.0,421.0,113.5,114.0,111.0,115.0,-2.1739130434782608
6215,和椿,60.6,330.0,12960.0,54.8,63.0,54.5,57.4,5.5749128919860675
6216,居易,44.45,26.0,598.0,43.4,44.7,43.3,44.1,0.7936507936507969
6224,聚鼎,55.0,14.0,424.0,51.2,55.0,51.0,51.4,7.00389105058366
6225,天瀚,-,-,4,15.9000,15.9000,15.7500,15.9500,0.0
6226,光鼎,9.66,8.0,109.0,9.74,9.79,9.51,9.85,-1.9289340101522792
6230,尼得科超眾,227.0,11.0,205.0,232.0,234.0,222.5,232.0,-2.1551724137931036
6235,華孚,68.4,68.0,1661.0,67.1,69.7,66.6,68.9,-0.7256894049346879
6239,力成,133.0,1174.0,7039.0,134.0,135.5,132.5,138.0,-3.6231884057971016
6243,迅杰,48.35,10.0,198.0,48.55,49.15,48.1,49.6,-2.5201612903225805
6257,矽格,68.7,220.0,3455.0,68.8,69.8,67.9,69.8,-1.5759312320916825
6269,台郡,80.4,332.0,3108.0,81.8,81.8,80.2,83.3,-3.481392557022799
6271,同欣電,126.0,37.0,919.0,124.5,128.5,124.0,127.0,-0.7874015748031495
6277,宏正,78.1,3.0,41.0,77.8,78.3,77.6,78.4,-0.38265306122450427
6278,台表科,111.5,377.0,1591.0,111.0,113.0,110.0,112.5,-0.8888888888888888
6281,全國電,83.8,4.0,45.0,83.2,83.8,83.0,83.2,0.7211538461538393
6282,康舒,33.75,175.0,4144.0,33.65,34.15,33.15,33.95,-0.5891016200294634
6283,淳安,25.6,8.0,151.0,26.1,26.1,25.25,26.1,-1.9157088122605364
6285,啟碁,129.0,453.0,3363.0,129.0,131.0,127.0,130.5,-1.1494252873563218
6288,聯嘉,25.2,36.0,698.0,25.15,25.5,24.75,25.55,-1.3698630136986356
6405,悅城,23.0,8.0,68.0,22.7,23.0,22.05,23.0,0.0
6409,旭隼,1745.0,11.0,130.0,1740.0,1765.0,1695.0,1795.0,-2.785515320334262
6412,群電,126.5,79.0,1273.0,127.5,131.5,125.5,126.0,0.3968253968253968
6414,樺漢,283.5,96.0,1000.0,281.5,286.0,278.5,290.0,-2.2413793103448274
6415,矽力*-KY,387.5,187.0,2321.0,386.0,395.0,378.5,401.0,-3.366583541147132
6416,瑞祺電通,111.5,32.0,540.0,109.5,112.0,109.0,115.0,-3.0434782608695654
6423,億而得-創,-,-,26,90.0000,90.0000,88.0000,91.5000,0.0
6426,統新,55.7,5.0,61.0,55.2,57.1,55.2,56.1,-0.7130124777183575
6431,光麗-KY,16.1,1.0,411.0,16.7,16.7,15.8,16.7,-3.5928143712574725
6438,迅得,108.0,20.0,394.0,108.5,110.5,107.5,110.0,-1.8181818181818181
6442,光聖,380.5,185.0,4414.0,374.0,394.5,349.5,384.0,-0.9114583333333334
6443,元晶,24.25,272.0,4633.0,24.95,24.95,24.15,25.2,-3.7698412698412667
6446,藥華藥,661.0,208.0,4672.0,665.0,684.0,659.0,670.0,-1.3432835820895521
6449,鈺邦,142.0,150.0,4491.0,130.0,149.0,130.0,135.5,4.797047970479705
6451,訊芯-KY,181.5,89.0,3450.0,181.5,190.0,179.5,185.5,-2.15633423180593
6456,GIS-KY,57.5,18.0,385.0,57.0,57.9,56.8,58.0,-0.8620689655172413
6464,台數科,79.9,5.0,20.0,79.1,79.9,79.1,80.1,-0.24968789013731416
6472,保瑞,771.0,59.0,1156.0,775.0,786.0,755.0,780.0,-1.153846153846154
6477,安集,33.4,69.0,650.0,33.8,33.95,32.95,34.1,-2.052785923753674
6491,晶碩,411.0,12.0,309.0,406.5,417.0,406.0,415.5,-1.083032490974729
6504,南六,69.1,2.0,45.0,70.1,70.5,69.1,69.4,-0.4322766570605351
6505,台塑化,62.6,511.0,3670.0,63.0,63.6,62.6,64.0,-2.187499999999998
6515,穎崴,920.0,35.0,1069.0,893.0,952.0,891.0,903.0,1.8826135105204873
6525,捷敏-KY,62.8,3.0,155.0,62.4,63.3,61.6,63.3,-0.7898894154818327
6526,達發,554.0,21.0,499.0,550.0,566.0,543.0,564.0,-1.773049645390071
6531,愛普*,289.0,108.0,3264.0,286.0,297.0,280.0,288.0,0.3472222222222222
6533,晶心科,322.0,17.0,525.0,308.5,327.0,308.5,320.5,0.46801872074883
6534,正瀚-創,-,-,34,74.6000,76.0000,74.6000,76.1000,0.0
6541,泰福-KY,49.5,2.0,110.0,49.5,49.65,48.0,49.95,-0.9009009009009066
6550,北極星藥業-KY,56.7,29.0,823.0,56.6,57.4,56.2,57.6,-1.5624999999999976
6552,易華電,42.8,10.0,125.0,41.25,42.8,41.25,42.8,0.0
6558,興能高,21.85,3.0,138.0,21.55,22.4,21.5,21.35,2.34192037470726
6573,虹揚-KY,14.35,13.0,56.0,14.1,14.5,13.85,14.3,0.3496503496503422
6579,研揚,149.5,5.0,198.0,147.5,152.0,147.5,153.0,-2.287581699346405
6581,鋼聯,103.0,2.0,60.0,105.0,105.0,102.5,106.5,-3.286384976525822
6582,申豐,58.0,8.0,172.0,58.7,59.2,57.5,59.6,-2.684563758389264
6585,鼎基,175.5,32.0,1053.0,170.0,178.5,165.0,167.0,5.089820359281437
6591,動力-KY,46.05,1.0,98.0,46.7,46.9,45.9,47.0,-2.0212765957446868
6592,和潤企業,98.0,47.0,438.0,96.1,98.7,96.1,98.2,-0.20366598778004363
6598,ABC-KY,21.45,7.0,573.0,21.9,21.9,21.0,22.0,-2.500000000000003
6605,帝寶,238.0,29.0,480.0,238.5,243.0,236.0,244.5,-2.658486707566462
6606,建德工業,25.6,16.0,125.0,24.8,25.6,24.8,25.9,-1.1583011583011473
6625,必應,75.6,11.0,193.0,77.8,77.8,74.0,77.9,-2.952503209242633
6641,基士德-KY,41.3,1.0,5.0,40.9,41.3,40.9,41.15,0.36452004860266973
6645,金萬林-創,32.0,15.0,54.0,33.0,33.0,32.0,32.65,-1.9908116385911137
6655,科定,-,-,9,134.0000,135.0000,134.0000,135.0000,0.0
6657,華安,50.0,4.0,25.0,49.85,51.5,49.5,50.3,-0.5964214711729565
6658,聯策,64.8,69.0,2248.0,60.4,68.0,60.2,62.0,4.5161290322580605
6666,羅麗芬-KY,58.2,2.0,3.0,57.9,58.2,57.9,58.2,0.0
6668,中揚光,48.55,53.0,610.0,49.0,49.25,48.0,50.2,-3.286852589641445
6669,緯穎,1905.0,128.0,2468.0,1880.0,1930.0,1810.0,1950.0,-2.307692307692308
6670,復盛應用,290.0,68.0,1013.0,281.5,290.5,281.5,286.5,1.2216404886561953
6671,三能-KY,-,-,1,43.1000,43.1000,43.1000,43.1000,0.0
6672,騰輝電子-KY,65.4,7.0,90.0,65.7,66.4,65.1,66.9,-2.242152466367713
6674,鋐寶科技,-,-,2,24.7000,24.7000,24.6000,24.7500,0.0
6689,伊雲谷,93.3,17.0,326.0,90.7,93.5,90.4,93.0,0.32258064516128726
6691,洋基工程,295.5,39.0,177.0,292.5,298.5,292.5,299.5,-1.335559265442404
6695,芯鼎,57.8,74.0,2051.0,55.9,59.4,55.9,57.7,0.17331022530328305
6698,旭暉應材,35.0,45.0,704.0,34.6,36.3,34.0,35.55,-1.5471167369901468
6706,惠特,101.0,102.0,2738.0,98.0,102.0,96.2,99.0,2.0202020202020203
6715,嘉基,157.5,5.0,363.0,158.5,164.5,157.0,158.5,-0.6309148264984227
6719,力智,214.5,56.0,1195.0,215.5,220.5,213.0,222.0,-3.3783783783783785
6742,澤米,53.2,4.0,90.0,54.0,54.4,52.4,54.4,-2.2058823529411686
6743,安普新,59.0,20.0,462.0,57.5,59.7,57.2,58.5,0.8547008547008548
6753,龍德造船,118.0,44.0,981.0,116.0,120.0,115.5,119.5,-1.2552301255230125
6754,匯僑設計,68.2,4.0,1105.0,68.2,68.2,66.7,62.0,10.000000000000005
6756,威鋒電子,150.5,3.0,153.0,150.0,155.0,149.5,156.0,-3.5256410256410255
6757,台灣虎航-創,50.7,68.0,1009.0,50.5,51.4,49.4,52.0,-2.4999999999999947
6768,志強-KY,90.5,27.0,267.0,89.5,91.5,89.1,93.6,-3.3119658119658055
6770,力積電,20.85,566.0,10409.0,20.65,21.2,20.6,21.3,-2.1126760563380245
6771,平和環保-創,67.0,2.0,23.0,65.9,67.2,65.9,67.4,-0.5934718100890292
6776,展碁國際,55.2,6.0,426.0,55.0,55.8,53.7,57.5,-3.999999999999995
6781,AES-KY,459.0,14.0,351.0,479.0,479.0,446.0,480.0,-4.375
6782,視陽,209.5,27.0,1624.0,218.0,221.5,209.0,232.0,-9.698275862068966
6789,采鈺,270.5,92.0,1372.0,265.5,278.5,265.5,278.5,-2.872531418312388
6790,永豐實,50.3,10.0,179.0,50.0,51.4,49.6,50.7,-0.7889546351084924
6792,詠業,66.0,1.0,1.0,66.0,66.0,66.0,66.1,-0.15128593040846344
6794,向榮生技-創,-,-,8,80.9000,81.8000,79.1000,80.9000,0.0
6796,晉弘,86.1,1.0,14.0,87.3,87.3,86.1,87.3,-1.3745704467353985
6799,來頡,113.5,9.0,405.0,109.0,117.5,109.0,113.0,0.4424778761061947
6805,富世達,686.0,77.0,1535.0,702.0,727.0,682.0,720.0,-4.722222222222222
6806,森崴能源,134.0,356.0,5066.0,136.0,138.5,132.5,140.0,-4.285714285714286
6807,峰源-KY,60.1,4.0,81.0,60.0,60.8,59.2,60.3,-0.3316749585406231
6830,汎銓,125.5,3.0,161.0,125.0,127.5,124.0,126.0,-0.3968253968253968
6834,天二科技,37.2,27.0,1478.0,36.8,38.0,36.35,37.4,-0.5347593582887586
6835,圓裕,44.7,7.0,216.0,44.05,45.4,43.5,44.7,0.0
6854,錼創科技-KY創,64.5,1.0,19.0,62.0,66.0,62.0,64.8,-0.4629629629629586
6861,睿生光電,65.4,2.0,40.0,63.2,65.4,63.2,65.0,0.6153846153846242
6863,永道-KY,190.0,32.0,1200.0,200.0,201.0,188.0,206.5,-7.990314769975787
6869,雲豹能源,210.0,683.0,15471.0,200.0,210.0,196.0,195.5,7.41687979539642
6873,泓德能源-創,217.0,14.0,586.0,210.0,219.5,205.0,209.0,3.827751196172249
6890,來億-KY,261.5,34.0,752.0,261.0,269.5,249.0,269.5,-2.9684601113172544
6901,鑽石投資,36.65,50.0,1436.0,36.65,37.45,36.3,36.9,-0.6775067750677507
6902,走著瞧-創,-,-,13,149.5000,156.0000,149.0000,149.0000,0.0
6906,現觀科,119.0,2.0,51.0,118.5,120.0,117.0,121.0,-1.6528925619834711
6914,阜爾運通,132.0,3.0,162.0,134.5,134.5,128.5,138.0,-4.3478260869565215
6916,華凌,23.1,1.0,11.0,23.4,23.4,23.0,23.4,-1.28205128205127
6928,攸泰科技,61.9,4.0,524.0,65.0,65.0,61.9,68.7,-9.898107714701606
6933,AMAX-KY,215.0,5.0,156.0,221.5,221.5,211.5,221.5,-2.9345372460496613
6937,天虹,220.0,38.0,591.0,224.0,226.0,216.0,227.5,-3.296703296703297
6949,沛爾生醫-創,96.1,2.0,7.0,95.3,96.1,93.5,96.4,-0.31120331950208646
6951,青新-創,50.9,1.0,27.0,50.8,51.2,50.2,50.2,1.3944223107569635
6952,大武山,51.0,6.0,43.0,52.1,52.1,50.9,52.1,-2.1113243761996188
6957,裕慶-KY,246.0,12.0,514.0,238.5,253.0,236.5,238.5,3.1446540880503147
8011,台通,25.55,119.0,2182.0,25.8,26.4,25.5,26.05,-1.9193857965451053
8016,矽創,221.5,148.0,761.0,225.0,228.0,221.5,231.0,-4.112554112554113
8021,尖點,32.0,147.0,4658.0,30.6,33.3,30.25,31.55,1.4263074484944511
8028,昇陽半導體,107.0,844.0,30867.0,106.5,110.5,105.0,106.5,0.4694835680751174
8033,雷虎,63.2,113.0,1023.0,64.0,64.4,63.0,64.5,-2.015503875968988
8039,台虹,48.6,51.0,941.0,48.9,49.45,48.45,49.95,-2.7027027027027053
8046,南電,138.5,179.0,3525.0,138.0,141.0,136.0,143.0,-3.146853146853147
8070,長華*,41.85,150.0,1302.0,42.7,42.7,41.65,42.8,-2.219626168224289
8072,陞泰,27.2,2.0,60.0,27.5,27.5,26.9,27.55,-1.2704174228675187
8081,致新,226.5,27.0,377.0,228.0,229.5,226.0,233.0,-2.7896995708154506
8101,華冠,3.08,4.0,160.0,3.08,3.08,3.04,3.08,0.0
8103,瀚荃,66.3,23.0,3228.0,59.4,66.3,59.3,60.3,9.950248756218906
8104,錸寶,34.25,43.0,1234.0,34.85,35.2,33.3,34.9,-1.8624641833810847
8105,凌巨,16.3,288.0,6679.0,17.0,17.0,16.25,17.4,-6.321839080459759
8110,華東,16.55,53.0,1389.0,16.45,16.85,16.35,16.9,-2.071005917159751
8112,至上,73.1,501.0,3192.0,73.5,74.3,72.6,75.0,-2.5333333333333408
8114,振樺電,182.0,19.0,514.0,171.5,184.0,171.0,175.0,4.0
8131,福懋科,35.75,16.0,253.0,35.6,36.1,35.45,36.4,-1.7857142857142818
8150,南茂,37.15,218.0,1243.0,37.1,37.5,36.75,37.85,-1.849405548216652
8162,微矽電子-創,-,-,5,35.0500,35.0500,34.7500,35.5000,0.0
8163,達方,50.6,64.0,1050.0,51.9,52.1,50.6,52.9,-4.347826086956517
8201,無敵,16.4,3.0,156.0,16.55,16.55,16.05,16.65,-1.5015015015015016
8210,勤誠,287.0,224.0,4382.0,273.0,287.0,265.5,279.0,2.867383512544803
8213,志超,34.9,13.0,261.0,34.75,35.2,34.7,35.2,-0.8522727272727394
8215,明基材,28.15,19.0,382.0,28.2,28.65,28.0,28.7,-1.9163763066202117
8222,寶一,33.7,17.0,319.0,34.6,34.9,33.2,34.55,-2.460202604920389
8249,菱光,28.5,57.0,1541.0,29.2,29.5,28.2,27.15,4.97237569060774
8261,富鼎,71.6,32.0,278.0,70.7,72.8,70.7,72.4,-1.1049723756906233
8271,宇瞻,50.3,10.0,313.0,50.5,51.1,49.75,51.2,-1.757812500000011
8341,日友,91.9,14.0,221.0,92.8,92.8,90.7,93.7,-1.9210245464247568
8367,建新國際,48.4,1.0,41.0,48.55,48.55,47.5,48.6,-0.4115226337448618
8374,羅昇,121.0,17.0,29021.0,113.0,121.0,109.0,110.0,10.0
8404,百和興業-KY,17.1,31.0,292.0,17.2,17.4,17.05,17.65,-3.116147308781854
8411,福貞-KY,14.0,12.0,105.0,13.85,14.1,13.85,14.15,-1.0600706713780943
8422,可寧衛,180.0,14.0,171.0,178.5,180.0,178.5,179.5,0.2785515320334262
8429,金麗-KY,9.54,3.0,81.0,9.44,9.57,9.43,9.58,-0.41753653444677374
8438,昶昕,37.4,13.0,180.0,37.9,37.9,36.9,38.05,-1.7082785808147138
8442,威宏-KY,116.0,6.0,222.0,110.5,116.5,110.0,110.0,5.454545454545454
8443,阿瘦,11.45,2.0,101.0,11.45,11.5,11.35,11.55,-0.8658008658008781
8454,富邦媒,390.0,61.0,1245.0,384.5,393.5,381.5,399.5,-2.3779724655819776
8462,柏文,109.0,2.0,39.0,110.0,110.0,108.5,110.5,-1.3574660633484164
8463,潤泰材,28.8,12.0,596.0,29.55,29.55,28.15,29.6,-2.702702702702705
8464,億豐,385.0,59.0,868.0,389.0,390.5,383.0,399.0,-3.508771929824561
8466,美吉吉-KY,56.6,5.0,66.0,57.7,58.0,56.6,57.7,-1.9064124783362242
8467,波力-KY,204.5,17.0,349.0,211.0,215.5,204.0,213.0,-3.9906103286384975
8473,山林水,41.45,47.0,963.0,42.15,42.25,41.1,42.8,-3.1542056074766225
8476,台境,60.0,4.0,98.0,60.0,60.0,59.7,60.0,0.0
8478,東哥遊艇,296.5,16.0,379.0,300.0,302.0,293.0,302.0,-1.8211920529801324
8481,政伸,49.45,2.0,8.0,49.45,49.45,49.0,49.45,0.0
8482,商億-KY,-,-,0,-,-,-,62.7000,0.0
8487,愛爾達-創,-,-,38,74.3000,74.9000,73.3000,71.7000,0.0
8488,吉源-KY,-,-,26,16.8500,16.8500,15.8000,16.6000,0.0
8499,鼎炫-KY,115.5,3.0,18.0,114.0,115.5,114.0,116.0,-0.43103448275862066
8926,台汽電,43.15,40.0,1072.0,43.05,43.4,42.9,43.8,-1.4840182648401794
8940,新天地,22.15,5.0,176.0,22.2,22.2,21.8,22.2,-0.22522522522522842
8996,高力,297.0,198.0,5500.0,303.5,320.0,293.0,310.0,-4.193548387096775
9802,鈺齊-KY,113.0,27.0,616.0,114.5,115.0,112.0,114.5,-1.3100436681222707
9902,台火,20.1,141.0,2958.0,20.85,21.55,20.0,20.9,-3.8277511961722355
9904,寶成,33.65,634.0,5388.0,33.95,34.1,33.1,34.4,-2.1802325581395348
9905,大華,23.0,4.0,110.0,22.8,23.0,22.8,23.0,0.0
9906,欣巴巴,207.5,210.0,8305.0,199.5,213.5,192.0,195.0,6.41025641025641
9907,統一實,14.95,71.0,1163.0,14.9,15.15,14.9,15.05,-0.6644518272425343
9908,大台北,31.25,5.0,121.0,31.0,31.25,31.0,31.15,0.32102728731942676
9910,豐泰,132.5,98.0,601.0,130.5,135.0,130.0,133.0,-0.37593984962406013
9911,櫻花,91.4,21.0,751.0,90.6,92.2,89.3,89.4,2.2371364653243844
9912,偉聯,11.7,1.0,49.0,11.55,11.9,11.5,11.7,0.0
9914,美利達,246.5,54.0,3571.0,235.0,252.5,232.5,238.0,3.571428571428571
9917,中保科,131.5,46.0,300.0,130.5,133.0,130.5,133.5,-1.4981273408239701
9918,欣天然,41.05,1.0,11.0,39.45,41.05,39.45,40.4,1.6089108910891055
9919,康那香,19.25,49.0,476.0,19.2,19.3,18.8,19.3,-0.259067357512957
9921,巨大,224.0,135.0,1891.0,215.5,227.0,215.5,221.0,1.3574660633484164
9924,福興,52.5,2.0,122.0,52.1,52.5,51.8,52.6,-0.19011406844106732
9925,新保,40.4,9.0,196.0,40.2,40.5,40.2,40.2,0.49751243781093457
9926,新海,53.2,2.0,15.0,53.0,53.7,53.0,53.8,-1.115241635687722
9927,泰銘,72.7,18.0,261.0,72.2,73.4,72.2,73.5,-1.088435374149656
9928,中視,19.9,1.0,45.0,20.1,20.1,19.45,20.1,-0.9950248756219046
9929,秋雨,-,-,4,16.2500,16.2500,16.2500,16.8500,0.0
9930,中聯資源,65.0,6.0,515.0,64.5,66.0,63.9,64.7,0.4636785162287436
9931,欣高,-,-,26,34.3500,34.4000,34.3000,34.7000,0.0
9933,中鼎,47.15,211.0,2692.0,47.15,47.8,46.6,48.05,-1.8730489073881345
9934,成霖,17.6,52.0,5195.0,17.8,18.1,17.3,17.2,2.32558139534885
9935,慶豐富,27.2,9.0,703.0,27.4,28.05,26.95,27.5,-1.0909090909090935
9937,全國,63.1,3.0,20.0,62.9,63.7,62.9,64.2,-1.7133956386292857
9938,百和,58.5,72.0,1758.0,59.8,60.4,58.0,60.5,-3.3057851239669422
9939,宏全,154.5,70.0,1484.0,159.0,159.5,153.0,162.0,-4.62962962962963
9940,信義,32.3,19.0,438.0,32.1,32.75,32.0,32.8,-1.5243902439024393
9941,裕融,146.0,85.0,605.0,146.5,147.5,145.0,149.0,-2.013422818791946
9942,茂順,116.0,17.0,306.0,120.0,120.5,116.0,119.0,-2.5210084033613445
9943,好樂迪,81.6,2.0,92.0,82.0,82.2,81.2,82.0,-0.4878048780487874
9944,新麗,20.9,48.0,1826.0,21.1,21.15,20.4,22.55,-7.3170731707317165
9945,潤泰新,46.6,823.0,13708.0,45.6,47.3,45.1,46.1,1.0845986984815619
9946,三發地產,36.3,24.0,828.0,36.95,37.1,35.7,37.5,-3.2000000000000077
9955,佳龍,36.3,167.0,2333.0,36.7,36.8,35.45,36.7,-1.0899182561308056
9958,世紀鋼,188.0,363.0,8070.0,189.0,198.0,185.0,194.5,-3.3419023136246784
