股票代碼,日期,成交股數,成交金額,開盤價,最高價,最低價,收盤價,漲跌價差,成交筆數
2301,2024-09-02,"3,526,346","376,645,003",107.50,108.00,106.00,107.00, 0.00,"2,513"
2301,2024-09-03,"7,537,431","794,219,390",106.50,107.00,104.50,105.00,-2.00,"4,720"
2301,2024-09-04,"11,546,853","1,170,235,828",100.50,103.50,99.20,100.50,-4.50,"7,236"
2301,2024-09-05,"7,407,463","754,389,506",102.50,103.00,101.00,101.50,+1.00,"3,970"
2301,2024-09-06,"5,279,577","538,093,363",101.50,103.00,100.50,102.00,+0.50,"3,934"
2301,2024-09-09,"6,687,368","675,693,271",100.00,102.50,100.00,101.50,-0.50,"4,218"
2301,2024-09-10,"12,990,486","1,287,698,196",101.50,102.50,96.70,96.70,-4.80,"9,707"
2301,2024-09-11,"7,985,747","784,830,021",95.50,99.60,95.50,99.60,+2.90,"4,656"
2301,2024-09-12,"7,165,190","725,775,535",101.00,102.00,100.50,101.50,+1.90,"4,449"
2301,2024-09-13,"7,052,332","710,695,163",102.00,102.00,100.00,101.50, 0.00,"4,834"
2301,2024-09-16,"2,479,553","250,851,326",101.50,101.50,100.50,101.50, 0.00,"2,068"
2301,2024-09-18,"8,138,094","821,935,944",101.50,102.50,99.80,100.50,-1.00,"4,445"
2301,2024-09-19,"10,639,532","1,071,572,805",100.50,102.00,99.50,100.50, 0.00,"4,369"
2301,2024-09-20,"20,940,396","2,081,970,877",100.50,102.00,98.70,98.70,-1.80,"5,005"
2301,2024-09-23,"8,177,878","808,872,663",100.00,100.00,98.00,98.60,-0.10,"6,625"
2301,2024-09-24,"8,918,302","887,219,778",98.70,100.50,98.70,99.60,+1.00,"4,607"
2301,2024-09-25,"10,471,013","1,056,067,612",100.50,102.00,100.00,100.50,+0.90,"4,681"
2301,2024-09-26,"7,733,610","776,723,975",101.50,102.00,99.50,100.00,-0.50,"3,655"
2301,2024-09-27,"7,827,698","786,853,298",101.00,101.50,100.00,100.00, 0.00,"3,320"
2301,2024-09-30,"5,663,492","567,435,430",100.50,101.00,99.50,99.50,-0.50,"3,706"
2303,2024-09-02,"35,096,170","1,936,319,833",55.60,55.60,54.80,55.40,-0.10,"10,816"
2303,2024-09-03,"27,896,571","1,542,192,127",55.20,55.60,55.00,55.10,-0.30,"7,645"
2303,2024-09-04,"85,748,502","4,574,666,003",53.00,54.10,52.30,53.30,-1.80,"31,144"
2303,2024-09-05,"37,783,857","2,041,606,336",53.90,54.60,53.60,53.90,+0.60,"10,951"
2303,2024-09-06,"24,617,263","1,337,850,400",54.30,54.50,53.60,54.50,+0.60,"8,368"
2303,2024-09-09,"46,437,090","2,480,087,923",52.90,53.80,52.60,53.80,-0.70,"12,827"
2303,2024-09-10,"34,262,285","1,824,628,704",53.80,53.80,52.90,53.30,-0.50,"13,169"
2303,2024-09-11,"24,122,229","1,298,680,795",53.30,54.00,53.20,54.00,+0.70,"7,614"
2303,2024-09-12,"35,327,391","1,946,021,545",55.10,55.40,54.90,55.20,+1.20,"16,058"
2303,2024-09-13,"30,635,902","1,672,171,622",55.20,55.30,54.30,54.60,-0.60,"13,103"
2303,2024-09-16,"24,475,651","1,334,080,574",54.60,54.80,54.30,54.50,-0.10,"8,209"
2303,2024-09-18,"57,765,815","3,099,924,581",54.10,54.20,53.30,53.80,-0.70,"21,750"
2303,2024-09-19,"44,964,271","2,415,397,778",53.70,54.20,53.50,53.70,-0.10,"12,279"
2303,2024-09-20,"71,866,316","3,856,598,605",54.10,54.40,53.10,53.80,+0.10,"16,026"
2303,2024-09-23,"30,909,169","1,666,640,071",53.80,54.00,53.40,54.00,+0.20,"6,404"
2303,2024-09-24,"43,459,670","2,340,211,816",54.00,54.10,53.60,53.90,-0.10,"9,007"
2303,2024-09-25,"52,411,766","2,854,245,872",54.30,54.80,54.10,54.50,+0.60,"14,003"
2303,2024-09-26,"47,535,593","2,609,714,296",54.90,55.10,54.70,54.90,+0.40,"11,632"
2303,2024-09-27,"40,025,086","2,206,836,431",55.40,55.40,55.00,55.00,+0.10,"12,339"
2303,2024-09-30,"42,157,880","2,284,601,698",54.80,55.20,53.80,53.80,-1.20,"16,556"
2323,2024-09-02,"11,107,209","147,170,717",13.35,13.40,13.15,13.20,-0.05,"2,813"
2323,2024-09-03,"27,268,189","355,760,272",13.25,13.30,12.90,12.90,-0.30,"5,959"
2323,2024-09-04,"18,578,224","220,619,179",11.85,12.15,11.45,11.80,X0.00,"4,680"
2323,2024-09-05,"9,827,161","118,790,348",12.00,12.30,11.85,11.90,+0.10,"3,033"
2323,2024-09-06,"6,160,979","73,573,415",12.00,12.05,11.75,11.95,+0.05,"1,777"
2323,2024-09-09,"6,197,394","72,580,677",11.70,11.85,11.60,11.85,-0.10,"1,797"
2323,2024-09-10,"7,999,035","93,010,089",11.85,11.95,11.45,11.45,-0.40,"2,589"
2323,2024-09-11,"5,812,277","66,912,791",11.55,11.65,11.40,11.40,-0.05,"1,498"
2323,2024-09-12,"7,072,121","81,507,440",11.65,11.70,11.40,11.50,+0.10,"1,810"
2323,2024-09-13,"10,989,443","129,534,302",11.60,11.90,11.55,11.85,+0.35,"2,717"
2323,2024-09-16,"8,195,322","99,029,877",11.95,12.20,11.85,12.15,+0.30,"2,052"
2323,2024-09-18,"5,194,654","62,736,256",12.20,12.20,12.00,12.00,-0.15,"1,787"
2323,2024-09-19,"4,280,784","51,501,182",12.10,12.10,11.90,12.05,+0.05,"1,262"
2323,2024-09-20,"5,166,211","62,069,765",12.10,12.20,11.90,12.00,-0.05,"1,472"
2323,2024-09-23,"3,034,942","36,488,130",12.05,12.15,11.95,12.00, 0.00,835
2323,2024-09-24,"3,219,164","38,696,694",12.05,12.15,11.95,12.00, 0.00,"1,090"
2323,2024-09-25,"4,896,429","59,223,992",12.10,12.20,12.05,12.10,+0.10,"1,432"
2323,2024-09-26,"9,165,801","112,223,524",12.15,12.40,12.15,12.25,+0.15,"2,582"
2323,2024-09-27,"15,956,085","198,459,058",12.35,12.65,12.25,12.55,+0.30,"4,052"
2323,2024-09-30,"7,571,431","93,018,880",12.45,12.45,12.20,12.20,-0.35,"2,105"
2324,2024-09-02,"4,413,542","146,709,455",33.45,33.45,33.10,33.25,+0.05,"2,098"
2324,2024-09-03,"6,231,118","205,923,685",33.15,33.30,32.90,32.90,-0.35,"2,751"
2324,2024-09-04,"21,735,254","693,655,849",31.60,32.35,31.00,31.95,-0.95,"8,820"
2324,2024-09-05,"9,298,007","299,842,638",32.30,32.70,32.00,32.00,+0.05,"4,400"
2324,2024-09-06,"10,373,900","337,186,353",32.05,32.75,31.75,32.75,+0.75,"4,084"
2324,2024-09-09,"16,422,081","537,557,410",31.95,33.40,31.90,33.10,+0.35,"6,042"
2324,2024-09-10,"8,894,251","293,171,777",33.40,33.40,32.65,32.65,-0.45,"5,473"
2324,2024-09-11,"8,481,592","278,206,766",32.60,33.10,32.60,32.60,-0.05,"3,908"
2324,2024-09-12,"11,701,689","391,616,989",33.30,33.65,33.00,33.60,+1.00,"5,464"
2324,2024-09-13,"8,986,493","302,657,159",33.80,33.85,33.35,33.85,+0.25,"4,662"
2324,2024-09-16,"10,565,889","359,522,571",33.90,34.20,33.70,34.15,+0.30,"4,778"
2324,2024-09-18,"14,739,229","483,168,083",34.20,34.20,33.05,33.30,-0.85,"8,345"
2324,2024-09-19,"13,124,059","442,362,764",33.45,34.10,33.00,33.75,+0.45,"5,549"
2324,2024-09-20,"26,132,018","878,355,268",33.90,34.10,33.50,33.50,-0.25,"4,530"
2324,2024-09-23,"7,350,976","246,162,724",33.85,33.85,33.40,33.40,-0.10,"3,016"
2324,2024-09-24,"10,010,609","338,376,548",33.35,33.95,33.35,33.85,+0.45,"3,557"
2324,2024-09-25,"14,614,953","495,539,191",34.15,34.15,33.60,33.90,+0.05,"6,004"
2324,2024-09-26,"12,897,925","432,201,903",34.00,34.10,33.30,33.30,-0.60,"4,662"
2324,2024-09-27,"5,747,135","193,240,278",33.40,33.80,33.40,33.50,+0.20,"2,783"
2324,2024-09-30,"13,409,668","448,520,617",33.60,33.75,33.30,33.30,-0.20,"4,307"
2330,2024-09-02,"19,272,593","18,270,058,260",950.00,955.00,943.00,948.00,+4.00,"31,642"
2330,2024-09-03,"23,205,623","21,908,471,541",948.00,952.00,939.00,940.00,-8.00,"47,139"
2330,2024-09-04,"93,169,835","83,424,133,824",894.00,905.00,888.00,889.00,-51.00,"393,210"
2330,2024-09-05,"34,147,890","30,998,595,394",907.00,915.00,900.00,902.00,+13.00,"63,902"
2330,2024-09-06,"28,248,063","25,786,016,936",909.00,918.00,903.00,918.00,+16.00,"38,415"
2330,2024-09-09,"38,448,946","34,456,838,126",892.00,900.00,891.00,899.00,-19.00,"102,365"
2330,2024-09-10,"34,312,646","31,067,424,234",907.00,911.00,901.00,904.00,+5.00,"45,141"
2330,2024-09-11,"19,513,256","17,621,000,956",906.00,906.00,900.00,901.00,-3.00,"30,789"
2330,2024-09-12,"43,749,260","40,999,951,508",936.00,944.00,928.00,940.00,X0.00,"80,643"
2330,2024-09-13,"28,307,441","26,795,862,243",955.00,955.00,939.00,947.00,+7.00,"39,071"
2330,2024-09-16,"14,456,888","13,692,259,575",952.00,952.00,943.00,947.00, 0.00,"26,421"
2330,2024-09-18,"30,094,662","28,303,054,525",945.00,948.00,933.00,941.00,-6.00,"46,622"
2330,2024-09-19,"35,254,383","33,482,773,635",940.00,960.00,936.00,960.00,+19.00,"53,494"
2330,2024-09-20,"66,762,167","65,105,344,444",981.00,982.00,971.00,973.00,+13.00,"67,911"
2330,2024-09-23,"15,399,658","15,013,916,758",971.00,977.00,971.00,977.00,+4.00,"26,106"
2330,2024-09-24,"29,324,170","28,726,805,585",976.00,987.00,971.00,987.00,+10.00,"63,433"
2330,2024-09-25,"43,039,991","43,053,012,337","1,000.00","1,005.00",998.00,"1,005.00",+18.00,"82,005"
2330,2024-09-26,"43,341,810","43,835,515,361","1,010.00","1,015.00","1,005.00","1,015.00",+10.00,"78,670"
2330,2024-09-27,"37,665,070","38,074,974,690","1,020.00","1,025.00","1,000.00","1,000.00",-15.00,"52,093"
2330,2024-09-30,"66,874,949","65,017,701,862",978.00,990.00,957.00,957.00,-43.00,"166,934"
2344,2024-09-02,"15,471,358","369,872,003",24.15,24.20,23.55,23.70,-0.35,"6,616"
2344,2024-09-03,"13,601,074","317,685,425",23.70,23.75,23.20,23.20,-0.50,"5,805"
2344,2024-09-04,"39,559,631","872,326,167",22.05,22.25,21.60,22.10,-1.10,"13,892"
2344,2024-09-05,"34,563,421","752,085,551",22.20,22.35,21.40,21.40,-0.70,"14,843"
2344,2024-09-06,"20,427,442","437,018,704",21.50,21.65,21.25,21.40, 0.00,"6,380"
2344,2024-09-09,"17,149,726","361,348,900",20.90,21.30,20.80,21.20,-0.20,"6,287"
2344,2024-09-10,"23,832,601","494,981,508",21.30,21.35,20.45,20.45,-0.75,"10,303"
2344,2024-09-11,"11,163,834","232,286,967",20.50,21.00,20.50,20.80,+0.35,"4,105"
2344,2024-09-12,"8,974,299","189,556,318",21.25,21.30,20.95,21.05,+0.25,"4,007"
2344,2024-09-13,"7,046,078","148,264,229",21.05,21.15,20.95,21.05, 0.00,"3,328"
2344,2024-09-16,"17,856,921","371,422,574",20.65,21.05,20.55,21.05, 0.00,"6,430"
2344,2024-09-18,"22,833,233","472,425,050",21.05,21.10,20.40,20.40,-0.65,"10,207"
2344,2024-09-19,"26,813,220","544,170,589",20.40,20.70,20.10,20.40, 0.00,"10,186"
2344,2024-09-20,"42,691,297","879,221,452",20.60,20.95,20.45,20.45,+0.05,"9,511"
2344,2024-09-23,"15,277,143","316,425,947",20.75,20.95,20.55,20.65,+0.20,"6,005"
2344,2024-09-24,"28,032,310","568,695,702",20.60,20.60,20.10,20.40,-0.25,"10,358"
2344,2024-09-25,"29,449,596","610,769,454",20.50,20.85,20.50,20.75,+0.35,"8,201"
2344,2024-09-26,"48,246,898","1,028,130,007",21.50,21.75,20.90,20.90,+0.15,"16,479"
2344,2024-09-27,"36,237,098","776,436,932",21.30,21.55,21.25,21.45,+0.55,"9,810"
2344,2024-09-30,"31,467,127","675,846,173",21.20,21.75,21.15,21.35,-0.10,"12,044"
2349,2024-09-02,"40,594,808","690,021,821",16.55,17.55,16.25,16.65,-0.05,"13,787"
2349,2024-09-03,"17,318,413","288,936,232",16.70,17.05,16.45,16.45,-0.20,"6,070"
2349,2024-09-04,"18,947,602","298,717,873",15.40,16.15,15.20,15.80,-0.65,"7,258"
2349,2024-09-05,"16,122,987","257,894,421",16.10,16.40,15.60,15.60,-0.20,"5,683"
2349,2024-09-06,"10,297,373","160,545,257",15.70,15.90,15.45,15.45,-0.15,"3,866"
2349,2024-09-09,"10,712,225","162,048,364",15.20,15.40,14.90,15.30,-0.15,"3,989"
2349,2024-09-10,"18,112,976","272,818,871",15.60,15.65,14.65,14.85,-0.45,"6,398"
2349,2024-09-11,"13,467,646","198,441,032",14.95,15.00,14.55,14.55,-0.30,"4,005"
2349,2024-09-12,"11,881,917","174,013,351",14.80,14.90,14.50,14.55, 0.00,"3,666"
2349,2024-09-13,"15,863,452","248,536,124",14.70,16.00,14.65,16.00,+1.45,"4,843"
2349,2024-09-16,"77,586,626","1,287,888,009",16.75,17.35,16.20,16.20,+0.20,"22,747"
2349,2024-09-18,"45,428,484","760,789,553",16.35,17.35,16.30,16.45,+0.25,"15,170"
2349,2024-09-19,"26,760,097","446,788,422",16.80,17.10,16.40,16.50,+0.05,"9,400"
2349,2024-09-20,"22,044,795","359,200,799",16.65,16.90,16.00,16.10,-0.40,"7,834"
2349,2024-09-23,"34,957,634","579,942,078",16.15,17.05,16.15,17.00,+0.90,"10,875"
2349,2024-09-24,"30,386,279","504,898,544",16.95,17.05,16.25,16.65,-0.35,"10,342"
2349,2024-09-25,"11,691,910","192,925,963",16.65,16.85,16.35,16.40,-0.25,"4,909"
2349,2024-09-26,"15,456,237","254,948,987",16.50,16.95,16.25,16.30,-0.10,"5,709"
2349,2024-09-27,"9,994,235","162,843,959",16.40,16.55,16.15,16.15,-0.15,"3,704"
2349,2024-09-30,"13,231,824","213,275,451",16.05,16.45,15.90,16.05,-0.10,"4,517"
2353,2024-09-02,"4,275,518","186,531,373",44.00,44.05,43.45,43.50,-0.25,"2,759"
2353,2024-09-03,"5,813,148","253,563,080",43.50,43.80,43.40,43.55,+0.05,"2,927"
2353,2024-09-04,"22,483,604","929,318,734",41.50,42.10,40.00,41.50,-2.05,"11,474"
2353,2024-09-05,"18,169,899","751,702,561",42.10,42.20,40.80,40.80,-0.70,"8,195"
2353,2024-09-06,"18,358,348","767,507,526",41.00,42.50,40.80,42.10,+1.30,"7,853"
2353,2024-09-09,"13,096,257","539,855,253",41.00,41.75,40.80,41.75,-0.35,"7,546"
2353,2024-09-10,"14,471,147","600,689,285",41.65,42.15,40.95,41.00,-0.75,"6,133"
2353,2024-09-11,"11,981,595","487,523,927",41.05,41.25,40.50,40.50,-0.50,"6,835"
2353,2024-09-12,"20,390,754","847,785,796",41.25,41.90,41.25,41.55,+1.05,"8,399"
2353,2024-09-13,"8,650,849","362,121,444",41.75,42.15,41.55,41.85,+0.30,"4,107"
2353,2024-09-16,"4,332,763","180,911,660",41.85,41.95,41.65,41.70,-0.15,"3,355"
2353,2024-09-18,"10,486,619","429,241,083",41.90,41.95,41.30,41.30,-0.40,"4,619"
2353,2024-09-19,"15,406,316","648,876,062",41.55,42.50,41.55,42.15,+0.85,"6,199"
2353,2024-09-20,"19,815,325","838,113,488",42.30,42.80,42.10,42.10,-0.05,"7,482"
2353,2024-09-23,"10,568,002","443,500,427",42.45,42.50,41.80,41.80,-0.30,"4,834"
2353,2024-09-24,"11,910,865","498,995,094",41.65,42.00,41.65,42.00,+0.20,"5,045"
2353,2024-09-25,"17,324,607","730,563,832",42.20,42.60,42.00,42.00, 0.00,"6,513"
2353,2024-09-26,"13,262,785","558,887,272",42.45,42.80,41.80,41.85,-0.15,"5,016"
2353,2024-09-27,"17,225,408","721,590,824",42.20,42.30,41.65,41.65,-0.20,"6,794"
2353,2024-09-30,"15,931,372","657,405,858",41.65,41.95,40.80,40.80,-0.85,"8,724"
2356,2024-09-02,"9,557,958","436,186,023",45.90,45.95,45.45,45.45,-0.15,"4,908"
2356,2024-09-03,"16,107,503","723,673,275",45.35,45.40,44.60,44.60,-0.85,"10,442"
2356,2024-09-04,"28,457,809","1,205,251,613",42.60,42.90,41.25,42.25,-2.35,"16,533"
2356,2024-09-05,"15,384,884","652,107,429",42.75,43.20,41.80,41.80,-0.45,"8,444"
2356,2024-09-06,"17,856,382","766,075,028",42.35,43.35,41.80,43.30,+1.50,"9,079"
2356,2024-09-09,"21,578,598","909,964,587",41.65,42.60,41.65,42.25,-1.05,"11,015"
2356,2024-09-10,"18,435,617","771,631,467",42.80,42.80,41.25,41.45,-0.80,"9,755"
2356,2024-09-11,"9,226,188","383,758,104",41.65,41.90,41.35,41.35,-0.10,"5,763"
2356,2024-09-12,"16,865,456","722,492,760",42.80,43.25,42.55,42.85,+1.50,"8,510"
2356,2024-09-13,"8,357,247","358,606,452",42.85,43.15,42.60,43.05,+0.20,"5,493"
2356,2024-09-16,"7,331,164","318,347,907",43.35,43.60,43.10,43.55,+0.50,"4,329"
2356,2024-09-18,"12,927,030","555,088,706",43.60,43.70,42.50,42.50,-1.05,"8,345"
2356,2024-09-19,"12,983,173","562,107,590",42.80,43.85,42.50,43.85,+1.35,"6,878"
2356,2024-09-20,"19,316,136","841,189,844",44.10,44.25,43.20,43.20,-0.65,"8,268"
2356,2024-09-23,"9,313,654","406,599,576",43.70,43.85,43.40,43.70,+0.50,"4,289"
2356,2024-09-24,"15,606,613","673,056,400",43.65,43.65,42.80,43.30,-0.40,"7,711"
2356,2024-09-25,"20,243,730","891,774,585",43.95,44.35,43.80,43.85,+0.55,"9,630"
2356,2024-09-26,"17,773,069","779,836,831",44.30,44.50,43.40,43.65,-0.20,"9,230"
2356,2024-09-27,"16,362,576","726,339,228",44.10,44.80,44.05,44.35,+0.70,"8,960"
2356,2024-09-30,"20,953,594","920,061,855",44.00,44.65,43.10,43.10,-1.25,"9,398"
2363,2024-09-02,"5,671,183","392,634,601",69.40,70.60,68.20,68.20,-0.90,"4,975"
2363,2024-09-03,"6,366,954","430,317,006",68.50,68.80,66.90,66.90,-1.30,"5,530"
2363,2024-09-04,"9,870,521","622,683,127",63.10,64.50,61.50,62.40,-4.50,"6,972"
2363,2024-09-05,"5,870,257","365,479,012",63.10,63.80,61.20,61.20,-1.20,"4,829"
2363,2024-09-06,"6,391,978","397,171,573",61.60,62.70,61.20,62.50,+1.30,"4,064"
2363,2024-09-09,"4,082,550","251,312,855",60.90,62.30,60.90,62.10,-0.40,"4,044"
2363,2024-09-10,"8,544,248","518,422,773",62.70,63.00,59.30,60.00,-2.10,"10,330"
2363,2024-09-11,"3,136,219","190,108,325",60.90,61.40,60.00,60.40,+0.40,"2,566"
2363,2024-09-12,"7,937,258","495,921,436",61.60,63.40,61.30,62.60,+2.20,"5,217"
2363,2024-09-13,"4,696,210","293,530,754",63.00,63.10,61.50,63.00,+0.40,"4,515"
2363,2024-09-16,"2,703,161","169,694,621",63.20,63.20,62.40,62.90,-0.10,"3,494"
2363,2024-09-18,"2,595,056","161,710,665",62.90,63.10,61.80,61.80,-1.10,"4,504"
2363,2024-09-19,"4,306,350","270,254,660",62.40,63.40,61.50,63.00,+1.20,"3,000"
2363,2024-09-20,"4,815,837","305,557,413",64.10,64.10,62.70,63.30,+0.30,"5,311"
2363,2024-09-23,"2,409,331","152,994,295",63.50,63.90,63.20,63.60,+0.30,"2,127"
2363,2024-09-24,"3,176,128","199,835,083",64.00,64.10,62.50,62.70,-0.90,"4,409"
2363,2024-09-25,"7,357,930","474,141,449",63.10,65.20,63.10,64.20,+1.50,"5,984"
2363,2024-09-26,"26,597,097","1,828,815,842",64.80,70.60,64.60,70.60,+6.40,"17,322"
2363,2024-09-27,"70,312,946","5,055,545,256",71.10,74.50,69.00,71.00,+0.40,"69,041"
2363,2024-09-30,"41,510,673","3,004,285,280",70.00,74.60,69.60,71.00, 0.00,"32,316"
2365,2024-09-02,"7,876,059","464,011,148",59.30,59.80,58.30,58.40,-0.70,"7,454"
2365,2024-09-03,"44,523,582","2,698,311,927",58.30,62.50,57.50,59.40,+1.00,"27,469"
2365,2024-09-04,"23,582,871","1,348,242,034",56.40,58.60,54.60,58.20,-1.20,"13,643"
2365,2024-09-05,"30,453,658","1,807,433,693",59.60,60.90,58.10,59.60,+1.40,"17,534"
2365,2024-09-06,"14,670,640","867,006,003",59.90,60.20,58.20,58.20,-1.40,"8,905"
2365,2024-09-09,"11,106,458","645,549,790",56.70,59.20,56.70,59.00,+0.80,"7,746"
2365,2024-09-10,"15,867,042","917,030,926",60.00,60.10,55.40,56.90,-2.10,"9,715"
2365,2024-09-11,"7,057,220","398,548,538",57.10,57.40,55.90,55.90,-1.00,"6,002"
2365,2024-09-12,"13,650,306","782,814,866",57.30,58.50,56.60,56.60,+0.70,"9,001"
2365,2024-09-13,"10,084,288","561,648,537",56.90,57.00,55.00,55.30,-1.30,"6,756"
2365,2024-09-16,"10,760,425","593,665,285",55.30,56.00,54.30,56.00,+0.70,"6,523"
2365,2024-09-18,"7,509,220","414,164,965",55.40,56.40,54.20,54.20,-1.80,"4,975"
2365,2024-09-19,"7,617,231","417,272,779",54.50,55.50,54.00,54.70,+0.50,"5,590"
2365,2024-09-20,"9,179,592","498,610,273",55.70,55.90,53.30,53.50,-1.20,"6,231"
2365,2024-09-23,"11,283,203","588,632,261",53.50,54.30,51.00,51.30,-2.20,"8,304"
2365,2024-09-24,"10,726,907","557,982,602",51.30,52.90,51.20,52.20,+0.90,"6,741"
2365,2024-09-25,"25,002,404","1,373,642,830",53.00,56.00,52.70,55.10,+2.90,"15,704"
2365,2024-09-26,"16,558,352","910,506,508",56.00,56.30,54.20,54.70,-0.40,"9,994"
2365,2024-09-27,"10,875,257","595,533,910",54.80,56.10,53.80,53.80,-0.90,"7,306"
2365,2024-09-30,"5,173,936","276,897,890",53.30,54.30,52.60,54.00,+0.20,"3,474"
2374,2024-09-02,"3,308,366","163,830,015",50.00,50.20,49.00,49.00,-0.70,"2,301"
2374,2024-09-03,"4,520,530","223,781,894",49.00,50.50,48.70,48.90,-0.10,"3,305"
2374,2024-09-04,"5,122,151","237,762,863",47.00,47.10,44.55,46.15,-2.75,"4,193"
2374,2024-09-05,"3,743,856","174,640,269",46.50,47.80,45.75,45.80,-0.35,"2,650"
2374,2024-09-06,"2,719,500","124,267,766",46.20,46.40,45.35,45.65,-0.15,"2,027"
2374,2024-09-09,"2,301,665","103,162,449",44.20,45.55,44.20,45.55,-0.10,"1,777"
2374,2024-09-10,"4,345,312","193,391,867",46.05,46.05,43.50,43.95,-1.60,"3,302"
2374,2024-09-11,"1,479,539","65,448,927",44.20,44.80,43.95,44.25,+0.30,"1,181"
2374,2024-09-12,"2,098,665","94,635,568",45.15,45.35,44.65,45.20,+0.95,"1,646"
2374,2024-09-13,"1,504,137","67,945,014",45.30,45.50,44.85,45.40,+0.20,"1,498"
2374,2024-09-16,"18,265,187","895,204,917",46.60,49.90,46.25,48.70,+3.30,"9,343"
2374,2024-09-18,"11,812,852","571,076,185",48.50,49.35,46.90,47.40,-1.30,"7,533"
2374,2024-09-19,"10,177,997","494,950,826",48.00,49.50,47.60,48.60,+1.20,"6,274"
2374,2024-09-20,"3,798,846","182,560,594",48.80,48.95,47.50,47.80,-0.80,"4,393"
2374,2024-09-23,"2,835,978","134,299,112",48.05,48.30,46.80,46.80,-1.00,"2,408"
2374,2024-09-24,"1,804,522","84,063,862",46.55,47.10,46.30,46.50,-0.30,"1,457"
2374,2024-09-25,"2,988,883","141,977,336",46.80,47.95,46.80,47.55,+1.05,"1,965"
2374,2024-09-26,"2,420,065","115,037,498",48.00,48.20,46.90,46.90,-0.65,"1,875"
2374,2024-09-27,"3,694,014","176,900,602",47.10,48.70,47.00,47.50,+0.60,"2,507"
2374,2024-09-30,"1,976,945","93,561,135",47.90,48.10,46.95,47.00,-0.50,"1,777"
2382,2024-09-02,"12,071,008","3,249,134,832",270.50,273.00,267.00,267.00,-1.00,"11,337"
2382,2024-09-03,"19,227,832","5,200,812,262",268.00,273.00,265.50,272.00,+5.00,"14,018"
2382,2024-09-04,"44,435,920","11,174,784,808",255.00,255.00,248.00,250.00,-22.00,"64,792"
2382,2024-09-05,"20,589,711","5,143,128,238",251.50,253.00,247.00,247.00,-3.00,"21,253"
2382,2024-09-06,"28,110,182","7,172,538,712",250.00,260.00,249.00,256.50,+9.50,"21,429"
2382,2024-09-09,"32,446,229","8,089,020,130",250.00,251.50,247.50,250.00,-6.50,"34,763"
2382,2024-09-10,"55,884,105","13,572,739,942",247.00,247.00,238.00,239.50,-10.50,"52,347"
2382,2024-09-11,"16,807,290","4,085,374,481",241.00,245.50,241.00,242.00,+2.50,"13,566"
2382,2024-09-12,"39,344,947","9,975,464,720",250.00,257.50,250.00,253.00,+11.00,"27,924"
2382,2024-09-13,"18,404,172","4,664,863,548",254.50,256.00,250.50,254.50,+1.50,"17,297"
2382,2024-09-16,"13,299,760","3,374,987,226",255.00,256.00,252.00,254.00,-0.50,"9,662"
2382,2024-09-18,"13,594,247","3,414,161,501",252.50,254.00,249.00,250.00,-4.00,"13,886"
2382,2024-09-19,"15,193,651","3,830,129,330",251.00,254.00,248.00,253.00,+3.00,"10,983"
2382,2024-09-20,"24,306,991","6,199,081,061",257.50,259.50,252.50,252.50,-0.50,"14,200"
2382,2024-09-23,"10,801,017","2,765,535,652",255.00,257.00,253.50,257.00,+4.50,"8,873"
2382,2024-09-24,"20,056,734","5,143,379,497",256.00,258.50,253.50,256.50,-0.50,"12,941"
2382,2024-09-25,"49,823,265","13,536,508,121",263.00,275.00,262.50,272.50,+16.00,"37,800"
2382,2024-09-26,"27,630,050","7,608,625,477",277.50,278.00,272.50,275.50,+3.00,"37,994"
2382,2024-09-27,"32,046,559","8,927,931,218",278.00,283.00,275.50,277.00,+1.50,"46,076"
2382,2024-09-30,"33,524,424","9,001,990,188",272.00,273.00,264.00,264.00,-13.00,"46,141"
2393,2024-09-02,"5,299,743","437,251,177",80.00,84.00,79.80,82.90,+3.90,"4,970"
2393,2024-09-03,"3,390,026","280,956,282",83.80,83.90,81.40,83.40,+0.50,"3,384"
2393,2024-09-04,"3,969,466","326,015,534",79.60,83.70,79.20,82.00,-1.40,"4,411"
2393,2024-09-05,"4,223,094","350,350,241",83.70,84.90,80.70,81.30,-0.70,"4,751"
2393,2024-09-06,"3,429,550","283,367,217",82.50,83.30,81.50,82.70,+1.40,"3,082"
2393,2024-09-09,"2,531,282","209,445,575",81.20,83.70,81.20,83.70,+1.00,"2,879"
2393,2024-09-10,"4,078,279","338,031,169",84.50,85.20,81.30,82.20,-1.50,"6,942"
2393,2024-09-11,"2,172,522","175,899,967",82.80,82.80,80.40,80.70,-1.50,"2,250"
2393,2024-09-12,"1,750,378","143,789,082",82.50,82.70,80.90,82.60,+1.90,"1,472"
2393,2024-09-13,"1,479,023","122,000,223",82.60,83.30,81.90,82.40,-0.20,"1,769"
2393,2024-09-16,"1,996,351","161,949,320",82.80,82.90,80.60,80.70,-1.70,"1,676"
2393,2024-09-18,"5,133,714","400,145,737",80.70,80.70,77.00,77.00,-3.70,"3,998"
2393,2024-09-19,"2,554,655","198,404,571",77.30,78.30,77.10,77.70,+0.70,"1,694"
2393,2024-09-20,"2,863,582","225,141,332",78.60,79.40,77.80,78.50,+0.80,"1,811"
2393,2024-09-23,"1,790,536","139,684,488",78.50,78.90,77.50,77.70,-0.80,"1,352"
2393,2024-09-24,"2,249,891","174,610,195",78.10,78.30,77.00,77.80,+0.10,"1,494"
2393,2024-09-25,"2,488,855","196,857,707",78.70,79.60,78.40,79.10,+1.30,"1,599"
2393,2024-09-26,"2,769,726","216,741,163",80.00,80.00,77.20,77.40,-1.70,"2,377"
2393,2024-09-27,"2,444,536","189,300,555",78.40,78.40,76.80,77.40, 0.00,"1,487"
2393,2024-09-30,"1,964,278","150,342,618",77.40,77.90,75.80,76.00,-1.40,"1,685"
2406,2024-09-02,"1,803,060","37,139,385",20.80,20.90,20.35,20.35,-0.30,965
2406,2024-09-03,"1,754,492","35,312,375",20.35,20.45,20.00,20.05,-0.30,"1,178"
2406,2024-09-04,"2,753,255","52,352,384",19.15,19.25,18.30,18.95,-1.10,"2,013"
2406,2024-09-05,"1,287,546","24,793,470",19.10,19.50,19.00,19.00,+0.05,929
2406,2024-09-06,"965,277","18,455,867",19.15,19.30,18.95,19.05,+0.05,647
2406,2024-09-09,"1,467,584","27,696,326",18.50,19.25,18.30,19.20,+0.15,839
2406,2024-09-10,"2,037,263","38,325,428",19.30,19.35,18.50,18.65,-0.55,"1,303"
2406,2024-09-11,"834,164","15,774,691",18.80,19.05,18.70,18.90,+0.25,611
2406,2024-09-12,"1,361,746","26,073,148",19.35,19.40,19.05,19.15,+0.25,748
2406,2024-09-13,"848,054","16,377,285",19.20,19.40,19.20,19.35,+0.20,609
2406,2024-09-16,"1,415,936","27,688,629",19.60,19.75,19.40,19.40,+0.05,889
2406,2024-09-18,"989,718","19,229,622",19.30,19.70,19.25,19.40, 0.00,754
2406,2024-09-19,"1,106,988","21,578,252",19.45,19.60,19.40,19.50,+0.10,691
2406,2024-09-20,"1,546,959","30,404,488",19.50,19.85,19.50,19.60,+0.10,800
2406,2024-09-23,"1,071,778","21,111,078",19.70,19.85,19.60,19.65,+0.05,785
2406,2024-09-24,"972,311","18,856,339",19.80,19.80,19.20,19.40,-0.25,709
2406,2024-09-25,"1,405,142","27,572,822",19.50,19.80,19.50,19.65,+0.25,783
2406,2024-09-26,"2,265,835","45,081,587",19.80,20.20,19.55,19.55,-0.10,"1,222"
2406,2024-09-27,"4,929,991","100,309,222",19.95,20.85,19.80,20.30,+0.75,"2,408"
2406,2024-09-30,"2,137,402","43,152,417",20.35,20.60,19.95,20.10,-0.20,"1,343"
2408,2024-09-02,"6,815,500","355,400,172",52.90,53.10,51.60,51.60,-1.10,"4,567"
2408,2024-09-03,"12,533,522","633,463,578",51.50,51.50,50.00,50.00,-1.60,"7,496"
2408,2024-09-04,"30,173,806","1,440,647,656",47.85,48.20,46.80,47.55,-2.45,"17,717"
2408,2024-09-05,"23,813,802","1,117,632,610",48.00,48.60,45.80,46.00,-1.55,"16,397"
2408,2024-09-06,"13,648,296","630,490,157",46.00,46.80,45.50,46.45,+0.45,"7,639"
2408,2024-09-09,"10,539,489","481,326,474",45.30,46.25,45.25,46.05,-0.40,"7,064"
2408,2024-09-10,"16,170,570","728,599,064",46.25,46.30,44.30,44.50,-1.55,"9,654"
2408,2024-09-11,"5,988,960","270,329,545",44.50,45.75,44.50,45.10,+0.60,"3,368"
2408,2024-09-12,"9,591,538","446,643,332",45.90,47.00,45.60,46.95,+1.85,"5,141"
2408,2024-09-13,"9,011,795","417,317,727",46.45,46.55,46.00,46.30,-0.65,"5,262"
2408,2024-09-16,"7,346,929","341,645,437",46.30,46.80,46.10,46.60,+0.30,"3,345"
2408,2024-09-18,"11,540,313","528,866,499",46.65,46.70,45.20,45.20,-1.40,"6,895"
2408,2024-09-19,"13,006,994","587,276,369",45.30,45.55,44.80,45.25,+0.05,"5,321"
2408,2024-09-20,"38,369,673","1,754,364,607",45.60,46.45,45.30,45.80,+0.55,"9,034"
2408,2024-09-23,"14,132,546","661,717,305",46.30,47.45,46.20,46.65,+0.85,"8,399"
2408,2024-09-24,"10,997,440","506,160,016",46.05,46.50,45.70,46.35,-0.30,"6,376"
2408,2024-09-25,"13,628,941","643,855,238",46.80,47.45,46.80,47.30,+0.95,"7,333"
2408,2024-09-26,"28,026,753","1,351,394,220",50.00,50.10,47.30,47.30, 0.00,"13,744"
2408,2024-09-27,"21,771,372","1,048,371,160",47.70,48.65,47.65,48.15,+0.85,"10,561"
2408,2024-09-30,"11,981,501","572,196,469",47.70,48.30,47.30,47.35,-0.80,"6,059"
2409,2024-09-02,"16,956,293","277,170,956",16.55,16.60,16.25,16.35,-0.10,"5,147"
2409,2024-09-03,"18,960,992","307,094,343",16.35,16.35,16.10,16.10,-0.25,"5,889"
2409,2024-09-04,"41,838,957","653,010,268",15.60,15.85,15.25,15.55,-0.55,"12,417"
2409,2024-09-05,"26,159,255","408,403,803",15.70,15.85,15.40,15.40,-0.15,"8,331"
2409,2024-09-06,"28,145,131","439,630,657",15.45,15.85,15.35,15.65,+0.25,"5,359"
2409,2024-09-09,"32,064,162","494,165,231",15.25,15.70,15.15,15.60,-0.05,"6,912"
2409,2024-09-10,"34,279,063","533,198,945",15.70,15.80,15.35,15.40,-0.20,"6,370"
2409,2024-09-11,"29,867,544","470,605,043",15.45,15.95,15.45,15.85,+0.45,"6,747"
2409,2024-09-12,"30,335,490","490,519,381",16.00,16.30,16.00,16.25,+0.40,"6,608"
2409,2024-09-13,"14,392,060","233,090,503",16.15,16.30,16.10,16.25, 0.00,"3,435"
2409,2024-09-16,"88,641,491","1,498,415,259",16.65,17.20,16.45,17.05,+0.80,"16,513"
2409,2024-09-18,"31,978,662","538,829,615",16.90,17.15,16.65,16.65,-0.40,"9,716"
2409,2024-09-19,"21,334,331","357,147,608",16.85,16.85,16.60,16.75,+0.10,"4,893"
2409,2024-09-20,"45,998,310","781,085,914",16.90,17.15,16.70,17.05,+0.30,"8,461"
2409,2024-09-23,"24,160,810","407,947,912",17.05,17.10,16.75,16.90,-0.15,"8,192"
2409,2024-09-24,"20,875,173","352,278,854",16.80,17.00,16.75,16.90, 0.00,"4,936"
2409,2024-09-25,"27,447,172","463,948,978",16.95,17.00,16.80,16.95,+0.05,"5,402"
2409,2024-09-26,"73,772,475","1,275,829,934",17.25,17.70,16.90,17.10,+0.15,"12,680"
2409,2024-09-27,"36,531,346","627,963,297",17.20,17.30,17.00,17.20,+0.10,"6,786"
2409,2024-09-30,"23,257,416","399,494,082",17.15,17.40,17.05,17.05,-0.15,"6,220"
2426,2024-09-02,"9,371,861","214,436,809",23.00,23.50,22.15,22.45,-0.20,"4,886"
2426,2024-09-03,"3,616,356","80,632,404",22.45,22.90,21.90,22.20,-0.25,"2,387"
2426,2024-09-04,"4,672,923","98,121,639",20.90,21.65,20.00,20.80,-1.40,"3,107"
2426,2024-09-05,"2,842,979","60,490,512",21.35,21.80,21.00,21.30,+0.50,"1,851"
2426,2024-09-06,"6,588,400","144,753,391",21.40,22.50,21.25,22.40,+1.10,"3,624"
2426,2024-09-09,"5,979,285","133,392,374",22.05,23.00,21.60,23.00,+0.60,"3,443"
2426,2024-09-10,"9,986,509","218,696,960",23.00,23.00,20.80,21.15,-1.85,"6,034"
2426,2024-09-11,"3,620,832","77,174,807",21.50,21.80,20.90,20.90,-0.25,"1,826"
2426,2024-09-12,"3,412,728","74,041,311",21.30,22.05,21.20,21.75,+0.85,"1,862"
2426,2024-09-13,"4,265,549","94,105,486",21.70,22.60,21.35,22.25,+0.50,"2,089"
2426,2024-09-16,"16,527,967","392,287,485",22.80,24.45,22.45,24.00,+1.75,"8,330"
2426,2024-09-18,"22,804,820","560,115,446",25.20,26.00,23.95,24.20,+0.20,"11,647"
2426,2024-09-19,"8,451,683","204,134,054",24.55,24.55,23.55,24.45,+0.25,"5,071"
2426,2024-09-20,"5,897,508","142,046,486",24.80,24.80,23.70,23.70,-0.75,"3,215"
2426,2024-09-23,"5,085,653","118,775,484",23.70,24.20,23.00,23.00,-0.70,"2,771"
2426,2024-09-24,"5,386,764","125,695,568",23.30,23.65,23.05,23.25,+0.25,"2,780"
2426,2024-09-25,"9,267,326","221,117,256",23.40,24.45,23.05,24.00,+0.75,"4,363"
2426,2024-09-26,"5,359,503","124,492,397",23.85,24.00,22.65,22.75,-1.25,"3,254"
2426,2024-09-27,"4,427,615","103,734,680",23.00,23.75,22.85,23.55,+0.80,"2,388"
2426,2024-09-30,"1,915,183","44,029,279",23.35,23.35,22.80,22.85,-0.70,"1,229"
2429,2024-09-02,"1,435,837","46,737,399",33.20,33.40,32.20,32.40,-0.60,785
2429,2024-09-03,"1,181,696","38,716,104",32.60,33.70,31.80,33.30,+0.90,848
2429,2024-09-04,"1,174,051","37,340,103",32.00,32.70,30.90,31.70,-1.60,822
2429,2024-09-05,"1,045,562","33,048,857",31.95,32.45,31.00,31.30,-0.40,620
2429,2024-09-06,"756,304","23,285,874",31.30,32.05,30.20,30.45,-0.85,568
2429,2024-09-09,"682,049","20,610,922",29.70,30.65,29.70,30.15,-0.30,357
2429,2024-09-10,"997,934","29,174,462",30.50,30.50,28.60,29.45,-0.70,641
2429,2024-09-11,"550,109","15,774,248",29.55,29.65,28.00,28.20,-1.25,377
2429,2024-09-12,"401,592","11,394,319",28.70,29.00,28.15,28.35,+0.15,307
2429,2024-09-13,"632,622","18,326,426",28.35,29.75,28.35,28.60,+0.25,384
2429,2024-09-16,"971,611","30,218,553",29.60,31.45,29.00,31.45,+2.85,444
2429,2024-09-18,"1,465,236","46,586,826",31.95,33.45,30.60,30.60,-0.85,912
2429,2024-09-19,"358,091","10,980,177",30.75,31.15,30.40,30.40,-0.20,312
2429,2024-09-20,"391,535","11,951,911",31.20,31.20,30.25,30.40, 0.00,304
2429,2024-09-23,"314,308","9,643,408",30.40,31.20,30.20,30.60,+0.20,245
2429,2024-09-24,"674,161","20,063,946",30.60,30.95,29.00,29.40,-1.20,513
2429,2024-09-25,"437,361","12,997,537",29.40,30.15,29.35,29.70,+0.30,358
2429,2024-09-26,"529,016","15,468,111",29.70,29.90,28.80,28.80,-0.90,343
2429,2024-09-27,"262,768","7,676,434",29.50,29.55,28.90,29.30,+0.50,192
2429,2024-09-30,"386,367","11,480,771",29.60,30.45,29.30,29.30, 0.00,322
2438,2024-09-02,"373,961","22,547,378",62.30,62.30,59.00,59.00,-3.30,327
2438,2024-09-03,"145,181","8,660,036",59.50,61.00,59.00,59.20,+0.20,154
2438,2024-09-04,"151,862","8,761,172",56.00,59.10,55.40,58.60,-0.60,168
2438,2024-09-05,"1,029,944","56,487,497",56.20,58.30,52.80,52.80,-5.80,989
2438,2024-09-06,"918,965","44,566,605",51.00,51.50,47.60,47.70,-5.10,871
2438,2024-09-09,"378,289","17,727,200",46.95,48.50,45.80,46.50,-1.20,351
2438,2024-09-10,"517,405","23,294,234",48.50,48.50,43.50,44.15,-2.35,388
2438,2024-09-11,"1,666,469","72,124,453",44.15,48.35,40.55,47.50,+3.35,"1,107"
2438,2024-09-12,"1,033,625","46,923,679",48.50,48.50,44.00,44.70,-2.80,854
2438,2024-09-13,"679,828","31,404,699",45.50,47.45,44.00,47.30,+2.60,549
2438,2024-09-16,"461,686","21,114,136",47.30,47.55,44.80,45.60,-1.70,500
2438,2024-09-18,"389,960","17,872,416",45.45,46.85,44.45,45.45,-0.15,302
2438,2024-09-19,"263,641","12,044,172",45.45,46.40,44.85,46.40,+0.95,231
2438,2024-09-20,"703,178","34,270,802",46.55,50.00,46.55,49.20,+2.80,775
2438,2024-09-23,"560,078","27,657,880",50.60,51.10,48.00,49.15,-0.05,553
2438,2024-09-24,"699,640","35,697,528",48.10,52.80,48.10,50.70,+1.55,626
2438,2024-09-25,"401,627","20,082,113",51.00,51.50,49.20,49.55,-1.15,579
2438,2024-09-26,"257,660","12,588,695",50.00,50.00,48.20,48.70,-0.85,249
2438,2024-09-27,"180,279","8,721,563",48.80,49.05,47.95,48.55,-0.15,190
2438,2024-09-30,"246,567","11,664,188",48.10,48.25,46.85,47.10,-1.45,315
2449,2024-09-02,"5,275,069","639,771,529",122.00,122.50,120.00,121.00, 0.00,"3,863"
2449,2024-09-03,"12,998,958","1,542,020,992",122.00,122.00,117.00,118.00,-3.00,"9,073"
2449,2024-09-04,"21,794,405","2,472,805,144",109.50,118.00,107.50,114.50,-3.50,"12,357"
2449,2024-09-05,"11,439,095","1,308,050,875",115.50,117.00,111.50,112.00,-2.50,"6,878"
2449,2024-09-06,"7,712,101","856,499,049",112.50,112.50,110.00,111.50,-0.50,"5,017"
2449,2024-09-09,"9,040,340","1,007,796,652",108.00,113.00,107.50,113.00,+1.50,"5,063"
2449,2024-09-10,"9,623,125","1,077,339,297",114.00,115.00,108.50,110.50,-2.50,"6,088"
2449,2024-09-11,"5,696,426","637,542,731",111.50,112.50,110.00,112.50,+2.00,"3,209"
2449,2024-09-12,"20,652,319","2,415,948,041",116.50,120.00,113.50,118.00,+5.50,"11,362"
2449,2024-09-13,"10,691,504","1,241,369,834",118.00,118.50,114.50,115.00,-3.00,"6,950"
2449,2024-09-16,"5,930,119","682,374,160",116.50,116.50,114.00,114.50,-0.50,"3,879"
2449,2024-09-18,"13,400,854","1,493,452,625",114.00,114.00,110.00,110.00,-4.50,"8,550"
2449,2024-09-19,"15,490,976","1,713,879,242",111.00,113.00,109.00,110.50,+0.50,"7,439"
2449,2024-09-20,"33,826,607","3,769,155,241",112.00,115.00,110.00,110.00,-0.50,"10,915"
2449,2024-09-23,"18,098,293","1,955,669,836",110.00,110.50,107.00,107.00,-3.00,"11,241"
2449,2024-09-24,"16,636,363","1,768,664,710",107.50,108.50,105.00,107.00, 0.00,"8,876"
2449,2024-09-25,"34,274,890","3,880,225,911",109.50,116.50,109.50,112.50,+5.50,"19,240"
2449,2024-09-26,"19,212,428","2,187,669,717",113.00,116.00,112.00,112.50, 0.00,"11,302"
2449,2024-09-27,"32,275,463","3,785,582,415",114.00,119.50,112.50,117.50,+5.00,"18,531"
2449,2024-09-30,"18,055,779","2,072,208,700",117.00,117.00,112.50,112.50,-5.00,"10,365"
2466,2024-09-02,"24,647","881,966",36.80,36.80,35.40,35.40,-0.85,43
2466,2024-09-03,"26,490","942,594",36.20,36.20,35.40,35.40, 0.00,14
2466,2024-09-04,"76,260","2,521,436",34.05,34.05,32.35,32.90,-2.50,77
2466,2024-09-05,"28,056","920,869",33.50,33.50,32.40,32.85,-0.05,22
2466,2024-09-06,"7,055","232,622",33.50,33.50,32.65,33.50,+0.65,15
2466,2024-09-09,"20,019","655,520",33.00,33.00,32.50,32.80,-0.70,21
2466,2024-09-10,"10,003","326,798",32.80,32.85,32.50,32.70,-0.10,11
2466,2024-09-11,"16,477","541,352",33.20,33.50,32.40,32.40,-0.30,19
2466,2024-09-12,"24,001","790,133",33.00,33.10,32.90,32.90,+0.50,10
2466,2024-09-13,"10,472","347,938",33.20,33.35,33.20,33.25,+0.35,71
2466,2024-09-16,"8,019","270,290",33.50,33.85,33.50,33.80,+0.55,6
2466,2024-09-18,"8,199","279,426",34.00,34.20,33.90,33.90,+0.10,8
2466,2024-09-19,"23,406","796,789",34.30,34.40,33.90,33.95,+0.05,19
2466,2024-09-20,"25,453","868,191",34.30,34.55,33.50,34.15,+0.20,33
2466,2024-09-23,"28,000","959,700",34.30,34.60,34.15,34.20,+0.05,11
2466,2024-09-24,"151,047","5,204,407",34.80,34.80,34.45,34.45,+0.25,17
2466,2024-09-25,"47,250","1,648,249",34.90,35.10,34.60,34.90,+0.45,19
2466,2024-09-26,"32,558","1,149,458",35.20,35.80,35.00,35.80,+0.90,38
2466,2024-09-27,"35,181","1,281,473",36.70,36.70,36.30,36.30,+0.50,22
2466,2024-09-30,"19,143","689,696",36.45,36.85,35.60,36.05,-0.25,25
2603,2024-09-02,"22,437,569","4,111,548,890",188.00,188.00,181.00,182.00,-6.00,"18,685"
2603,2024-09-03,"9,615,815","1,758,934,122",182.00,184.00,182.00,182.00, 0.00,"7,312"
2603,2024-09-04,"23,714,174","4,201,809,293",176.50,180.50,173.00,178.50,-3.50,"17,431"
2603,2024-09-05,"11,844,442","2,138,568,539",180.00,182.00,178.50,181.00,+2.50,"7,431"
2603,2024-09-06,"10,025,417","1,803,494,817",180.00,181.50,178.00,180.00,-1.00,"5,840"
2603,2024-09-09,"14,516,557","2,579,837,039",176.50,179.00,175.50,179.00,-1.00,"8,010"
2603,2024-09-10,"11,785,588","2,102,087,367",180.50,181.50,176.00,177.50,-1.50,"7,813"
2603,2024-09-11,"15,383,544","2,796,434,019",178.00,183.50,177.00,182.50,+5.00,"10,199"
2603,2024-09-12,"12,742,901","2,355,065,581",185.00,186.00,183.00,184.50,+2.00,"8,571"
2603,2024-09-13,"10,869,274","2,016,589,918",185.50,186.50,183.50,186.50,+2.00,"7,008"
2603,2024-09-16,"9,726,722","1,791,726,967",185.00,186.00,183.00,184.50,-2.00,"6,290"
2603,2024-09-18,"19,644,623","3,676,263,041",184.50,189.00,184.50,187.00,+2.50,"12,050"
2603,2024-09-19,"19,044,960","3,601,068,725",187.50,190.00,186.50,190.00,+3.00,"12,386"
2603,2024-09-20,"15,038,484","2,850,759,870",192.00,192.00,188.00,189.00,-1.00,"8,597"
2603,2024-09-23,"27,480,666","5,300,262,684",190.00,195.00,189.00,195.00,+6.00,"21,520"
2603,2024-09-24,"61,532,669","12,476,108,737",197.00,205.00,196.50,204.00,+9.00,"41,152"
2603,2024-09-25,"45,797,369","9,482,691,219",205.50,209.50,204.00,209.50,+5.50,"31,369"
2603,2024-09-26,"49,482,075","10,397,382,215",210.50,214.50,205.00,206.00,-3.50,"33,043"
2603,2024-09-27,"31,568,554","6,629,981,603",209.00,212.00,206.50,212.00,+6.00,"20,949"
2603,2024-09-30,"37,155,844","7,541,002,336",210.00,210.00,198.50,201.00,-11.00,"24,483"
2605,2024-09-02,"3,391,238","92,644,111",27.90,27.90,27.00,27.00,-0.80,"2,226"
2605,2024-09-03,"2,337,733","63,188,779",27.15,27.35,26.75,26.75,-0.25,"1,394"
2605,2024-09-04,"5,976,384","153,264,691",26.00,26.05,25.15,25.60,-1.15,"3,284"
2605,2024-09-05,"3,609,062","92,843,042",25.90,26.25,25.25,25.40,-0.20,"2,164"
2605,2024-09-06,"1,642,157","41,898,135",25.50,25.70,25.30,25.65,+0.25,"1,038"
2605,2024-09-09,"1,146,965","29,038,933",25.10,25.60,25.10,25.55,-0.10,829
2605,2024-09-10,"2,109,524","53,625,650",25.60,25.85,25.15,25.20,-0.35,"1,328"
2605,2024-09-11,"1,626,547","41,213,619",25.25,25.50,25.10,25.30,+0.10,"1,047"
2605,2024-09-12,"2,405,214","60,976,597",25.60,25.60,25.20,25.25,-0.05,"1,258"
2605,2024-09-13,"1,717,966","43,787,945",25.30,25.70,25.20,25.60,+0.35,995
2605,2024-09-16,"1,424,920","36,358,080",25.55,25.60,25.40,25.50,-0.10,980
2605,2024-09-18,"2,412,345","62,270,395",25.60,26.00,25.55,25.60,+0.10,"1,447"
2605,2024-09-19,"2,570,748","65,646,919",25.65,25.75,25.40,25.65,+0.05,"1,483"
2605,2024-09-20,"2,926,076","75,371,432",26.00,26.10,25.60,25.60,-0.05,"1,257"
2605,2024-09-23,"2,050,793","53,063,472",25.70,26.00,25.65,25.90,+0.30,947
2605,2024-09-24,"10,359,261","275,823,869",26.00,27.15,26.00,26.75,+0.85,"5,282"
2605,2024-09-25,"12,052,124","328,914,638",26.85,27.70,26.75,27.45,+0.70,"6,147"
2605,2024-09-26,"10,634,470","293,456,729",27.60,27.90,27.30,27.45, 0.00,"4,692"
2605,2024-09-27,"50,644,629","1,499,599,338",28.70,30.15,28.70,30.15,+2.70,"21,111"
2605,2024-09-30,"77,943,660","2,377,482,256",30.75,31.40,29.85,29.90,-0.25,"32,166"
2606,2024-09-02,"2,258,705","121,750,128",54.90,54.90,53.50,53.50,-1.20,"1,746"
2606,2024-09-03,"1,842,535","98,404,126",54.00,54.10,53.00,53.10,-0.40,"1,300"
2606,2024-09-04,"4,680,897","242,744,926",52.50,52.50,50.90,52.00,-1.10,"2,912"
2606,2024-09-05,"3,207,070","167,875,112",52.50,53.20,51.80,51.80,-0.20,"1,720"
2606,2024-09-06,"1,063,416","55,271,847",52.40,52.50,51.70,51.80, 0.00,860
2606,2024-09-09,"1,422,304","72,632,854",51.20,51.50,50.70,51.50,-0.30,"1,073"
2606,2024-09-10,"2,806,203","142,379,142",51.20,51.70,50.20,50.20,-1.30,"1,955"
2606,2024-09-11,"1,683,266","85,344,527",50.10,51.20,50.00,50.90,+0.70,"1,124"
2606,2024-09-12,"1,690,849","86,668,486",51.30,51.60,50.90,51.20,+0.30,"1,224"
2606,2024-09-13,"1,725,811","88,914,359",51.00,51.90,50.90,51.60,+0.40,"1,099"
2606,2024-09-16,"943,464","48,685,641",52.00,52.00,51.30,51.80,+0.20,"1,051"
2606,2024-09-18,"1,408,147","73,315,998",52.00,52.40,51.70,51.70,-0.10,"1,061"
2606,2024-09-19,"881,176","45,770,192",52.20,52.20,51.60,52.00,+0.30,786
2606,2024-09-20,"1,789,806","93,312,786",52.50,52.60,51.80,52.20,+0.20,"1,139"
2606,2024-09-23,"1,680,760","87,876,211",52.60,52.60,51.90,52.50,+0.30,"1,090"
2606,2024-09-24,"6,329,952","336,517,924",52.50,53.60,52.40,52.80,+0.30,"3,861"
2606,2024-09-25,"4,830,859","258,588,950",53.40,54.00,52.90,53.80,+1.00,"3,374"
2606,2024-09-26,"5,396,843","290,930,380",54.00,54.70,53.20,53.40,-0.40,"4,355"
2606,2024-09-27,"19,239,085","1,064,016,803",54.30,56.30,54.10,55.60,+2.20,"9,596"
2606,2024-09-30,"21,931,766","1,237,140,822",56.70,57.30,55.60,55.80,+0.20,"14,045"
2609,2024-09-02,"29,057,352","1,832,746,290",64.60,64.60,62.30,62.30,-2.20,"18,346"
2609,2024-09-03,"14,030,361","875,093,520",62.50,63.10,61.80,61.80,-0.50,"7,645"
2609,2024-09-04,"30,346,895","1,819,493,910",59.60,61.40,58.60,60.70,-1.10,"17,048"
2609,2024-09-05,"22,747,698","1,401,855,501",61.10,62.60,60.90,61.50,+0.80,"10,956"
2609,2024-09-06,"17,113,912","1,057,861,013",61.10,62.30,60.80,62.10,+0.60,"9,209"
2609,2024-09-09,"19,930,799","1,208,413,055",61.00,61.10,60.20,60.60,-1.50,"10,487"
2609,2024-09-10,"20,871,936","1,263,014,174",61.00,61.70,59.70,59.80,-0.80,"10,751"
2609,2024-09-11,"20,684,100","1,265,258,147",60.50,61.80,60.00,61.30,+1.50,"9,886"
2609,2024-09-12,"22,406,344","1,393,254,342",62.40,62.80,61.70,62.00,+0.70,"10,325"
2609,2024-09-13,"19,873,494","1,239,105,352",62.70,62.70,61.80,62.40,+0.40,"9,672"
2609,2024-09-16,"13,455,410","829,657,773",61.90,62.00,61.40,61.70,-0.70,"7,932"
2609,2024-09-18,"23,361,060","1,464,774,048",61.90,63.20,61.90,62.60,+0.90,"11,004"
2609,2024-09-19,"16,048,549","1,011,995,793",63.00,63.40,62.50,63.40,+0.80,"8,291"
2609,2024-09-20,"27,870,893","1,770,497,751",64.20,64.30,62.80,63.60,+0.20,"14,088"
2609,2024-09-23,"31,439,053","2,017,184,646",63.70,64.70,63.50,64.50,+0.90,"16,157"
2609,2024-09-24,"155,634,574","10,500,052,203",65.10,69.00,65.00,67.60,+3.10,"93,848"
2609,2024-09-25,"144,219,832","9,961,327,523",68.90,70.40,67.60,70.40,+2.80,"82,772"
2609,2024-09-26,"208,712,759","15,178,910,055",70.70,74.90,70.30,70.90,+0.50,"122,147"
2609,2024-09-27,"98,830,258","7,155,449,582",72.30,73.40,71.30,72.90,+2.00,"59,449"
2609,2024-09-30,"96,188,483","6,717,402,799",72.90,72.90,68.20,69.00,-3.90,"74,220"
2610,2024-09-02,"15,322,912","320,719,871",20.80,21.10,20.80,20.85,+0.25,"4,431"
2610,2024-09-03,"15,455,843","323,020,840",21.00,21.05,20.80,20.80,-0.05,"4,561"
2610,2024-09-04,"30,785,650","620,517,040",20.30,20.35,19.80,20.10,-0.70,"11,243"
2610,2024-09-05,"19,617,009","402,004,886",20.25,20.85,20.25,20.30,+0.20,"6,155"
2610,2024-09-06,"19,129,820","387,935,813",20.40,20.45,20.20,20.20,-0.10,"5,352"
2610,2024-09-09,"14,309,843","287,513,463",19.85,20.25,19.85,20.25,+0.05,"4,741"
2610,2024-09-10,"12,640,784","255,323,405",20.35,20.40,20.05,20.05,-0.20,"4,059"
2610,2024-09-11,"15,706,251","319,308,828",20.25,20.55,20.20,20.25,+0.20,"4,525"
2610,2024-09-12,"11,117,867","226,635,058",20.40,20.50,20.30,20.40,+0.15,"3,435"
2610,2024-09-13,"14,255,716","292,978,449",20.55,20.65,20.40,20.55,+0.15,"3,637"
2610,2024-09-16,"14,379,592","296,788,940",20.60,20.75,20.50,20.65,+0.10,"3,877"
2610,2024-09-18,"52,755,290","1,114,124,465",20.60,21.40,20.60,21.20,+0.55,"12,714"
2610,2024-09-19,"21,302,623","450,569,605",21.20,21.25,21.00,21.20, 0.00,"6,389"
2610,2024-09-20,"22,003,950","468,078,896",21.40,21.45,21.15,21.30,+0.10,"6,300"
2610,2024-09-23,"19,741,204","422,157,421",21.45,21.50,21.15,21.50,+0.20,"5,481"
2610,2024-09-24,"27,048,680","585,439,340",21.50,21.85,21.50,21.65,+0.15,"7,706"
2610,2024-09-25,"24,274,497","523,510,143",21.75,21.75,21.40,21.60,-0.05,"7,345"
2610,2024-09-26,"22,445,774","486,453,753",21.70,21.80,21.50,21.70,+0.10,"6,251"
2610,2024-09-27,"22,952,628","498,552,618",21.80,21.80,21.55,21.75,+0.05,"6,083"
2610,2024-09-30,"15,369,250","332,310,783",21.80,21.90,21.45,21.50,-0.25,"4,913"
2615,2024-09-02,"23,670,228","1,916,451,661",83.20,83.30,79.50,79.50,-3.40,"28,169"
2615,2024-09-03,"9,949,390","795,932,347",79.50,81.00,79.40,79.50, 0.00,"6,743"
2615,2024-09-04,"18,525,135","1,436,548,615",76.80,79.30,75.20,78.70,-0.80,"11,719"
2615,2024-09-05,"13,213,640","1,050,496,460",79.50,80.70,78.40,78.80,+0.10,"7,242"
2615,2024-09-06,"7,502,927","588,603,682",78.90,79.00,77.80,78.20,-0.60,"5,551"
2615,2024-09-09,"16,271,693","1,231,454,077",76.40,76.60,75.20,75.20,-3.00,"10,532"
2615,2024-09-10,"10,299,248","771,505,382",75.20,76.30,73.60,74.10,-1.10,"6,849"
2615,2024-09-11,"17,042,545","1,303,689,864",74.50,77.40,74.10,76.80,+2.70,"9,889"
2615,2024-09-12,"15,121,127","1,183,324,133",78.20,79.00,77.70,77.70,+0.90,"10,112"
2615,2024-09-13,"12,456,725","977,588,541",77.80,79.20,77.20,79.20,+1.50,"7,355"
2615,2024-09-16,"8,476,302","662,685,263",78.50,78.90,77.40,78.30,-0.90,"7,653"
2615,2024-09-18,"16,985,787","1,359,822,523",78.70,80.50,78.70,80.50,+2.20,"10,409"
2615,2024-09-19,"10,124,577","815,866,662",80.40,81.00,79.90,81.00,+0.50,"6,557"
2615,2024-09-20,"13,172,726","1,068,844,309",82.40,82.40,80.20,81.10,+0.10,"8,686"
2615,2024-09-23,"19,502,104","1,605,934,551",81.70,82.80,81.50,82.50,+1.40,"10,721"
2615,2024-09-24,"100,336,124","8,895,695,468",83.00,90.70,82.80,90.70,+8.20,"57,276"
2615,2024-09-25,"153,194,654","14,681,210,468",92.10,99.70,91.40,99.70,+9.00,"96,396"
2615,2024-09-26,"134,186,082","13,846,040,998",100.50,106.00,100.00,102.00,+2.30,"80,127"
2615,2024-09-27,"86,124,036","9,119,483,440",105.00,109.00,102.50,107.50,+5.50,"53,873"
2615,2024-09-30,"82,217,184","8,270,786,297",107.00,107.50,96.90,98.00,-9.50,"67,110"
2618,2024-09-02,"28,690,800","1,019,873,409",35.50,35.85,35.35,35.40,+0.05,"8,409"
2618,2024-09-03,"54,866,512","1,961,468,055",35.45,36.00,35.30,35.90,+0.50,"14,465"
2618,2024-09-04,"51,289,204","1,805,107,710",35.10,35.55,34.35,35.15,-0.75,"17,545"
2618,2024-09-05,"52,411,838","1,865,202,635",35.25,36.10,35.10,35.15, 0.00,"14,850"
2618,2024-09-06,"49,074,230","1,728,277,869",35.25,35.60,35.00,35.25,+0.10,"12,460"
2618,2024-09-09,"42,523,659","1,478,249,046",34.70,34.95,34.55,34.90,-0.35,"11,394"
2618,2024-09-10,"28,722,016","999,022,911",35.00,35.15,34.40,34.70,-0.20,"8,951"
2618,2024-09-11,"47,514,586","1,676,036,919",34.95,35.50,34.80,35.45,+0.75,"11,998"
2618,2024-09-12,"43,044,962","1,529,562,997",35.55,35.90,35.30,35.55,+0.10,"13,463"
2618,2024-09-13,"42,251,105","1,512,026,189",35.55,35.90,35.50,35.90,+0.35,"10,843"
2618,2024-09-16,"29,281,721","1,048,731,524",35.90,35.95,35.55,35.90, 0.00,"10,349"
2618,2024-09-18,"64,030,084","2,320,792,812",35.90,36.50,35.75,36.20,+0.30,"18,659"
2618,2024-09-19,"95,555,426","3,514,150,520",36.20,37.00,36.15,37.00,+0.80,"28,837"
2618,2024-09-20,"70,193,350","2,613,288,180",37.15,37.50,36.95,37.20,+0.20,"19,001"
2618,2024-09-23,"43,062,714","1,604,450,027",37.25,37.50,36.90,37.35,+0.15,"12,678"
2618,2024-09-24,"78,346,731","2,963,862,716",37.40,38.00,37.40,37.85,+0.50,"22,144"
2618,2024-09-25,"40,646,467","1,534,467,791",38.10,38.10,37.55,37.70,-0.15,"16,915"
2618,2024-09-26,"43,838,372","1,641,522,566",37.70,37.90,37.10,37.30,-0.40,"17,435"
2618,2024-09-27,"34,831,846","1,304,991,910",37.45,37.70,37.15,37.50,+0.20,"12,307"
2618,2024-09-30,"41,105,689","1,548,259,352",37.50,38.00,37.40,37.50, 0.00,"12,831"
2634,2024-09-02,"1,146,274","56,737,781",49.60,49.85,49.25,49.40,-0.20,922
2634,2024-09-03,"1,645,148","80,968,068",49.40,49.80,48.80,48.80,-0.60,"1,358"
2634,2024-09-04,"4,016,517","189,716,278",47.30,47.70,46.50,47.05,-1.75,"3,067"
2634,2024-09-05,"2,670,647","125,805,138",47.20,47.50,46.65,46.65,-0.40,"1,823"
2634,2024-09-06,"3,172,251","147,371,028",46.50,46.80,46.25,46.35,-0.30,"1,884"
2634,2024-09-09,"3,277,150","149,988,452",45.50,46.65,45.30,46.55,+0.20,"1,938"
2634,2024-09-10,"3,199,340","147,198,068",46.60,46.90,45.55,45.55,-1.00,"2,302"
2634,2024-09-11,"1,974,840","90,126,483",45.55,46.10,45.20,45.30,-0.25,"1,399"
2634,2024-09-12,"3,393,902","157,905,492",45.60,46.90,45.60,46.70,+1.40,"2,241"
2634,2024-09-13,"2,403,298","113,917,198",46.55,47.85,46.55,47.85,+1.15,"1,733"
2634,2024-09-16,"1,581,168","75,387,457",47.50,48.10,47.45,47.45,-0.40,"1,372"
2634,2024-09-18,"2,803,821","134,135,337",47.75,48.60,47.20,47.25,-0.20,"1,944"
2634,2024-09-19,"1,535,942","73,526,198",47.65,48.10,47.35,47.95,+0.70,"1,099"
2634,2024-09-20,"1,435,330","68,592,728",48.00,48.35,47.55,47.60,-0.35,"1,329"
2634,2024-09-23,"6,565,606","321,687,943",48.10,49.50,48.10,48.90,+1.30,"4,035"
2634,2024-09-24,"8,644,278","428,879,996",49.35,50.50,49.00,49.30,+0.40,"6,422"
2634,2024-09-25,"4,300,989","210,952,508",49.40,49.70,48.75,48.75,-0.55,"3,263"
2634,2024-09-26,"2,627,005","128,729,332",49.10,49.60,48.65,48.80,+0.05,"1,694"
2634,2024-09-27,"3,330,853","162,786,544",48.70,49.30,48.55,48.65,-0.15,"2,028"
2634,2024-09-30,"3,306,012","160,193,269",48.95,49.10,48.20,48.20,-0.45,"2,495"
2637,2024-09-02,"1,254,129","84,176,345",67.30,67.60,66.90,67.10,-0.10,985
2637,2024-09-03,"1,194,966","80,052,047",67.60,67.60,66.60,66.60,-0.50,964
2637,2024-09-04,"3,797,603","242,426,861",65.30,65.30,62.60,63.60,-3.00,"2,851"
2637,2024-09-05,"4,057,789","266,935,364",65.10,67.40,64.40,65.00,+1.40,"2,828"
2637,2024-09-06,"2,297,383","148,953,134",65.10,65.30,64.40,65.00, 0.00,"2,686"
2637,2024-09-09,"2,235,580","143,222,763",63.90,65.00,63.50,64.50,-0.50,"1,419"
2637,2024-09-10,"2,338,412","151,706,271",64.90,65.50,64.30,64.60,+0.10,"1,651"
2637,2024-09-11,"2,417,676","157,386,210",65.00,65.70,64.70,65.00,+0.40,"2,148"
2637,2024-09-12,"2,200,852","143,295,144",65.70,65.80,64.90,65.00, 0.00,"1,991"
2637,2024-09-13,"2,360,928","153,985,760",65.20,65.70,64.90,65.20,+0.20,"1,479"
2637,2024-09-16,"1,531,063","99,868,244",65.30,65.60,65.00,65.30,+0.10,"1,364"
2637,2024-09-18,"2,593,749","169,712,679",65.40,66.10,65.00,65.30, 0.00,"1,666"
2637,2024-09-19,"2,858,256","188,851,943",65.60,66.80,64.90,66.80,+1.50,"1,975"
2637,2024-09-20,"3,037,746","204,293,069",67.60,67.70,66.70,67.60,+0.80,"2,205"
2637,2024-09-23,"2,072,558","140,279,320",67.70,68.20,66.90,68.10,+0.50,"1,736"
2637,2024-09-24,"9,846,525","692,006,073",68.40,71.60,68.40,70.40,+2.30,"6,224"
2637,2024-09-25,"6,722,394","480,276,757",70.40,72.30,69.50,71.80,+1.40,"4,891"
2637,2024-09-26,"4,918,596","353,180,637",72.20,73.40,70.60,70.60,-1.20,"5,456"
2637,2024-09-27,"19,423,671","1,460,028,274",72.00,77.40,72.00,76.40,+5.80,"12,214"
2637,2024-09-30,"20,480,263","1,577,798,174",77.90,79.00,75.90,76.30,-0.10,"17,280"
2834,2024-09-02,"8,288,367","130,870,037",15.85,15.90,15.75,15.75,-0.05,"3,050"
2834,2024-09-03,"7,333,314","115,476,063",15.75,15.80,15.70,15.75, 0.00,"3,259"
2834,2024-09-04,"38,565,583","592,021,555",15.55,15.60,15.25,15.30,-0.45,"14,844"
2834,2024-09-05,"14,481,494","223,885,308",15.35,15.60,15.35,15.40,+0.10,"4,740"
2834,2024-09-06,"8,781,008","136,119,104",15.45,15.60,15.35,15.55,+0.15,"3,254"
2834,2024-09-09,"14,616,045","224,051,783",15.30,15.55,15.20,15.45,-0.10,"5,505"
2834,2024-09-10,"9,246,612","143,004,271",15.50,15.55,15.40,15.45, 0.00,"3,272"
2834,2024-09-11,"18,522,680","282,722,322",15.35,15.40,15.20,15.20,-0.25,"6,718"
2834,2024-09-12,"18,068,833","279,672,487",15.30,15.60,15.25,15.60,+0.40,"4,695"
2834,2024-09-13,"16,163,687","251,571,069",15.55,15.65,15.45,15.60, 0.00,"7,242"
2834,2024-09-16,"12,911,509","200,738,468",15.60,15.65,15.45,15.65,+0.05,"6,660"
2834,2024-09-18,"17,120,968","268,734,591",15.65,15.85,15.55,15.70,+0.05,"6,350"
2834,2024-09-19,"12,538,039","196,546,766",15.70,15.75,15.55,15.75,+0.05,"4,552"
2834,2024-09-20,"17,930,129","283,088,561",15.75,15.85,15.70,15.85,+0.10,"5,375"
2834,2024-09-23,"12,142,397","191,866,228",15.90,15.90,15.75,15.80,-0.05,"4,661"
2834,2024-09-24,"9,326,710","146,698,315",15.85,15.85,15.65,15.80, 0.00,"4,153"
2834,2024-09-25,"24,851,146","395,059,703",15.85,16.00,15.75,16.00,+0.20,"7,530"
2834,2024-09-26,"15,591,857","249,100,498",16.00,16.05,15.85,16.00, 0.00,"8,080"
2834,2024-09-27,"15,034,804","239,812,908",16.00,16.00,15.90,15.95,-0.05,"5,246"
2834,2024-09-30,"14,197,198","226,504,803",16.00,16.00,15.90,15.95, 0.00,"4,308"
2867,2024-09-02,"12,627,281","100,049,834",7.99,7.99,7.86,7.86,-0.13,"3,141"
2867,2024-09-03,"16,588,658","128,774,026",7.85,7.88,7.70,7.70,-0.16,"4,665"
2867,2024-09-04,"22,273,152","165,551,309",7.45,7.51,7.27,7.43,-0.27,"6,005"
2867,2024-09-05,"15,303,280","114,198,529",7.50,7.58,7.39,7.44,+0.01,"3,665"
2867,2024-09-06,"9,945,173","74,469,948",7.43,7.54,7.40,7.52,+0.08,"2,463"
2867,2024-09-09,"8,813,635","65,309,377",7.39,7.46,7.37,7.43,-0.09,"2,832"
2867,2024-09-10,"11,186,356","82,800,672",7.46,7.49,7.35,7.39,-0.04,"2,710"
2867,2024-09-11,"36,912,542","265,882,643",7.26,7.29,7.13,7.24,-0.15,"8,631"
2867,2024-09-12,"13,931,487","100,915,971",7.27,7.30,7.21,7.24, 0.00,"4,050"
2867,2024-09-13,"13,038,851","95,498,332",7.25,7.37,7.23,7.31,+0.07,"3,128"
2867,2024-09-16,"19,860,008","149,082,927",7.32,7.67,7.31,7.65,+0.34,"5,177"
2867,2024-09-18,"30,027,970","233,400,304",7.66,7.92,7.60,7.71,+0.06,"6,546"
2867,2024-09-19,"24,311,012","190,616,687",7.71,7.90,7.70,7.88,+0.17,"5,495"
2867,2024-09-20,"27,518,282","215,060,068",7.97,7.97,7.70,7.89,+0.01,"7,007"
2867,2024-09-23,"16,902,812","131,165,502",7.88,7.88,7.70,7.74,-0.15,"4,122"
2867,2024-09-24,"13,121,292","100,680,832",7.74,7.75,7.61,7.66,-0.08,"3,007"
2867,2024-09-25,"15,147,435","115,973,301",7.70,7.75,7.59,7.62,-0.04,"4,117"
2867,2024-09-26,"9,706,707","74,126,744",7.64,7.70,7.59,7.59,-0.03,"2,619"
2867,2024-09-27,"11,980,822","91,121,892",7.60,7.65,7.57,7.59, 0.00,"2,879"
2867,2024-09-30,"9,723,560","73,519,718",7.60,7.62,7.52,7.57,-0.02,"2,511"
2880,2024-09-02,"11,349,437","287,484,275",25.50,25.50,25.20,25.45,-0.05,"6,303"
2880,2024-09-03,"6,521,780","165,325,901",25.35,25.40,25.25,25.40,-0.05,"3,421"
2880,2024-09-04,"25,311,698","627,938,860",24.80,24.95,24.65,24.85,-0.55,"12,343"
2880,2024-09-05,"14,850,593","374,171,157",24.85,25.40,24.85,25.30,+0.45,"4,224"
2880,2024-09-06,"7,874,510","199,093,045",25.10,25.50,24.90,25.50,+0.20,"3,669"
2880,2024-09-09,"14,611,698","365,836,448",24.85,25.25,24.85,25.25,-0.25,"5,263"
2880,2024-09-10,"7,862,223","198,992,610",25.25,25.40,25.15,25.40,+0.15,"3,019"
2880,2024-09-11,"6,178,603","156,622,029",25.30,25.45,25.25,25.30,-0.10,"2,572"
2880,2024-09-12,"14,033,279","358,038,487",25.60,25.60,25.25,25.60,+0.30,"3,639"
2880,2024-09-13,"4,643,963","118,510,789",25.40,25.55,25.40,25.55,-0.05,"2,161"
2880,2024-09-16,"3,948,705","100,720,594",25.60,25.60,25.45,25.50,-0.05,"2,205"
2880,2024-09-18,"10,221,217","260,385,717",25.55,25.65,25.25,25.45,-0.05,"3,980"
2880,2024-09-19,"13,131,705","337,576,380",25.45,25.85,25.40,25.80,+0.35,"3,859"
2880,2024-09-20,"13,821,480","356,665,996",25.80,25.90,25.70,25.80, 0.00,"3,741"
2880,2024-09-23,"7,045,653","182,717,342",25.90,26.00,25.85,26.00,+0.20,"2,773"
2880,2024-09-24,"6,329,156","164,231,993",25.95,26.00,25.85,26.00, 0.00,"3,106"
2880,2024-09-25,"10,771,266","280,111,308",26.15,26.15,25.90,26.00, 0.00,"4,612"
2880,2024-09-26,"12,880,888","335,187,188",26.10,26.15,25.90,26.00, 0.00,"4,382"
2880,2024-09-27,"10,876,651","282,652,348",26.20,26.25,25.80,25.80,-0.20,"4,024"
2880,2024-09-30,"11,822,295","305,116,337",25.95,26.10,25.70,25.70,-0.10,"4,304"
2882,2024-09-02,"31,916,994","2,060,560,922",63.80,65.20,63.70,64.70,+1.20,"14,571"
2882,2024-09-03,"16,497,485","1,053,600,794",64.80,64.80,63.50,63.70,-1.00,"15,960"
2882,2024-09-04,"36,678,349","2,256,095,048",61.00,62.20,60.60,61.60,-2.10,"16,351"
2882,2024-09-05,"31,284,906","1,959,936,893",62.00,63.60,61.70,62.40,+0.80,"11,288"
2882,2024-09-06,"24,960,690","1,574,451,678",62.20,63.70,61.80,63.50,+1.10,"10,325"
2882,2024-09-09,"30,046,060","1,862,809,495",62.00,62.60,61.30,62.50,-1.00,"20,392"
2882,2024-09-10,"18,809,590","1,177,826,872",62.50,63.40,62.00,62.60,+0.10,"10,896"
2882,2024-09-11,"18,824,720","1,179,101,838",62.30,62.90,62.30,62.50,-0.10,"7,690"
2882,2024-09-12,"20,046,125","1,260,960,413",63.20,63.30,62.50,62.90,+0.40,"6,798"
2882,2024-09-13,"15,509,463","978,437,018",63.10,63.70,62.50,63.20,+0.30,"7,344"
2882,2024-09-16,"9,282,691","584,288,369",63.30,63.40,62.70,63.10,-0.10,"6,929"
2882,2024-09-18,"13,028,934","822,703,850",63.00,63.40,62.80,63.20,+0.10,"6,787"
2882,2024-09-19,"34,592,090","2,227,543,667",63.40,64.80,63.30,64.80,+1.60,"15,098"
2882,2024-09-20,"40,639,674","2,633,106,343",65.00,65.40,64.50,64.70,-0.10,"11,128"
2882,2024-09-23,"21,701,952","1,411,755,974",64.90,65.40,64.50,65.40,+0.70,"9,844"
2882,2024-09-24,"43,614,305","2,880,977,309",65.50,66.50,65.30,66.30,+0.90,"16,435"
2882,2024-09-25,"32,687,745","2,185,391,226",67.00,67.10,66.40,67.10,+0.80,"14,902"
2882,2024-09-26,"45,671,365","3,112,815,508",67.60,68.60,67.40,68.30,+1.20,"17,234"
2882,2024-09-27,"38,019,887","2,584,000,386",69.00,69.00,66.90,67.50,-0.80,"21,975"
2882,2024-09-30,"30,098,333","2,012,183,324",67.40,67.70,66.50,66.50,-1.00,"15,417"
2883,2024-09-02,"41,619,210","675,720,438",16.15,16.35,16.15,16.25,+0.15,"7,868"
2883,2024-09-03,"37,644,216","609,212,033",16.25,16.30,16.05,16.15,-0.10,"6,559"
2883,2024-09-04,"94,470,613","1,480,498,244",15.75,15.80,15.35,15.80,-0.35,"15,756"
2883,2024-09-05,"104,065,281","1,688,284,353",15.85,16.45,15.85,16.20,+0.40,"14,417"
2883,2024-09-06,"39,550,409","636,943,173",16.20,16.20,15.90,16.20, 0.00,"6,819"
2883,2024-09-09,"51,781,283","821,528,853",15.80,16.05,15.70,16.05,-0.15,"9,372"
2883,2024-09-10,"32,908,365","527,646,124",16.15,16.20,15.90,15.95,-0.10,"6,537"
2883,2024-09-11,"58,538,799","922,936,559",15.90,15.95,15.70,15.75,-0.20,"10,102"
2883,2024-09-12,"51,754,231","826,416,176",15.95,16.10,15.80,16.00,+0.25,"6,091"
2883,2024-09-13,"29,730,121","474,225,533",16.00,16.10,15.85,15.85,-0.15,"4,820"
2883,2024-09-16,"20,123,831","321,015,969",15.90,16.00,15.85,16.00,+0.15,"3,767"
2883,2024-09-18,"48,956,831","789,692,480",16.00,16.20,15.95,16.15,+0.15,"9,018"
2883,2024-09-19,"117,589,045","1,939,159,368",16.15,16.65,16.10,16.60,+0.45,"21,053"
2883,2024-09-20,"64,633,393","1,068,072,232",16.70,16.80,16.45,16.45,-0.15,"9,618"
2883,2024-09-23,"28,347,116","469,333,057",16.50,16.65,16.50,16.55,+0.10,"5,980"
2883,2024-09-24,"27,762,633","457,911,505",16.50,16.60,16.40,16.50,-0.05,"5,064"
2883,2024-09-25,"64,726,865","1,062,692,432",16.60,16.65,16.30,16.45,-0.05,"10,983"
2883,2024-09-26,"47,637,072","787,403,880",16.55,16.60,16.45,16.55,+0.10,"7,955"
2883,2024-09-27,"48,392,531","795,774,123",16.60,16.60,16.35,16.40,-0.15,"7,604"
2883,2024-09-30,"41,706,009","687,881,590",16.40,16.60,16.40,16.50,+0.10,"7,332"
2884,2024-09-02,"11,875,546","333,907,258",28.20,28.25,28.00,28.10,-0.10,"7,637"
2884,2024-09-03,"18,717,607","521,178,671",28.10,28.10,27.65,27.65,-0.45,"7,875"
2884,2024-09-04,"34,770,652","945,219,479",27.35,27.40,26.90,27.25,-0.40,"13,717"
2884,2024-09-05,"15,340,773","420,431,549",27.25,27.70,27.15,27.30,+0.05,"6,709"
2884,2024-09-06,"10,988,922","299,974,879",27.20,27.50,27.00,27.50,+0.20,"5,560"
2884,2024-09-09,"25,674,478","704,276,491",26.85,27.90,26.85,27.90,+0.40,"9,262"
2884,2024-09-10,"20,815,533","580,654,531",27.90,28.00,27.60,27.95,+0.05,"8,980"
2884,2024-09-11,"10,196,406","282,713,068",27.95,27.95,27.60,27.60,-0.35,"7,098"
2884,2024-09-12,"14,360,743","398,231,174",28.00,28.00,27.45,27.70,+0.10,"6,092"
2884,2024-09-13,"6,644,867","184,313,381",27.65,27.80,27.65,27.80,+0.10,"4,163"
2884,2024-09-16,"7,145,187","198,157,575",27.80,27.80,27.65,27.70,-0.10,"5,324"
2884,2024-09-18,"10,767,477","299,117,160",27.65,27.85,27.60,27.85,+0.15,"5,913"
2884,2024-09-19,"14,464,491","403,411,212",27.75,28.00,27.70,27.85, 0.00,"6,573"
2884,2024-09-20,"29,449,390","827,777,067",27.90,28.20,27.90,28.20,+0.35,"9,401"
2884,2024-09-23,"16,376,579","463,819,105",28.20,28.40,28.10,28.40,+0.20,"7,666"
2884,2024-09-24,"16,875,344","480,205,198",28.40,28.50,28.30,28.50,+0.10,"7,057"
2884,2024-09-25,"22,143,136","634,079,285",28.65,28.75,28.35,28.50, 0.00,"14,004"
2884,2024-09-26,"15,440,249","442,328,594",28.70,28.75,28.50,28.65,+0.15,"7,769"
2884,2024-09-27,"18,171,128","516,074,509",28.85,28.85,28.15,28.30,-0.35,"6,987"
2884,2024-09-30,"20,106,607","566,543,418",28.40,28.45,28.05,28.05,-0.25,"8,225"
2885,2024-09-02,"7,719,976","245,554,481",31.85,32.00,31.70,31.75,-0.15,"3,402"
2885,2024-09-03,"13,249,856","414,923,282",31.60,31.75,31.15,31.20,-0.55,"6,382"
2885,2024-09-04,"31,707,833","958,752,711",29.70,30.65,29.65,30.35,-0.85,"13,217"
2885,2024-09-05,"12,873,262","394,016,422",30.50,30.85,30.40,30.50,+0.15,"5,384"
2885,2024-09-06,"9,768,346","299,389,386",30.40,30.95,30.20,30.75,+0.25,"3,789"
2885,2024-09-09,"46,849,468","1,389,254,549",29.65,30.05,29.35,29.70,-1.05,"20,671"
2885,2024-09-10,"20,627,088","618,837,702",30.00,30.25,29.75,29.95,+0.25,"5,321"
2885,2024-09-11,"13,389,511","398,529,917",29.95,30.10,29.60,29.60,-0.35,"7,346"
2885,2024-09-12,"19,257,629","572,990,442",29.85,29.95,29.45,29.85,+0.25,"6,800"
2885,2024-09-13,"11,862,329","358,488,883",29.85,30.45,29.80,30.25,+0.40,"5,052"
2885,2024-09-16,"7,586,693","231,522,017",30.30,30.65,30.25,30.50,+0.25,"4,270"
2885,2024-09-18,"13,401,964","408,582,154",30.60,30.70,30.30,30.40,-0.10,"7,046"
2885,2024-09-19,"11,187,063","343,809,820",30.50,30.90,30.30,30.90,+0.50,"5,410"
2885,2024-09-20,"21,677,270","673,473,011",30.95,31.25,30.90,31.00,+0.10,"5,397"
2885,2024-09-23,"13,603,834","426,423,584",30.90,31.50,30.90,31.40,+0.40,"4,959"
2885,2024-09-24,"15,879,501","499,071,870",31.20,31.55,31.20,31.50,+0.10,"5,354"
2885,2024-09-25,"21,212,801","673,794,621",31.85,31.85,31.50,31.80,+0.30,"7,551"
2885,2024-09-26,"15,892,924","503,397,982",32.00,32.00,31.50,31.50,-0.30,"5,665"
2885,2024-09-27,"12,387,813","393,043,124",31.95,31.95,31.60,31.75,+0.25,"4,261"
2885,2024-09-30,"17,817,635","566,326,567",32.00,32.00,31.70,31.70,-0.05,"4,904"
2888,2024-09-02,"139,632,501","1,806,435,912",12.95,13.00,12.90,12.95,+0.05,"14,464"
2888,2024-09-03,"251,181,178","3,255,490,510",13.00,13.05,12.95,12.95, 0.00,"20,591"
2888,2024-09-04,"350,075,373","4,496,021,446",12.90,12.90,12.70,12.80,-0.15,"21,298"
2888,2024-09-05,"382,979,921","4,990,404,859",12.95,13.20,12.90,12.95,+0.15,"29,263"
2888,2024-09-06,"218,775,006","2,822,321,725",12.95,12.95,12.85,12.95, 0.00,"13,158"
2888,2024-09-09,"245,147,060","3,170,923,753",12.85,13.10,12.75,13.10,+0.15,"20,702"
2888,2024-09-10,"121,701,347","1,582,315,328",13.05,13.10,12.95,13.00,-0.10,"12,763"
2888,2024-09-11,"501,139,284","6,714,415,280",13.35,13.55,13.25,13.50,+0.50,"49,212"
2888,2024-09-12,"418,379,623","5,571,722,334",13.45,13.45,13.15,13.30,-0.20,"25,570"
2888,2024-09-13,"148,761,808","1,986,968,857",13.35,13.45,13.30,13.40,+0.10,"13,281"
2888,2024-09-16,"98,238,337","1,309,799,673",13.40,13.40,13.25,13.35,-0.05,"10,034"
2888,2024-09-18,"712,882,284","8,873,067,674",12.70,12.75,12.20,12.30,-1.05,"83,807"
2888,2024-09-19,"290,648,027","3,665,455,130",12.50,12.75,12.45,12.70,+0.40,"20,863"
2888,2024-09-20,"412,235,410","5,079,288,973",12.30,12.50,12.15,12.25,-0.45,"28,862"
2888,2024-09-23,"391,860,511","4,659,391,978",12.25,12.25,11.70,11.85,-0.40,"38,590"
2888,2024-09-24,"206,450,212","2,470,335,065",11.90,12.05,11.85,11.95,+0.10,"17,753"
2888,2024-09-25,"178,700,082","2,136,869,161",12.05,12.05,11.90,12.00,+0.05,"15,572"
2888,2024-09-26,"166,156,248","1,996,035,718",12.05,12.10,11.95,12.00, 0.00,"14,187"
2888,2024-09-27,"100,302,790","1,203,176,265",12.05,12.05,11.95,12.00, 0.00,"9,152"
2888,2024-09-30,"135,348,323","1,625,359,625",12.00,12.05,11.95,12.05,+0.05,"9,015"
2890,2024-09-02,"6,424,487","153,831,748",24.05,24.20,23.85,23.85,-0.15,"3,015"
2890,2024-09-03,"7,372,424","175,343,315",23.80,23.95,23.70,23.70,-0.15,"4,487"
2890,2024-09-04,"23,804,486","549,218,272",22.80,23.35,22.75,23.00,-0.70,"12,376"
2890,2024-09-05,"14,752,129","345,484,034",23.25,23.65,23.20,23.35,+0.35,"5,278"
2890,2024-09-06,"7,976,163","187,289,502",23.20,23.65,23.15,23.50,+0.15,"3,028"
2890,2024-09-09,"15,127,016","349,889,986",22.80,23.45,22.80,23.30,-0.20,"5,919"
2890,2024-09-10,"11,321,086","267,449,817",23.40,23.75,23.35,23.60,+0.30,"5,395"
2890,2024-09-11,"12,748,613","302,349,673",23.60,24.00,23.50,23.50,-0.10,"4,789"
2890,2024-09-12,"11,660,387","275,997,021",23.80,23.90,23.35,23.70,+0.20,"3,904"
2890,2024-09-13,"11,053,077","259,915,074",23.55,23.80,23.35,23.35,-0.35,"4,771"
2890,2024-09-16,"7,237,004","169,817,935",23.35,23.60,23.30,23.45,+0.10,"3,808"
2890,2024-09-18,"9,537,578","224,118,803",23.50,23.80,23.50,23.65,+0.20,"4,485"
2890,2024-09-19,"8,153,510","194,001,679",23.60,23.95,23.50,23.85,+0.20,"2,977"
2890,2024-09-20,"32,728,331","792,022,574",23.90,24.25,23.90,24.25,+0.40,"5,342"
2890,2024-09-23,"18,177,906","443,004,018",24.25,24.45,24.20,24.40,+0.15,"4,312"
2890,2024-09-24,"29,080,366","700,613,164",24.30,24.45,23.90,24.20,-0.20,"7,912"
2890,2024-09-25,"31,775,900","762,053,026",24.40,24.40,23.80,24.00,-0.20,"8,812"
2890,2024-09-26,"20,819,057","504,254,756",24.20,24.30,24.00,24.25,+0.25,"4,726"
2890,2024-09-27,"17,160,287","413,013,729",24.35,24.35,23.95,24.00,-0.25,"7,869"
2890,2024-09-30,"23,487,825","570,665,812",24.25,24.55,24.05,24.25,+0.25,"6,484"
2891,2024-09-02,"118,505,848","3,915,667,501",32.80,33.30,32.75,33.10,+0.45,"28,087"
2891,2024-09-03,"86,140,235","2,844,919,002",33.20,33.25,32.90,32.95,-0.15,"20,308"
2891,2024-09-04,"173,963,608","5,574,965,556",32.30,32.50,31.80,32.05,-0.90,"57,242"
2891,2024-09-05,"76,291,351","2,466,187,281",32.15,32.65,32.00,32.30,+0.25,"21,156"
2891,2024-09-06,"67,576,655","2,208,443,843",32.50,33.05,32.25,32.90,+0.60,"21,382"
2891,2024-09-09,"96,546,694","3,134,601,229",32.35,32.70,32.20,32.70,-0.20,"27,938"
2891,2024-09-10,"79,753,531","2,605,940,127",32.75,32.95,32.50,32.70, 0.00,"16,794"
2891,2024-09-11,"84,192,983","2,722,268,456",32.60,32.65,32.20,32.30,-0.40,"27,463"
2891,2024-09-12,"106,528,618","3,420,621,886",32.50,32.50,31.90,32.15,-0.15,"34,366"
2891,2024-09-13,"77,616,864","2,514,294,097",32.15,32.60,32.15,32.55,+0.40,"14,544"
2891,2024-09-16,"62,376,838","2,027,848,648",32.70,32.70,32.30,32.70,+0.15,"15,805"
2891,2024-09-18,"208,527,980","7,055,783,399",33.80,34.25,33.40,33.60,+0.90,"52,610"
2891,2024-09-19,"85,742,053","2,870,334,256",33.50,33.65,33.30,33.50,-0.10,"26,501"
2891,2024-09-20,"259,368,274","8,835,555,406",33.90,34.45,33.80,34.00,+0.50,"35,878"
2891,2024-09-23,"182,001,849","6,395,008,216",34.75,35.50,34.40,35.35,+1.35,"50,675"
2891,2024-09-24,"116,413,546","4,069,556,868",35.20,35.25,34.70,35.00,-0.35,"35,163"
2891,2024-09-25,"96,100,612","3,346,282,292",34.85,35.00,34.60,34.95,-0.05,"24,627"
2891,2024-09-26,"85,481,583","2,994,250,460",35.10,35.20,34.90,35.00,+0.05,"16,701"
2891,2024-09-27,"94,244,771","3,269,114,675",35.00,35.05,34.50,34.60,-0.40,"26,240"
2891,2024-09-30,"69,208,596","2,390,176,807",34.55,34.85,34.40,34.40,-0.20,"15,651"
3013,2024-09-02,"6,490,039","744,781,762",115.00,117.00,113.00,113.00,-1.00,"4,554"
3013,2024-09-03,"8,593,958","991,020,752",113.00,118.00,113.00,114.00,+1.00,"6,277"
3013,2024-09-04,"12,838,564","1,404,096,084",105.00,113.50,105.00,107.50,-6.50,"8,157"
3013,2024-09-05,"12,131,809","1,328,473,848",110.00,113.00,106.50,107.00,-0.50,"8,162"
3013,2024-09-06,"9,037,133","972,152,077",110.50,110.50,105.00,105.00,-2.00,"5,804"
3013,2024-09-09,"18,038,016","1,884,602,465",99.80,109.00,99.00,108.50,+3.50,"10,204"
3013,2024-09-10,"21,719,634","2,343,058,817",110.50,112.50,103.00,106.50,-2.00,"13,189"
3013,2024-09-11,"9,902,725","1,029,060,760",108.00,108.00,102.00,102.50,-4.00,"6,393"
3013,2024-09-12,"18,662,613","2,052,547,754",106.50,112.50,105.50,112.50,+10.00,"11,242"
3013,2024-09-13,"22,054,074","2,426,432,044",113.00,113.50,107.50,109.00,-3.50,"15,053"
3013,2024-09-16,"6,988,208","763,221,047",111.00,111.00,107.00,110.00,+1.00,"4,877"
3013,2024-09-18,"7,038,616","772,707,809",111.00,112.00,107.50,107.50,-2.50,"4,679"
3013,2024-09-19,"27,673,214","3,154,579,418",109.50,117.00,109.00,115.50,+8.00,"16,842"
3013,2024-09-20,"27,446,571","3,211,228,810",116.00,120.50,113.00,118.50,+3.00,"19,070"
3013,2024-09-23,"48,790,295","6,172,711,383",118.50,130.00,118.00,130.00,+11.50,"28,800"
3013,2024-09-24,"69,380,971","9,096,733,824",132.50,135.50,127.00,129.00,-1.00,"38,387"
3013,2024-09-25,"44,755,749","6,189,239,804",133.50,141.50,132.00,141.50,+12.50,"25,472"
3013,2024-09-26,"45,732,192","6,502,888,229",144.50,145.00,140.00,141.50, 0.00,"24,826"
3013,2024-09-27,"41,794,304","5,892,687,195",145.00,145.00,136.50,137.00,-4.50,"23,864"
3013,2024-09-30,"28,048,703","3,835,661,859",138.50,140.50,133.00,135.00,-2.00,"17,112"
3017,2024-09-02,"10,026,720","5,889,265,555",602.00,611.00,568.00,574.00,-32.00,"15,311"
3017,2024-09-03,"9,081,000","5,268,011,596",575.00,597.00,570.00,570.00,-4.00,"10,501"
3017,2024-09-04,"12,058,015","6,305,856,353",516.00,542.00,513.00,515.00,-55.00,"21,934"
3017,2024-09-05,"13,236,060","6,896,421,410",518.00,538.00,507.00,525.00,+10.00,"15,013"
3017,2024-09-06,"10,304,152","5,331,763,775",527.00,534.00,510.00,511.00,-14.00,"13,051"
3017,2024-09-09,"13,760,038","7,243,733,490",496.00,549.00,495.50,545.00,+34.00,"14,351"
3017,2024-09-10,"17,357,772","9,175,892,128",548.00,555.00,505.00,512.00,-33.00,"21,783"
3017,2024-09-11,"8,034,908","4,192,220,545",521.00,530.00,512.00,521.00,+9.00,"7,887"
3017,2024-09-12,"12,572,548","6,961,200,558",557.00,563.00,541.00,555.00,+34.00,"14,222"
3017,2024-09-13,"6,904,913","3,815,635,909",560.00,562.00,546.00,554.00,-1.00,"8,996"
3017,2024-09-16,"4,386,299","2,397,673,921",555.00,558.00,542.00,544.00,-10.00,"5,685"
3017,2024-09-18,"6,491,391","3,523,010,122",553.00,554.00,529.00,537.00,-7.00,"7,286"
3017,2024-09-19,"8,786,554","4,887,663,243",546.00,563.00,545.00,561.00,+24.00,"9,939"
3017,2024-09-20,"10,272,136","5,792,465,186",576.00,579.00,556.00,558.00,-3.00,"10,311"
3017,2024-09-23,"8,864,935","5,075,883,463",568.00,584.00,564.00,569.00,+11.00,"9,563"
3017,2024-09-24,"5,971,306","3,380,079,320",565.00,571.00,559.00,571.00,+2.00,"9,347"
3017,2024-09-25,"9,940,104","5,795,525,705",578.00,597.00,572.00,581.00,+10.00,"10,977"
3017,2024-09-26,"23,594,666","14,455,699,713",589.00,633.00,585.00,617.00,+36.00,"25,742"
3017,2024-09-27,"15,090,320","9,362,269,556",623.00,630.00,611.00,624.00,+7.00,"15,449"
3017,2024-09-30,"11,149,278","6,722,629,146",619.00,623.00,590.00,590.00,-34.00,"16,044"
3231,2024-09-02,"18,676,875","1,900,105,806",102.50,103.50,100.00,100.00,-1.50,"9,187"
3231,2024-09-03,"29,420,179","2,928,230,445",100.00,101.00,98.50,99.10,-0.90,"17,222"
3231,2024-09-04,"36,590,388","3,467,039,010",94.50,96.60,92.60,94.00,-5.10,"28,949"
3231,2024-09-05,"15,039,239","1,428,090,641",95.00,95.90,93.70,94.00, 0.00,"11,493"
3231,2024-09-06,"20,965,949","2,036,303,085",94.40,98.50,94.00,98.00,+4.00,"14,948"
3231,2024-09-09,"21,633,888","2,073,179,082",95.90,96.80,94.70,96.80,-1.20,"16,354"
3231,2024-09-10,"14,654,068","1,399,812,178",97.40,97.80,94.00,94.30,-2.50,"11,248"
3231,2024-09-11,"8,277,213","786,899,921",95.00,95.70,94.50,94.50,+0.20,"5,549"
3231,2024-09-12,"27,864,574","2,755,618,199",96.80,99.90,96.80,99.30,+4.80,"18,602"
3231,2024-09-13,"20,438,830","2,050,752,118",100.00,101.50,99.10,101.00,+1.70,"15,724"
3231,2024-09-16,"19,126,087","1,955,359,352",102.00,103.00,101.00,103.00,+2.00,"11,387"
3231,2024-09-18,"18,508,719","1,897,496,111",102.50,103.50,101.00,101.50,-1.50,"11,806"
3231,2024-09-19,"10,461,459","1,069,706,217",102.50,103.00,101.50,102.50,+1.00,"6,452"
3231,2024-09-20,"30,215,927","3,072,490,317",103.50,104.00,101.00,101.00,-1.50,"9,039"
3231,2024-09-23,"8,921,369","904,206,240",101.50,102.00,101.00,101.50,+0.50,"4,837"
3231,2024-09-24,"13,348,910","1,359,886,246",101.50,102.50,100.50,102.50,+1.00,"7,143"
3231,2024-09-25,"31,751,525","3,315,935,954",103.50,105.00,103.00,104.50,+2.00,"18,877"
3231,2024-09-26,"19,671,428","2,042,935,128",105.50,106.00,103.00,103.50,-1.00,"15,699"
3231,2024-09-27,"16,785,325","1,753,461,143",104.50,105.50,103.50,104.00,+0.50,"8,592"
3231,2024-09-30,"11,898,003","1,215,345,129",103.50,103.50,101.00,101.00,-3.00,"12,198"
3450,2024-09-02,"48,705,898","8,633,745,894",176.00,183.50,169.00,178.50,+5.00,"34,877"
3450,2024-09-03,"26,449,840","4,693,070,939",179.50,181.50,173.50,174.00,-4.50,"17,399"
3450,2024-09-04,"9,554,085","1,530,129,785",157.00,165.00,157.00,158.00,-16.00,"7,338"
3450,2024-09-05,"4,285,774","678,003,466",161.50,162.00,155.00,155.00,-3.00,"3,841"
3450,2024-09-06,"1,974,752","310,851,508",156.00,159.00,155.00,157.00,+2.00,"1,917"
3450,2024-09-09,"4,412,155","723,716,649",155.00,169.00,155.00,168.00,+11.00,"4,162"
3450,2024-09-10,"3,558,571","592,031,244",169.50,171.50,160.00,164.00,-4.00,"3,201"
3450,2024-09-11,"1,418,601","235,027,310",166.50,168.50,164.00,164.00, 0.00,"1,391"
3450,2024-09-12,"3,232,467","553,978,438",170.00,174.50,168.00,173.00,+9.00,"3,250"
3450,2024-09-13,"3,297,325","581,422,466",175.50,179.50,172.00,179.50,+6.50,"3,057"
3450,2024-09-16,"2,212,286","395,249,501",181.00,181.00,176.00,178.00,-1.50,"2,136"
3450,2024-09-18,"2,385,980","424,607,472",178.00,180.50,174.00,174.00,-4.00,"2,300"
3450,2024-09-19,"4,904,505","897,240,912",176.50,186.50,176.50,186.50,+12.50,"4,618"
3450,2024-09-20,"3,043,878","561,767,567",189.50,189.50,182.00,183.50,-3.00,"3,076"
3450,2024-09-23,"37,809,185","7,316,630,559",188.00,201.50,184.00,184.00,+0.50,"35,054"
3450,2024-09-24,"27,420,795","5,163,328,790",188.00,194.50,183.00,188.50,+4.50,"17,708"
3450,2024-09-25,"22,932,060","4,340,889,898",192.50,195.00,183.00,189.00,+0.50,"16,362"
3450,2024-09-26,"23,966,409","4,691,467,136",191.00,201.00,188.00,198.00,+9.00,"18,228"
3450,2024-09-27,"25,066,982","4,843,047,620",200.00,202.00,182.50,182.50,-15.50,"18,803"
3450,2024-09-30,"15,830,860","2,933,357,477",182.50,189.50,180.50,185.50,+3.00,"11,423"
3706,2024-09-02,"1,616,531","72,512,776",45.20,45.20,44.65,44.70,-0.20,"1,418"
3706,2024-09-03,"5,539,488","250,417,031",44.95,45.70,44.70,44.75,+0.05,"3,493"
3706,2024-09-04,"7,540,286","319,000,154",43.00,43.00,41.50,41.85,-2.90,"5,827"
3706,2024-09-05,"2,815,294","119,441,643",42.35,42.95,41.90,42.15,+0.30,"1,925"
3706,2024-09-06,"1,778,232","75,481,518",42.30,42.75,41.80,42.65,+0.50,"1,250"
3706,2024-09-09,"3,564,612","149,572,478",41.00,42.80,41.00,42.75,+0.10,"1,961"
3706,2024-09-10,"6,124,111","266,463,217",43.80,44.25,42.75,43.10,+0.35,"4,066"
3706,2024-09-11,"3,738,769","163,703,534",43.50,44.40,43.35,43.45,+0.35,"2,538"
3706,2024-09-12,"8,488,220","380,631,744",44.60,45.30,44.30,45.15,+1.70,"4,864"
3706,2024-09-13,"13,246,233","607,166,871",45.85,46.30,45.40,45.90,+0.75,"8,414"
3706,2024-09-16,"4,938,615","226,827,993",46.00,46.20,45.65,46.10,+0.20,"3,111"
3706,2024-09-18,"7,360,364","336,656,356",46.65,46.65,45.10,45.10,-1.00,"6,475"
3706,2024-09-19,"3,176,854","144,834,691",45.15,45.80,45.15,45.75,+0.65,"2,062"
3706,2024-09-20,"4,750,576","217,590,586",46.00,46.35,45.40,45.40,-0.35,"2,558"
3706,2024-09-23,"2,770,703","126,006,948",45.95,45.95,45.25,45.30,-0.10,"2,018"
3706,2024-09-24,"3,367,070","152,653,351",45.70,45.70,44.90,45.45,+0.15,"2,570"
3706,2024-09-25,"6,016,461","277,029,022",46.00,46.25,45.70,45.90,+0.45,"4,123"
3706,2024-09-26,"4,430,677","203,617,171",46.10,46.40,45.45,45.45,-0.45,"3,413"
3706,2024-09-27,"3,118,205","143,098,686",45.95,46.10,45.70,45.90,+0.45,"2,020"
3706,2024-09-30,"2,797,830","126,935,439",45.65,45.80,45.00,45.00,-0.90,"2,410"
3711,2024-09-02,"8,500,099","1,303,115,745",155.50,156.50,152.00,153.00,-0.50,"5,267"
3711,2024-09-03,"7,064,674","1,073,915,165",152.50,153.50,151.00,151.50,-1.50,"4,491"
3711,2024-09-04,"20,267,352","2,914,348,942",142.50,146.00,140.50,143.50,-8.00,"12,511"
3711,2024-09-05,"7,399,656","1,070,420,362",145.00,146.00,143.50,143.50, 0.00,"4,883"
3711,2024-09-06,"7,403,372","1,059,583,291",144.00,145.00,141.50,141.50,-2.00,"3,967"
3711,2024-09-09,"12,456,487","1,762,859,624",138.00,143.00,137.50,142.00,+0.50,"5,759"
3711,2024-09-10,"9,582,301","1,383,151,716",143.00,146.00,142.50,144.50,+2.50,"5,416"
3711,2024-09-11,"11,482,771","1,629,663,264",143.50,144.00,141.00,142.00,-2.50,"5,684"
3711,2024-09-12,"15,082,196","2,228,213,084",146.00,149.50,146.00,147.50,+5.50,"7,890"
3711,2024-09-13,"9,239,184","1,358,870,926",147.50,148.00,146.00,147.00,-0.50,"5,496"
3711,2024-09-16,"21,579,299","3,323,846,319",153.00,156.00,151.50,154.00,+7.00,"13,019"
3711,2024-09-18,"32,408,356","4,913,922,812",152.50,155.50,149.00,152.50,-1.50,"15,884"
3711,2024-09-19,"26,227,934","3,945,850,238",150.50,152.50,148.00,152.00,-0.50,"11,145"
3711,2024-09-20,"35,560,956","5,487,106,093",156.00,157.00,152.50,154.50,+2.50,"11,131"
3711,2024-09-23,"17,546,019","2,731,973,932",155.00,157.00,153.00,157.00,+2.50,"7,493"
3711,2024-09-24,"19,958,563","3,099,783,991",155.00,157.00,152.00,157.00, 0.00,"7,399"
3711,2024-09-25,"24,871,084","3,918,611,565",158.00,159.00,156.00,158.50,+1.50,"11,933"
3711,2024-09-26,"25,492,960","4,092,820,439",158.00,162.50,158.00,162.50,+4.00,"14,707"
3711,2024-09-27,"26,717,769","4,280,778,448",163.00,163.50,159.00,159.00,-3.50,"13,118"
3711,2024-09-30,"18,567,667","2,841,712,091",155.00,156.50,151.00,151.00,-8.00,"13,241"
4967,2024-09-02,"1,888,032","235,036,996",124.50,126.50,123.00,123.00,-0.50,"1,733"
4967,2024-09-03,"1,864,894","230,136,093",123.00,126.00,121.50,121.50,-1.50,"1,723"
4967,2024-09-04,"3,404,096","390,350,163",115.50,117.00,112.50,113.00,-8.50,"3,152"
4967,2024-09-05,"2,530,636","283,641,000",114.00,115.00,109.00,110.00,-3.00,"2,301"
4967,2024-09-06,"1,648,008","181,692,101",111.00,112.00,109.00,110.00, 0.00,"1,404"
4967,2024-09-09,"2,396,589","255,674,797",105.00,110.00,104.00,110.00, 0.00,"1,949"
4967,2024-09-10,"3,978,882","419,062,373",110.00,111.50,102.00,104.50,-5.50,"3,407"
4967,2024-09-11,"1,928,517","198,837,376",105.50,105.50,102.00,102.50,-2.00,"1,448"
4967,2024-09-12,"1,473,333","154,468,765",105.00,105.50,103.50,105.50,+3.00,"1,199"
4967,2024-09-13,"1,238,479","128,680,006",106.00,106.00,103.00,103.50,-2.00,"1,272"
4967,2024-09-16,"1,340,244","139,508,772",104.00,105.00,103.00,104.00,+0.50,"1,156"
4967,2024-09-18,"1,269,739","132,183,020",105.00,105.50,102.50,102.50,-1.50,"1,182"
4967,2024-09-19,"2,070,709","212,109,382",102.50,103.50,101.00,103.00,+0.50,"1,727"
4967,2024-09-20,"2,731,014","285,503,251",105.00,106.00,103.50,104.50,+1.50,"2,226"
4967,2024-09-23,"3,262,631","350,160,125",105.00,109.00,104.50,108.00,+3.50,"2,353"
4967,2024-09-24,"2,572,977","280,893,052",109.00,111.00,107.50,109.50,+1.50,"2,018"
4967,2024-09-25,"1,734,450","189,876,184",110.00,111.00,108.50,108.50,-1.00,"1,597"
4967,2024-09-26,"10,756,113","1,249,626,795",115.00,119.00,113.50,113.50,+5.00,"6,719"
4967,2024-09-27,"3,888,388","439,829,175",115.00,116.50,110.00,110.50,-3.00,"4,148"
4967,2024-09-30,"1,419,033","153,356,612",110.00,110.00,107.00,107.00,-3.50,"2,043"
5608,2024-09-02,"816,912","14,768,427",18.30,18.30,18.00,18.00,-0.25,528
5608,2024-09-03,"681,106","12,249,788",18.05,18.20,17.85,17.90,-0.10,465
5608,2024-09-04,"1,939,895","33,346,871",17.60,17.60,16.65,17.15,-0.75,"1,211"
5608,2024-09-05,"1,060,609","18,441,182",17.35,17.60,17.20,17.20,+0.05,729
5608,2024-09-06,"706,322","12,175,922",17.20,17.45,17.10,17.20, 0.00,472
5608,2024-09-09,"1,747,473","29,745,360",16.90,17.25,16.80,17.10,-0.10,810
5608,2024-09-10,"1,188,133","20,087,743",17.15,17.35,16.70,16.80,-0.30,868
5608,2024-09-11,"685,759","11,678,788",17.00,17.15,16.85,17.05,+0.25,480
5608,2024-09-12,"560,122","9,611,067",17.20,17.30,17.10,17.10,+0.05,378
5608,2024-09-13,"650,818","11,187,726",17.10,17.30,17.05,17.15,+0.05,453
5608,2024-09-16,"640,270","11,067,095",17.30,17.35,17.20,17.35,+0.20,437
5608,2024-09-18,"800,826","13,951,660",17.45,17.55,17.30,17.30,-0.05,548
5608,2024-09-19,"661,348","11,496,719",17.40,17.50,17.25,17.40,+0.10,469
5608,2024-09-20,"985,192","17,180,941",17.60,17.75,17.30,17.30,-0.10,513
5608,2024-09-23,"803,198","14,044,248",17.40,17.55,17.35,17.50,+0.20,514
5608,2024-09-24,"4,192,633","75,505,067",17.50,18.30,17.50,18.20,+0.70,"2,344"
5608,2024-09-25,"3,326,067","60,606,694",18.20,18.40,18.00,18.25,+0.05,"1,699"
5608,2024-09-26,"2,986,576","54,580,586",18.30,18.60,18.00,18.00,-0.25,"1,346"
5608,2024-09-27,"13,446,710","256,838,420",18.40,19.60,18.35,19.35,+1.35,"6,125"
5608,2024-09-30,"8,797,270","170,250,630",19.80,19.80,18.95,19.00,-0.35,"4,092"
6770,2024-09-02,"10,730,730","228,909,714",21.70,21.70,21.15,21.15,-0.45,"5,005"
6770,2024-09-03,"12,671,659","265,739,282",21.20,21.40,20.70,20.70,-0.45,"6,117"
6770,2024-09-04,"25,292,205","498,116,457",19.75,20.05,19.10,19.80,-0.90,"11,467"
6770,2024-09-05,"21,891,981","452,279,821",20.60,21.10,20.30,20.35,+0.55,"7,722"
6770,2024-09-06,"15,459,472","315,137,038",20.65,20.95,20.20,20.30,-0.05,"6,100"
6770,2024-09-09,"13,967,633","276,173,410",19.60,20.10,19.55,20.00,-0.30,"5,944"
6770,2024-09-10,"9,759,196","193,679,051",20.10,20.15,19.60,19.65,-0.35,"4,618"
6770,2024-09-11,"9,332,992","187,266,277",19.80,20.20,19.80,20.00,+0.35,"3,679"
6770,2024-09-12,"9,305,166","190,385,750",20.70,20.70,20.30,20.35,+0.35,"4,119"
6770,2024-09-13,"5,095,779","104,034,658",20.35,20.55,20.30,20.50,+0.15,"2,692"
6770,2024-09-16,"7,348,546","151,991,775",20.60,20.80,20.55,20.80,+0.30,"3,879"
6770,2024-09-18,"8,155,648","168,785,561",20.95,20.95,20.45,20.50,-0.30,"4,824"
6770,2024-09-19,"7,917,782","162,612,692",20.45,20.75,20.30,20.60,+0.10,"3,944"
6770,2024-09-20,"11,042,283","229,579,075",20.85,21.05,20.70,20.70,+0.10,"3,706"
6770,2024-09-23,"6,727,302","140,060,405",20.90,20.95,20.70,20.80,+0.10,"2,973"
6770,2024-09-24,"5,557,674","115,259,057",20.85,20.85,20.60,20.85,+0.05,"2,992"
6770,2024-09-25,"16,338,994","349,181,320",21.05,21.60,21.00,21.35,+0.50,"7,328"
6770,2024-09-26,"8,345,635","178,131,085",21.55,21.65,21.10,21.15,-0.20,"4,460"
6770,2024-09-27,"29,409,144","646,435,602",21.70,22.20,21.65,22.00,+0.85,"10,151"
6770,2024-09-30,"12,624,305","271,519,970",21.80,21.80,21.30,21.60,-0.40,"6,124"
